學年度,學校,系名,科系類型,錄取平均,原始總分
101,台大,中國文學系,中文,79.91,479.45
101,台大,外國語文學系,外文,83.63,627.25
101,台大,歷史學系,歷史,82.62,495.7
101,台大,哲學系,哲學,81.32,406.6
101,台大,人類學系,,81.36,508.53
101,台大,圖書資訊學系,,82.2,534.3
101,台大,日本語文學系,日文,80.92,485.5
101,台大,戲劇學系(男),,78.94,473.65
101,台大,戲劇學系(女),,79.94,479.65
101,台大,數學系,數學,84.04,462.2
101,台大,物理學系,物理,86.62,433.1
101,台大,化學系,化學,84.12,420.6
101,台大,地質科學系,地質,81.76,408.8
101,台大,心理學系,心理,81.6,489.6
101,台大,地理環境資源學系A組,地理,81.24,406.2
101,台大,地理環境資源學系B組,地理,81.6,408.0
101,台大,大氣科學系,大氣科學,82.36,411.8
101,台大,政治學系政治理論組,政治,81.3,447.13
101,台大,政治學系國際關係組,政治,82.76,455.2
101,台大,政治學系公共行政組,政治,81.86,450.25
101,台大,經濟學系,經濟,87.39,436.95
101,台大,社會學系,社會學,81.71,531.1
101,台大,社會工作學系,社會工作,81.57,530.18
101,台大,醫學系,醫學,90.28,541.7
101,台大,牙醫學系,牙醫,88.53,531.2
101,台大,藥學系,藥學,85.08,595.55
101,台大,醫學檢驗暨生物技術學系,醫檢,83.53,501.2
101,台大,護理學系,護理,79.1,474.6
101,台大,物理治療學系,物理治療,82.92,497.5
101,台大,職能治療學系,職能治療,82.5,495.0
101,台大,土木工程學系,土木工程,83.64,418.2
101,台大,機械工程學系,機械工程,84.82,424.1
101,台大,化學工程學系,化學工程,85.38,426.9
101,台大,工程科學及海洋工程學系,,84.16,420.8
101,台大,材料科學與工程學系,材料,87.36,436.8
101,台大,農藝學系,,80.35,522.25
101,台大,生物環境系統工程學系,,82.28,411.4
101,台大,農業化學系,農業化學,81.72,490.3
101,台大,森林環境暨資源學系,,80.13,641.0
101,台大,動物科學技術學系,,80.55,483.3
101,台大,農業經濟學系,農業經濟,80.61,685.2
101,台大,園藝暨景觀學系,,79.77,558.4
101,台大,獸醫學系,獸醫,84.6,507.6
101,台大,生物產業傳播暨發展學系,,82.22,513.88
101,台大,生物產業機電工程學系,,83.88,461.35
101,台大,昆蟲學系,,78.9,473.4
101,台大,植物病理與微生物學系,生命科學,81.05,486.3
101,台大,工商管理學系企業管理組,企業管理,86.3,604.1
101,台大,工商管理學系企管組英文專班,企業管理,86.51,605.6
101,台大,工商管理學系科技管理組,企業管理,85.81,600.7
101,台大,會計學系,會計,84.18,547.2
101,台大,財務金融學系,財務金融,90.26,406.15
101,台大,國際企業學系,國際企業,86.76,607.3
101,台大,資訊管理學系,資訊管理,84.38,421.9
101,台大,公共衛生學系,公共衛生,82.12,492.7
101,台大,電機工程學系,電機工程,87.74,438.7
101,台大,資訊工程學系,資訊工程,86.12,430.6
101,台大,法律學系法學組,法律,84.93,509.6
101,台大,法律學系司法組,法律,84.62,507.7
101,台大,法律學系財經法學組,法律,86.1,516.6
101,台大,生命科學系,生命科學,82.83,497.0
101,台大,生化科技學系,,84.17,505.0
102,台大,中國文學系,中文,81.98,491.85
102,台大,外國語文學系,外文,84.92,636.93
102,台大,歷史學系,歷史,83.42,500.5
102,台大,哲學系,哲學,83.44,417.2
102,台大,人類學系,,82.6,516.28
102,台大,圖書資訊學系,,82.99,539.45
102,台大,日本語文學系,日文,82.69,496.15
102,台大,戲劇學系(男),,81.15,486.9
102,台大,戲劇學系(女),,81.92,491.5
102,台大,數學系,數學,81.41,447.75
102,台大,物理學系,物理,84.64,423.2
102,台大,化學系,化學,82.38,411.9
102,台大,地質科學系,地質,78.66,393.3
102,台大,心理學系,心理,80.17,481.0
102,台大,地理環境資源學系A組,地理,78.2,391.0
102,台大,地理環境資源學系B組,地理,83.58,417.9
102,台大,大氣科學系,大氣科學,79.52,397.6
102,台大,政治學系政治理論組,政治,83.08,456.95
102,台大,政治學系國際關係組,政治,84.33,463.8
102,台大,政治學系公共行政組,政治,83.64,460.0
102,台大,經濟學系,經濟,87.9,439.5
102,台大,社會學系,社會學,83.18,540.7
102,台大,社會工作學系,社會工作,82.72,537.65
102,台大,醫學系,醫學,90.78,544.7
102,台大,牙醫學系,牙醫,88.97,533.8
102,台大,藥學系,藥學,84.3,590.1
102,台大,醫學檢驗暨生物技術學系,醫檢,82.38,494.3
102,台大,護理學系,護理,77.67,466.0
102,台大,物理治療學系,物理治療,82.17,493.0
102,台大,職能治療學系,職能治療,81.47,488.8
102,台大,土木工程學系,土木工程,81.4,407.0
102,台大,機械工程學系,機械工程,82.76,413.8
102,台大,化學工程學系,化學工程,83.1,415.5
102,台大,工程科學及海洋工程學系,,82.06,410.3
102,台大,材料科學與工程學系,材料,85.52,427.6
102,台大,農藝學系,,78.97,513.3
102,台大,生物環境系統工程學系,,79.56,397.8
102,台大,農業化學系,農業化學,79.8,478.8
102,台大,森林環境暨資源學系,,78.56,628.5
102,台大,動物科學技術學系,,78.55,471.3
102,台大,農業經濟學系,農業經濟,78.59,668.0
102,台大,園藝暨景觀學系,,78.21,547.5
102,台大,獸醫學系,獸醫,83.63,501.8
102,台大,生物產業傳播暨發展學系,,83.14,540.4
102,台大,生物產業機電工程學系,,80.56,443.08
102,台大,昆蟲學系,,76.8,460.8
102,台大,植物病理與微生物學系,生命科學,78.87,473.2
102,台大,工商管理學系企業管理組,企業管理,87.43,612.0
102,台大,工商管理學系企業管理組英文專班,企業管理,87.53,612.7
102,台大,工商管理學系科技管理組,企業管理,83.71,586.0
102,台大,會計學系,會計,85.53,555.95
102,台大,財務金融學系,財務金融,91.02,409.6
102,台大,國際企業學系,國際企業,87.67,613.7
102,台大,資訊管理學系,資訊管理,82.26,411.3
102,台大,公共衛生學系,公共衛生,80.48,482.9
102,台大,電機工程學系,電機工程,86.08,430.4
102,台大,資訊工程學系,資訊工程,83.96,419.8
102,台大,法律學系法學組,法律,85.53,513.2
102,台大,法律學系司法組,法律,85.57,513.4
102,台大,法律學系財經法學組,法律,87.6,525.6
102,台大,生命科學系,生命科學,81.07,486.4
102,台大,生化科技學系,,83.33,500.0
103,台大,中國文學系,中文,82.23,493.4
103,台大,外國語文學系,外文,85.59,641.9
103,台大,歷史學系,歷史,83.83,503.0
103,台大,哲學系,哲學,84.6,423.0
103,台大,人類學系,,83.27,520.45
103,台大,圖書資訊學系,,83.69,544.0
103,台大,日本語文學系,日文,82.74,496.45
103,台大,戲劇學系(男),,81.27,487.6
103,台大,戲劇學系(女),,81.83,490.95
103,台大,數學系,數學,78.64,432.5
103,台大,物理學系,物理,82.52,412.6
103,台大,化學系,化學,80.82,404.1
103,台大,地質科學系,地質,77.04,385.2
103,台大,心理學系,心理,78.28,469.7
103,台大,地理環境資源學系A組,地理,76.62,383.1
103,台大,地理環境資源學系B組,地理,83.88,419.4
103,台大,大氣科學系,大氣科學,77.92,389.6
103,台大,政治學系政治理論組,政治,83.19,457.55
103,台大,政治學系國際關係組,政治,84.63,465.45
103,台大,政治學系公共行政組,政治,83.76,460.7
103,台大,經濟學系,經濟,88.45,442.25
103,台大,社會學系,社會學,83.35,541.75
103,台大,社會工作學系,社會工作,83.08,540.0
103,台大,醫學系,醫學,88.27,529.6
103,台大,牙醫學系,牙醫,86.72,520.3
103,台大,藥學系,藥學,82.4,494.4
103,台大,醫學檢驗暨生物技術學系,醫檢,80.28,481.7
103,台大,護理學系,護理,75.65,453.9
103,台大,物理治療學系,物理治療,79.87,479.2
103,台大,職能治療學系,職能治療,79.02,474.1
103,台大,土木工程學系,土木工程,79.42,397.1
103,台大,機械工程學系,機械工程,81.26,406.3
103,台大,化學工程學系,化學工程,81.16,405.8
103,台大,工程科學及海洋工程學系,,80.4,402.0
103,台大,材料科學與工程學系,材料,83.08,415.4
103,台大,農藝學系,,77.18,501.7
103,台大,生物環境系統工程學系,,78.1,390.5
103,台大,農業化學系,農業化學,78.03,468.2
103,台大,森林環境暨資源學系,,76.49,611.95
103,台大,動物科學技術學系,,76.05,456.3
103,台大,農業經濟學系,農業經濟,75.38,640.7
103,台大,園藝暨景觀學系,,76.46,535.2
103,台大,獸醫學系,獸醫,81.83,491.0
103,台大,生物產業傳播暨發展學系,,84.11,546.7
103,台大,生物產業機電工程學系,,78.9,394.5
103,台大,昆蟲學系,,74.42,446.5
103,台大,植物病理與微生物學系,生命科學,77.27,463.6
103,台大,工商管理學系企業管理組,企業管理,88.23,617.6
103,台大,工商管理學系科技管理組,企業管理,79.84,558.9
103,台大,會計學系,會計,86.29,560.88
103,台大,財務金融學系,財務金融,91.56,412.0
103,台大,國際企業學系,國際企業,89.31,625.2
103,台大,資訊管理學系,資訊管理,80.5,402.5
103,台大,公共衛生學系,公共衛生,78.1,468.6
103,台大,電機工程學系,電機工程,84.02,420.1
103,台大,資訊工程學系,資訊工程,82.44,412.2
103,台大,法律學系法學組,法律,87.28,436.4
103,台大,法律學系司法組,法律,87.92,439.6
103,台大,法律學系財經法學組,法律,88.86,444.3
103,台大,生命科學系,生命科學,78.5,471.0
103,台大,生化科技學系,,81.48,488.9
104,台大,中國文學系,中文,77.41,464.48
104,台大,外國語文學系,外文,80.03,500.2
104,台大,歷史學系,歷史,82.48,412.4
104,台大,哲學系,哲學,77.6,388.0
104,台大,人類學系,,81.61,428.45
104,台大,圖書資訊學系,,78.57,432.13
104,台大,日本語文學系,日文,77.68,466.1
104,台大,戲劇學系(男),,76.33,458.0
104,台大,戲劇學系(女),,77.3,463.8
104,台大,數學系,數學,77.84,428.1
104,台大,物理學系,物理,79.9,399.5
104,台大,化學系,化學,78.28,391.4
104,台大,地質科學系,地質,74.64,373.2
104,台大,心理學系,心理,75.14,375.7
104,台大,地理環境資源學系A組,地理,74.08,370.4
104,台大,地理環境資源學系B組,地理,79.26,396.3
104,台大,大氣科學系,大氣科學,75.54,377.7
104,台大,政治學系政治理論組,政治,78.43,431.38
104,台大,政治學系國際關係組,政治,80.11,440.6
104,台大,政治學系公共行政組,政治,78.79,433.35
104,台大,經濟學系,經濟,80.37,401.85
104,台大,社會學系,社會學,77.7,505.05
104,台大,社會工作學系,社會工作,77.68,427.25
104,台大,醫學系,醫學,90.14,450.7
104,台大,牙醫學系,牙醫,85.22,426.1
104,台大,藥學系,藥學,83.72,418.6
104,台大,醫學檢驗暨生物技術學系,醫檢,76.24,381.2
104,台大,護理學系,護理,72.94,364.7
104,台大,物理治療學系,物理治療,81.04,405.2
104,台大,職能治療學系,職能治療,76.56,363.65
104,台大,土木工程學系,土木工程,77.78,388.9
104,台大,機械工程學系,機械工程,79.88,399.4
104,台大,化學工程學系,化學工程,79.58,397.9
104,台大,工程科學及海洋工程學系,,78.18,390.9
104,台大,材料科學與工程學系,材料,81.84,409.2
104,台大,農藝學系,,74.36,409.0
104,台大,生物環境系統工程學系,,75.64,378.2
104,台大,農業化學系,農業化學,75.82,379.1
104,台大,森林環境暨資源學系,,75.69,529.85
104,台大,動物科學技術學系,,75.7,378.5
104,台大,農業經濟學系,農業經濟,72.58,471.75
104,台大,園藝暨景觀學系,,77.68,466.1
104,台大,獸醫學系,獸醫,79.12,395.6
104,台大,生物產業傳播暨發展學系,,78.22,508.45
104,台大,生物產業機電工程學系,,76.68,383.4
104,台大,昆蟲學系,,73.44,367.2
104,台大,植物病理與微生物學系,生命科學,73.46,367.3
104,台大,工商管理學系企業管理組,企業管理,81.87,573.1
104,台大,工商管理學系科技管理組,企業管理,76.53,535.7
104,台大,會計學系,會計,80.65,524.25
104,台大,財務金融學系,財務金融,83.82,377.2
104,台大,國際企業學系,國際企業,83.46,584.2
104,台大,資訊管理學系,資訊管理,79.14,395.7
104,台大,公共衛生學系,公共衛生,74.54,372.7
104,台大,電機工程學系,電機工程,83.28,416.4
104,台大,資訊工程學系,資訊工程,81.04,405.2
104,台大,法律學系法學組,法律,81.22,406.1
104,台大,法律學系司法組,法律,82.02,410.1
104,台大,法律學系財經法學組,法律,83.1,415.5
104,台大,生命科學系,生命科學,77.58,387.9
104,台大,生化科技學系,,81.54,407.7
105,台大,中國文學系,中文,78.34,470.03
105,台大,外國語文學系,外文,80.71,504.45
105,台大,歷史學系,歷史,78.56,392.8
105,台大,哲學系,哲學,79.66,398.3
105,台大,人類學系,,77.59,407.35
105,台大,圖書資訊學系,,79.88,439.35
105,台大,日本語文學系,日文,78.79,472.75
105,台大,戲劇學系(男),,77.38,464.3
105,台大,戲劇學系(女),,78.35,470.1
105,台大,數學系,數學,79.0,434.5
105,台大,物理學系,物理,81.62,408.1
105,台大,化學系,化學,81.0,405.0
105,台大,地質科學系,地質,76.06,380.3
105,台大,心理學系,心理,77.58,387.9
105,台大,地理環境資源學系A組,地理,75.58,377.9
105,台大,地理環境資源學系B組,地理,79.56,397.8
105,台大,大氣科學系,大氣科學,76.86,384.3
105,台大,政治學系政治理論組,政治,79.17,435.45
105,台大,政治學系國際關係組,政治,81.01,445.53
105,台大,政治學系公共行政組,政治,80.02,440.1
105,台大,經濟學系,經濟,85.79,428.95
105,台大,社會學系,社會學,80.65,524.25
105,台大,社會工作學系,社會工作,79.05,434.8
105,台大,醫學系,醫學,91.44,457.2
105,台大,醫學系(公費),醫學,86.72,433.6
105,台大,牙醫學系,牙醫,89.42,447.1
105,台大,藥學系,藥學,85.8,429.0
105,台大,醫學檢驗暨生物技術學系,醫檢,78.8,394.0
105,台大,護理學系,護理,74.98,374.9
105,台大,物理治療學系,物理治療,83.74,418.7
105,台大,職能治療學系,職能治療,79.17,376.05
105,台大,土木工程學系,土木工程,79.36,396.8
105,台大,機械工程學系,機械工程,81.26,406.3
105,台大,化學工程學系,化學工程,81.42,407.1
105,台大,工程科學及海洋工程學系,,80.08,400.4
105,台大,材料科學與工程學系,材料,82.88,414.4
105,台大,農藝學系,,76.19,419.03
105,台大,生物環境系統工程學系,,76.92,384.6
105,台大,農業化學系,農業化學,77.62,388.1
105,台大,森林環境暨資源學系,,77.44,542.1
105,台大,動物科學技術學系,,78.66,393.3
105,台大,農業經濟學系,農業經濟,75.28,489.3
105,台大,園藝暨景觀學系,,77.45,464.7
105,台大,獸醫學系,獸醫,80.66,403.3
105,台大,生物產業傳播暨發展學系,,80.47,523.05
105,台大,生物產業機電工程學系,,78.68,393.4
105,台大,昆蟲學系,,75.66,378.3
105,台大,植物病理與微生物學系,生命科學,75.72,378.6
105,台大,工商管理學系企業管理組,企業管理,84.07,588.5
105,台大,工商管理學系科技管理組,企業管理,79.69,557.8
105,台大,會計學系,會計,81.81,531.75
105,台大,財務金融學系,財務金融,88.47,398.1
105,台大,國際企業學系,國際企業,84.71,593.0
105,台大,資訊管理學系,資訊管理,80.3,401.5
105,台大,公共衛生學系,公共衛生,77.46,387.3
105,台大,電機工程學系,電機工程,83.9,419.5
105,台大,資訊工程學系,資訊工程,83.14,415.7
105,台大,法律學系法學組,法律,83.7,439.4
105,台大,法律學系司法組,法律,84.27,442.4
105,台大,法律學系財經法學組,法律,84.88,445.6
105,台大,生命科學系,生命科學,79.42,397.1
105,台大,生化科技學系,,83.22,416.1
106,台大,中國文學系,中文,80.87,485.23
106,台大,外國語文學系,外文,83.32,520.73
106,台大,歷史學系,歷史,82.06,410.3
106,台大,哲學系,哲學,82.3,411.5
106,台大,人類學系,,81.07,425.63
106,台大,圖書資訊學系,,82.04,451.23
106,台大,日本語文學系,日文,80.54,483.25
106,台大,戲劇學系(男),,78.71,472.25
106,台大,戲劇學系(女),,79.97,479.8
106,台大,數學系,數學,77.96,428.8
106,台大,物理學系,物理,81.14,405.7
106,台大,化學系,化學,78.74,393.7
106,台大,地質科學系,地質,74.54,372.7
106,台大,心理學系,心理,75.7,378.5
106,台大,地理環境資源學系A組,地理,74.26,371.3
106,台大,地理環境資源學系B組,地理,82.86,414.3
106,台大,大氣科學系,大氣科學,75.64,378.2
106,台大,政治學系政治理論組,政治,81.57,448.65
106,台大,政治學系國際關係組,政治,82.98,456.38
106,台大,政治學系公共行政組,政治,82.09,451.48
106,台大,經濟學系,經濟,86.45,432.25
106,台大,社會學系,社會學,82.75,537.85
106,台大,社會工作學系,社會工作,81.58,448.68
106,台大,醫學系,醫學,90.12,450.6
106,台大,醫學系(公費),醫學,87.02,435.12
106,台大,牙醫學系,牙醫,87.54,437.7
106,台大,藥學系,藥學,84.16,420.8
106,台大,醫學檢驗暨生物技術學系,醫檢,76.0,380.0
106,台大,護理學系,護理,73.72,368.6
106,台大,物理治療學系,物理治療,82.96,414.8
106,台大,職能治療學系,職能治療,78.04,370.68
106,台大,土木工程學系,土木工程,77.3,386.5
106,台大,機械工程學系,機械工程,79.62,398.1
106,台大,化學工程學系,化學工程,79.56,397.8
106,台大,工程科學及海洋工程學系,,78.58,392.9
106,台大,材料科學與工程學系,材料,81.12,405.6
106,台大,農藝學系,,74.1,407.53
106,台大,生物環境系統工程學系,,75.86,379.3
106,台大,農業化學系,農業化學,79.16,395.8
106,台大,森林環境暨資源學系,,77.49,542.4
106,台大,動物科學技術學系,,78.34,391.7
106,台大,農業經濟學系,農業經濟,74.45,409.45
106,台大,園藝暨景觀學系,,76.78,460.65
106,台大,獸醫學系,獸醫,78.66,393.3
106,台大,生物產業傳播暨發展學系,,82.6,536.9
106,台大,生物產業機電工程學系,,77.18,385.9
106,台大,昆蟲學系,,75.08,375.4
106,台大,植物病理與微生物學系,生命科學,73.62,368.1
106,台大,工商管理學系企業管理組,企業管理,86.61,606.3
106,台大,工商管理學系科技管理組,企業管理,76.94,538.6
106,台大,會計學系,會計,84.18,547.2
106,台大,財務金融學系,財務金融,89.4,402.3
106,台大,國際企業學系,國際企業,87.33,611.3
106,台大,資訊管理學系,資訊管理,79.56,397.8
106,台大,公共衛生學系,公共衛生,75.14,375.7
106,台大,電機工程學系,電機工程,82.76,413.8
106,台大,資訊工程學系,資訊工程,81.86,409.3
106,台大,法律學系法學組,法律,85.77,450.3
106,台大,法律學系司法組,法律,86.57,454.5
106,台大,法律學系財經法學組,法律,87.58,459.8
106,台大,生命科學系,生命科學,79.28,396.4
106,台大,生化科技學系,,81.78,408.9
107,台大,中國文學系,中文,81.16,486.95
107,台大,外國語文學系,外文,83.23,520.2
107,台大,歷史學系,歷史,81.86,409.3
107,台大,哲學系,哲學,80.11,400.55
107,台大,人類學系,,80.13,420.66
107,台大,圖書資訊學系,,80.27,441.49
107,台大,日本語文學系,日文,81.02,486.1
107,台大,戲劇學系(男),,79.32,475.93
107,台大,戲劇學系(女),,79.73,478.4
107,台大,數學系,數學,81.18,446.5
107,台大,物理學系,物理,84.53,422.65
107,台大,化學系,化學,82.06,410.3
107,台大,地質科學系,地質,76.8,384.0
107,台大,心理學系,心理,78.24,391.2
107,台大,地理環境資源學系A組,地理,76.6,383.0
107,台大,地理環境資源學系B組,地理,82.96,414.8
107,台大,大氣科學系,大氣科學,77.96,389.8
107,台大,政治學系政治理論組,政治,81.78,449.81
107,台大,政治學系國際關係組,政治,83.44,458.91
107,台大,政治學系公共行政組,政治,82.47,453.59
107,台大,經濟學系,經濟,88.71,399.18
107,台大,社會學系,社會學,81.73,408.67
107,台大,社會工作學系,社會工作,80.04,440.23
107,台大,醫學系(自費),醫學,90.66,453.3
107,台大,醫學系(公費),醫學,87.89,439.45
107,台大,牙醫學系,牙醫,88.67,443.35
107,台大,藥學系,藥學,84.32,421.6
107,台大,醫學檢驗暨生物技術學系,醫檢,78.97,394.85
107,台大,護理學系,護理,75.96,379.8
107,台大,物理治療學系,物理治療,82.9,414.5
107,台大,職能治療學系,職能治療,81.41,386.68
107,台大,土木工程學系,土木工程,80.39,401.95
107,台大,機械工程學系,機械工程,82.84,414.2
107,台大,化學工程學系,化學工程,82.9,414.5
107,台大,工程科學及海洋工程學系A組(船舶海洋應力計算領域),,80.65,403.25
107,台大,工程科學及海洋工程學系B組(光機電資訊領域),,82.3,411.5
107,台大,材料科學與工程學系,材料,84.86,424.3
107,台大,醫學工程學系,生醫工程,82.81,414.05
107,台大,農藝學系,,75.56,415.58
107,台大,生物環境系統工程學系,,77.85,389.25
107,台大,農業化學系,農業化學,77.82,389.1
107,台大,森林環境暨資源學系,,74.74,523.15
107,台大,動物科學技術學系,,75.81,379.05
107,台大,農業經濟學系,農業經濟,79.53,437.4
107,台大,園藝暨景觀學系,,74.32,445.9
107,台大,獸醫學系,獸醫,81.41,407.05
107,台大,生物產業傳播暨發展學系,,82.4,535.58
107,台大,生物產業機電工程學系,,79.84,399.2
107,台大,昆蟲學系,,73.35,366.75
107,台大,植物病理與微生物學系,生命科學,75.55,377.75
107,台大,工商管理學系企業管理組,企業管理,86.93,608.5
107,台大,工商管理學系科技管理組,企業管理,80.64,564.5
107,台大,會計學系,會計,84.91,551.9
107,台大,財務金融學系,財務金融,90.78,408.5
107,台大,國際企業學系,國際企業,87.54,612.8
107,台大,資訊管理學系,資訊管理,83.83,419.14
107,台大,公共衛生學系,公共衛生,77.49,387.45
107,台大,電機工程學系,電機工程,86.52,432.6
107,台大,資訊工程學系,資訊工程,85.92,429.6
107,台大,法律學系法學組,法律,84.81,445.25
107,台大,法律學系司法組,法律,85.56,449.2
107,台大,法律學系財經法學組,法律,86.67,455.0
107,台大,生命科學系,生命科學,78.76,393.8
107,台大,生化科技學系,,80.07,400.35
108,台大,中國文學系,中文,82.14,492.81
108,台大,外國語文學系,外文,83.86,524.1
108,台大,歷史學系,歷史,84.89,424.45
108,台大,哲學系,哲學,82.3,411.5
108,台大,人類學系,,83.65,460.05
108,台大,圖書資訊學系,,83.1,457.05
108,台大,日本語文學系,日文,82.63,495.8
108,台大,戲劇學系(男),,81.04,486.25
108,台大,戲劇學系(女),,81.7,490.2
108,台大,數學系,數學,80.47,362.1
108,台大,物理學系,物理,82.9,414.5
108,台大,化學系,化學,81.1,405.5
108,台大,地質科學系,地質,77.72,388.6
108,台大,心理學系,心理,80.49,402.45
108,台大,地理環境資源學系A組,地理,76.85,384.25
108,台大,地理環境資源學系B組,地理,84.29,421.45
108,台大,大氣科學系,大氣科學,78.16,390.8
108,台大,政治學系政治理論組,政治,83.23,457.75
108,台大,政治學系國際關係組,政治,84.86,466.74
108,台大,政治學系公共行政組,政治,83.75,460.61
108,台大,經濟學系,經濟,90.84,408.78
108,台大,社會學系,社會學,84.41,422.05
108,台大,社會工作學系,社會工作,82.51,453.83
108,台大,醫學系(自費),醫學,89.62,448.1
108,台大,醫學系(公費),醫學,86.12,430.6
108,台大,牙醫學系,牙醫,87.14,435.7
108,台大,藥學系,藥學,84.03,462.15
108,台大,醫學檢驗暨生物技術學系,醫檢,81.57,407.85
108,台大,護理學系,護理,78.99,394.95
108,台大,物理治療學系,物理治療,82.37,411.85
108,台大,職能治療學系,職能治療,83.0,394.23
108,台大,土木工程學系,土木工程,78.92,394.6
108,台大,機械工程學系,機械工程,81.32,406.6
108,台大,化學工程學系,化學工程,81.59,407.95
108,台大,工程科學及海洋工程學系,,80.02,400.1
108,台大,材料科學與工程學系,材料,84.17,420.85
108,台大,醫學工程學系,生醫工程,81.21,406.05
108,台大,農藝學系,,78.51,431.83
108,台大,生物環境系統工程學系,,77.84,389.2
108,台大,農業化學系,農業化學,78.05,390.25
108,台大,森林環境暨資源學系,,75.73,530.1
108,台大,動物科學技術學系,,76.88,384.4
108,台大,農業經濟學系,農業經濟,79.38,436.6
108,台大,園藝暨景觀學系,,79.21,475.25
108,台大,獸醫學系,獸醫,83.15,415.75
108,台大,生物產業傳播暨發展學系,,83.61,543.48
108,台大,生物機電工程學系,,79.08,395.4
108,台大,昆蟲學系,,74.64,373.2
108,台大,植物病理與微生物學系,生命科學,78.35,391.75
108,台大,工商管理學系企業管理組,企業管理,87.33,611.3
108,台大,工商管理學系科技管理組,企業管理,80.81,565.7
108,台大,會計學系,會計,85.86,558.1
108,台大,財務金融學系,財務金融,92.14,414.65
108,台大,國際企業學系,國際企業,87.99,615.9
108,台大,資訊管理學系,資訊管理,82.85,414.25
108,台大,公共衛生學系,公共衛生,79.63,278.69
108,台大,電機工程學系,電機工程,84.99,424.95
108,台大,資訊工程學系,資訊工程,84.68,423.4
108,台大,法律學系法學組,法律,86.85,455.95
108,台大,法律學系司法組,法律,87.49,459.32
108,台大,法律學系財經法學組,法律,88.6,465.15
108,台大,生命科學系,生命科學,79.07,395.35
108,台大,生化科技學系,,80.7,403.5
109,台大,中國文學系,中文,78.66,471.93
109,台大,外國語文學系,外文,81.39,508.7
109,台大,歷史學系,歷史,82.22,411.1
109,台大,哲學系,哲學,79.04,395.2
109,台大,人類學系,,81.6,448.78
109,台大,圖書資訊學系,,79.3,436.13
109,台大,日本語文學系,日文,79.94,479.63
109,台大,戲劇學系(男),,77.71,466.23
109,台大,戲劇學系(女),,77.94,467.65
109,台大,數學系,數學,79.2,356.4
109,台大,物理學系,物理,80.64,403.2
109,台大,化學系,化學,78.74,393.7
109,台大,地質科學系,地質,74.35,371.75
109,台大,心理學系,心理,76.67,383.35
109,台大,地理環境資源學系A組,地理,73.9,369.5
109,台大,地理環境資源學系B組,地理,79.68,398.4
109,台大,大氣科學系,大氣科學,75.63,378.15
109,台大,政治學系政治理論組,政治,79.81,438.98
109,台大,政治學系國際關係組,政治,81.76,449.68
109,台大,政治學系公共行政組,政治,80.35,441.9
109,台大,經濟學系,經濟,88.62,398.78
109,台大,社會學系,社會學,80.86,404.3
109,台大,社會工作學系,社會工作,78.8,433.4
109,台大,醫學系(自費),醫學,88.45,442.25
109,台大,醫學系(公費),醫學,86.29,431.45
109,台大,牙醫學系,牙醫,86.26,431.3
109,台大,藥學系,藥學,83.51,459.3
109,台大,醫學檢驗暨生物技術學系,醫檢,77.49,387.45
109,台大,護理學系,護理,74.01,370.05
109,台大,物理治療學系,物理治療,81.85,409.25
109,台大,職能治療學系,職能治療,77.93,370.18
109,台大,土木工程學系,土木工程,76.13,380.65
109,台大,機械工程學系,機械工程,78.77,393.85
109,台大,化學工程學系,化學工程,79.59,397.95
109,台大,工程科學及海洋工程學系,,77.58,387.9
109,台大,材料科學與工程學系,材料,82.7,413.5
109,台大,醫學工程學系,生醫工程,79.45,397.25
109,台大,農藝學系,,74.05,407.25
109,台大,生物環境系統工程學系,,74.76,373.8
109,台大,農業化學系,農業化學,77.98,467.9
109,台大,森林環境暨資源學系,,72.24,505.65
109,台大,動物科學技術學系,,74.82,374.1
109,台大,農業經濟學系,農業經濟,74.04,407.2
109,台大,園藝暨景觀學系,,76.24,457.45
109,台大,獸醫學系,獸醫,79.63,398.15
109,台大,生物產業傳播暨發展學系,,79.88,519.23
109,台大,生物機電工程學系,,76.79,383.95
109,台大,昆蟲學系,,71.14,355.7
109,台大,植物病理與微生物學系,生命科學,74.25,371.25
109,台大,工商管理學系企業管理組,企業管理,84.89,594.2
109,台大,工商管理學系科技管理組,企業管理,76.89,538.2
109,台大,會計學系,會計,83.7,544.05
109,台大,財務金融學系,財務金融,90.55,407.48
109,台大,國際企業學系,國際企業,85.79,600.5
109,台大,資訊管理學系,資訊管理,81.22,406.1
109,台大,公共衛生學系,公共衛生,80.55,281.91
109,台大,電機工程學系,電機工程,84.26,421.3
109,台大,資訊工程學系,資訊工程,83.74,418.7
109,台大,法律學系法學組,法律,83.67,439.25
109,台大,法律學系司法組,法律,84.48,443.5
109,台大,法律學系財經法學組,法律,85.89,450.9
109,台大,生命科學系,生命科學,77.91,389.55
109,台大,生化科技學系,,79.75,398.75
110,台大,中國文學系,中文,82.41,494.48
110,台大,外國語文學系,外文,85.01,531.3
110,台大,歷史學系,歷史,83.14,415.7
110,台大,哲學系,哲學,81.11,405.55
110,台大,人類學系,,83.2,457.58
110,台大,圖書資訊學系,,81.57,448.63
110,台大,日本語文學系,日文,83.45,500.7
110,台大,戲劇學系(男),,80.24,481.45
110,台大,戲劇學系(女),,81.73,490.38
110,台大,數學系,數學,76.8,345.6
110,台大,物理學系,物理,76.99,384.95
110,台大,化學系,化學,75.66,378.32
110,台大,地質科學系,地質,70.15,350.75
110,台大,心理學系,心理,77.57,387.85
110,台大,地理環境資源學系A組,地理,68.58,342.9
110,台大,地理環境資源學系B組,地理,83.31,416.55
110,台大,大氣科學系,大氣科學,71.79,358.95
110,台大,政治學系政治理論組,政治,83.75,460.61
110,台大,政治學系國際關係組,政治,85.68,471.25
110,台大,政治學系公共行政組,政治,84.43,464.34
110,台大,經濟學系,經濟,89.7,403.63
110,台大,社會學系,社會學,82.94,414.72
110,台大,社會工作學系,社會工作,81.03,445.69
110,台大,醫學系(自費),醫學,89.92,449.6
110,台大,醫學系(公費),醫學,85.18,425.9
110,台大,牙醫學系,牙醫,87.98,439.9
110,台大,藥學系,藥學,82.1,451.55
110,台大,醫學檢驗暨生物技術學系,醫檢,78.59,392.95
110,台大,護理學系,護理,73.64,368.2
110,台大,物理治療學系,物理治療,79.91,399.55
110,台大,職能治療學系,職能治療,80.46,382.18
110,台大,土木工程學系,土木工程,72.37,361.85
110,台大,機械工程學系,機械工程,74.28,371.4
110,台大,化學工程學系,化學工程,75.78,378.9
110,台大,工程科學及海洋工程學系,,74.51,372.55
110,台大,材料科學與工程學系,材料,79.43,397.15
110,台大,醫學工程學系,生醫工程,76.18,380.9
110,台大,農藝學系,,73.8,405.9
110,台大,生物環境系統工程學系,,70.56,352.8
110,台大,農業化學系,農業化學,76.63,459.75
110,台大,森林環境暨資源學系,,69.08,483.55
110,台大,動物科學技術學系,,72.6,363.0
110,台大,農業經濟學系,農業經濟,75.93,417.6
110,台大,園藝暨景觀學系,,72.86,437.15
110,台大,獸醫學系,獸醫,80.99,404.95
110,台大,生物產業傳播暨發展學系,,83.2,540.78
110,台大,生物機電工程學系,,73.47,367.35
110,台大,昆蟲學系,,67.36,336.8
110,台大,植物病理與微生物學系,生命科學,75.0,375.0
110,台大,工商管理學系企業管理組,企業管理,88.86,622.0
110,台大,工商管理學系科技管理組,企業管理,76.66,536.6
110,台大,會計學系,會計,87.46,568.5
110,台大,財務金融學系,財務金融,91.51,411.78
110,台大,國際企業學系,國際企業,89.51,626.6
110,台大,資訊管理學系,資訊管理,78.98,394.9
110,台大,公共衛生學系A組,公共衛生,78.58,275.03
110,台大,公共衛生學系B組,公共衛生,83.91,377.58
110,台大,電機工程學系,電機工程,83.12,415.6
110,台大,資訊工程學系,資訊工程,81.84,409.2
110,台大,法律學系法學組,法律,86.01,451.55
110,台大,法律學系司法組,法律,86.99,456.7
110,台大,法律學系財經法學組,法律,88.77,466.05
110,台大,生命科學系,生命科學,76.07,380.35
110,台大,生化科技學系,,78.64,393.2
111,台大,中國文學系,中文,49.96,299.75
111,台大,外國語文學系,外文,53.05,278.5
111,台大,歷史學系,歷史,51.6,258.0
111,台大,哲學系,哲學,49.75,199.0
111,台大,人類學系,,51.91,285.5
111,台大,圖書資訊學系,,52.28,235.25
111,台大,日本語文學系,日文,51.92,311.5
111,台大,戲劇學系(男),,48.0,288.0
111,台大,戲劇學系(女),,49.33,296.0
111,台大,數學系,數學,39.25,235.5
111,台大,物理學系,物理,47.0,235.0
111,台大,化學系,化學,47.4,237.0
111,台大,地質科學系,地質,41.6,208.0
111,台大,心理學系,心理,47.8,239.0
111,台大,地理環境資源學系A組,地理,39.33,118.0
111,台大,地理環境資源學系B組,地理,56.62,184.0
111,台大,大氣科學系,大氣科學,43.2,216.0
111,台大,政治學系政治理論組,政治,53.23,292.75
111,台大,政治學系國際關係組,政治,54.86,301.75
111,台大,政治學系公共行政組,政治,53.41,293.75
111,台大,經濟學系A組,經濟,47.56,214.0
111,台大,經濟學系B組,經濟,48.0,216.0
111,台大,社會學系,社會學,52.2,261.0
111,台大,社會工作學系,社會工作,49.64,273.0
111,台大,醫學系(自費),醫學,56.0,280.0
111,台大,醫學系(公費),醫學,51.2,256.0
111,台大,牙醫學系,牙醫,54.6,273.0
111,台大,藥學系,藥學,50.77,330.0
111,台大,醫學檢驗暨生物技術學系,醫檢,48.2,241.0
111,台大,護理學系,護理,44.8,224.0
111,台大,物理治療學系,物理治療,48.4,242.0
111,台大,職能治療學系,職能治療,49.79,236.5
111,台大,土木工程學系,土木工程,43.8,219.0
111,台大,機械工程學系,機械工程,47.0,235.0
111,台大,化學工程學系,化學工程,46.0,264.5
111,台大,工程科學及海洋工程學系,,46.33,278.0
111,台大,材料科學與工程學系,材料,50.2,251.0
111,台大,醫學工程學系,生醫工程,46.4,232.0
111,台大,農藝學系,,41.95,230.75
111,台大,生物環境系統工程學系,,43.75,175.0
111,台大,農業化學系,農業化學,44.33,266.0
111,台大,森林環境暨資源學系,,32.5,195.0
111,台大,動物科學技術學系,,41.0,205.0
111,台大,農業經濟學系,農業經濟,42.5,255.0
111,台大,園藝暨景觀學系,,43.55,239.5
111,台大,獸醫學系,獸醫,50.6,253.0
111,台大,生物產業傳播暨發展學系,,51.85,337.0
111,台大,生物機電工程學系,,45.2,226.0
111,台大,昆蟲學系,,37.4,187.0
111,台大,植物病理與微生物學系,生命科學,44.0,220.0
111,台大,工商管理學系企業管理組A組,企業管理,46.6,233.0
111,台大,工商管理學系企業管理組B組,企業管理,51.2,256.0
111,台大,工商管理學系科技管理組,企業管理,44.2,221.0
111,台大,會計學系A組,會計,50.13,200.5
111,台大,會計學系B組,會計,49.38,296.25
111,台大,財務金融學系A組,財務金融,50.33,226.5
111,台大,財務金融學系B組,財務金融,56.56,254.5
111,台大,國際企業學系A組,國際企業,51.25,205.0
111,台大,國際企業學系B組,國際企業,51.83,311.0
111,台大,資訊管理學系,資訊管理,48.14,168.5
111,台大,公共衛生學系A組,公共衛生,44.64,245.5
111,台大,公共衛生學系B組,公共衛生,52.11,234.5
111,台大,電機工程學系,電機工程,54.25,217.0
111,台大,資訊工程學系,資訊工程,52.09,286.5
111,台大,法律學系法學組,法律,54.38,285.5
111,台大,法律學系司法組,法律,54.9,288.25
111,台大,法律學系財經法學組,法律,55.62,292.0
111,台大,生命科學系,生命科學,43.2,216.0
111,台大,生化科技學系,,45.8,229.0
111,台大,國際體育運動事務學士學位學程,,52.05,273.25
112,台大,中國文學系,中文,50.42,302.5
112,台大,外國語文學系,外文,53.67,281.75
112,台大,歷史學系,歷史,52.0,260.0
112,台大,哲學系,哲學,51.0,204.0
112,台大,人類學系,,51.45,283.0
112,台大,圖書資訊學系,,52.67,237.0
112,台大,日本語文學系,日文,52.17,313.0
112,台大,戲劇學系(男),,48.83,293.0
112,台大,戲劇學系(女),,50.33,302.0
112,台大,數學系,數學,48.58,291.5
112,台大,物理學系,物理,50.2,251.0
112,台大,化學系,化學,49.0,245.0
112,台大,地質科學系,地質,43.6,218.0
112,台大,心理學系,心理,48.0,240.0
112,台大,地理環境資源學系A組,地理,42.67,128.0
112,台大,地理環境資源學系B組,地理,54.08,175.75
112,台大,大氣科學系,大氣科學,45.43,261.25
112,台大,政治學系政治理論組,政治,53.86,296.25
112,台大,政治學系國際關係組,政治,55.77,306.75
112,台大,政治學系公共行政組,政治,53.95,296.75
112,台大,經濟學系A組,經濟,48.89,220.0
112,台大,經濟學系B組,經濟,51.78,233.0
112,台大,社會學系,社會學,51.4,257.0
112,台大,社會工作學系,社會工作,49.73,273.5
112,台大,醫學系(自費),醫學,56.6,283.0
112,台大,醫學系(公費),醫學,51.6,258.0
112,台大,牙醫學系,牙醫,55.0,275.0
112,台大,藥學系,藥學,51.43,360.0
112,台大,醫學檢驗暨生物技術學系,醫檢,48.6,243.0
112,台大,護理學系,護理,46.2,231.0
112,台大,物理治療學系,物理治療,48.6,243.0
112,台大,職能治療學系,職能治療,50.84,241.5
112,台大,土木工程學系,土木工程,46.2,231.0
112,台大,機械工程學系,機械工程,49.4,247.0
112,台大,化學工程學系,化學工程,49.05,233.0
112,台大,工程科學及海洋工程學系,,48.67,292.0
112,台大,材料科學與工程學系,材料,51.8,259.0
112,台大,醫學工程學系,生醫工程,49.0,245.0
112,台大,農藝學系,,44.5,244.75
112,台大,生物環境系統工程學系,,45.0,225.0
112,台大,農業化學系,農業化學,46.58,279.5
112,台大,森林環境暨資源學系,,41.58,249.5
112,台大,動物科學技術學系,,43.6,218.0
112,台大,農業經濟學系,農業經濟,44.33,266.0
112,台大,園藝暨景觀學系,,46.36,255.0
112,台大,獸醫學系,獸醫,50.4,252.0
112,台大,生物產業傳播暨發展學系,,48.23,313.5
112,台大,生物機電工程學系,,47.8,239.0
112,台大,昆蟲學系,,40.6,203.0
112,台大,植物病理與微生物學系,生命科學,45.8,229.0
112,台大,工商管理學系企業管理組A組,企業管理,48.8,244.0
112,台大,工商管理學系企業管理組B組,企業管理,52.8,264.0
112,台大,工商管理學系科技管理組,企業管理,47.4,237.0
112,台大,會計學系A組,會計,51.25,205.0
112,台大,會計學系B組,會計,51.38,308.25
112,台大,財務金融學系A組,財務金融,52.44,236.0
112,台大,財務金融學系B組,財務金融,56.78,255.5
112,台大,國際企業學系A組,國際企業,53.0,212.0
112,台大,國際企業學系B組,國際企業,53.33,320.0
112,台大,資訊管理學系,資訊管理,50.89,229.0
112,台大,公共衛生學系A組,公共衛生,46.5,255.75
112,台大,公共衛生學系B組,公共衛生,51.58,245.0
112,台大,電機工程學系,電機工程,56.25,225.0
112,台大,資訊工程學系,資訊工程,55.41,235.5
112,台大,法律學系法學組,法律,54.38,285.5
112,台大,法律學系司法組,法律,55.19,289.75
112,台大,法律學系財經法學組,法律,56.19,295.0
112,台大,生命科學系,生命科學,47.8,239.0
112,台大,生化科技學系,,47.2,236.0
112,台大,國際體育運動事務學士學位學程,,51.29,269.25
113,台大,中國文學系,中文,51.8,259.0
113,台大,外國語文學系,外文,53.86,282.75
113,台大,歷史學系,歷史,52.6,263.0
113,台大,哲學系,哲學,50.75,203.0
113,台大,人類學系,,51.36,282.5
113,台大,圖書資訊學系,,52.89,238.0
113,台大,日本語文學系,日文,52.83,317.0
113,台大,戲劇學系(男),,47.58,285.5
113,台大,戲劇學系(女),,48.42,290.5
113,台大,數學系,數學,50.17,301.0
113,台大,物理學系,物理,53.3,266.5
113,台大,化學系,化學,50.0,250.0
113,台大,地質科學系,地質,46.4,232.0
113,台大,心理學系,心理,50.0,250.0
113,台大,地理環境資源學系A組,地理,46.0,138.0
113,台大,地理環境資源學系B組,地理,53.92,175.25
113,台大,大氣科學系,大氣科學,46.78,269.0
113,台大,政治學系政治理論組,政治,54.45,299.5
113,台大,政治學系國際關係組,政治,56.18,309.0
113,台大,政治學系公共行政組,政治,54.73,301.0
113,台大,經濟學系A組,經濟,49.44,222.5
113,台大,經濟學系B組,經濟,50.73,279.0
113,台大,社會學系,社會學,51.2,256.0
113,台大,社會工作學系,社會工作,48.59,267.25
113,台大,醫學系(自費),醫學,57.4,287.0
113,台大,醫學系(公費),醫學,52.4,262.0
113,台大,牙醫學系,牙醫,56.6,283.0
113,台大,藥學系,藥學,53.0,371.0
113,台大,醫學檢驗暨生物技術學系,醫檢,50.8,254.0
113,台大,護理學系,護理,48.2,241.0
113,台大,物理治療學系,物理治療,50.6,253.0
113,台大,職能治療學系,職能治療,51.79,246.0
113,台大,土木工程學系,土木工程,48.2,241.0
113,台大,機械工程學系,機械工程,51.0,255.0
113,台大,化學工程學系,化學工程,50.47,239.75
113,台大,工程科學及海洋工程學系,,50.33,302.0
113,台大,材料科學與工程學系,材料,52.4,262.0
113,台大,醫學工程學系,生醫工程,50.6,253.0
113,台大,農藝學系,,46.64,256.5
113,台大,生物環境系統工程學系,,47.0,235.0
113,台大,農業化學系,農業化學,47.83,287.0
113,台大,森林環境暨資源學系,,43.42,260.5
113,台大,動物科學技術學系,,47.25,189.0
113,台大,農業經濟學系,農業經濟,47.0,235.0
113,台大,園藝暨景觀學系,,47.64,262.0
113,台大,獸醫學系,獸醫,52.2,261.0
113,台大,生物產業傳播暨發展學系,,48.54,315.5
113,台大,生物機電工程學系,,49.6,248.0
113,台大,昆蟲學系,,43.23,281.0
113,台大,植物病理與微生物學系,生命科學,47.4,237.0
113,台大,工商管理學系企業管理組A組,企業管理,49.4,247.0
113,台大,工商管理學系企業管理組B組,企業管理,52.4,262.0
113,台大,工商管理學系科技管理組,企業管理,48.2,241.0
113,台大,會計學系A組,會計,52.63,210.5
113,台大,會計學系B組,會計,51.54,309.25
113,台大,財務金融學系A組,財務金融,53.33,240.0
113,台大,財務金融學系B組,財務金融,56.44,254.0
113,台大,國際企業學系A組,國際企業,53.0,212.0
113,台大,國際企業學系B組,國際企業,53.33,320.0
113,台大,資訊管理學系,資訊管理,54.22,244.0
113,台大,公共衛生學系A組,公共衛生,47.91,263.5
113,台大,公共衛生學系B組,公共衛生,49.47,235.0
113,台大,電機工程學系,電機工程,57.25,229.0
113,台大,資訊工程學系,資訊工程,56.12,238.5
113,台大,法律學系法學組,法律,54.29,285.0
113,台大,法律學系司法組,法律,54.9,288.25
113,台大,法律學系財經法學組,法律,55.62,292.0
113,台大,生命科學系,生命科學,48.6,243.0
113,台大,生化科技學系,,48.2,241.0
113,台大,國際體育運動事務學士學位學程,,50.48,265.0
114,台大,中國文學系,中文,52.8,264.0
114,台大,外國語文學系,外文,52.12,325.75
114,台大,歷史學系,歷史,52.0,260.0
114,台大,哲學系,哲學,49.75,199.0
114,台大,人類學系,,51.91,285.5
114,台大,圖書資訊學系,,51.55,283.5
114,台大,日本語文學系,日文,51.67,310.0
114,台大,戲劇學系(男),,46.33,278.0
114,台大,戲劇學系(女),,48.58,291.5
114,台大,數學系,數學,51.08,306.5
114,台大,物理學系,物理,56.0,280.0
114,台大,化學系,化學,50.8,254.0
114,台大,地質科學系,地質,47.2,236.0
114,台大,心理學系,心理,50.6,253.0
114,台大,地理環境資源學系A組,地理,47.67,143.0
114,台大,地理環境資源學系B組,地理,55.85,181.5
114,台大,大氣科學系,大氣科學,47.74,274.5
114,台大,政治學系政治理論組,政治,53.14,292.25
114,台大,政治學系國際關係組,政治,54.86,301.75
114,台大,政治學系公共行政組,政治,53.32,293.25
114,台大,經濟學系A組,經濟,50.67,228.0
114,台大,經濟學系B組,經濟,55.38,360.0
114,台大,社會學系,社會學,50.8,254.0
114,台大,社會工作學系,社會工作,47.91,263.5
114,台大,醫學系(自費),醫學,57.6,288.0
114,台大,醫學系(公費),醫學,53.2,266.0
114,台大,牙醫學系,牙醫,57.0,285.0
114,台大,藥學系,藥學,53.29,373.0
114,台大,醫學檢驗暨生物技術學系,醫檢,51.0,255.0
114,台大,護理學系,護理,48.0,240.0
114,台大,物理治療學系,物理治療,51.4,257.0
114,台大,職能治療學系,職能治療,51.79,246.0
114,台大,土木工程學系,土木工程,48.6,243.0
114,台大,機械工程學系,機械工程,51.8,259.0
114,台大,化學工程學系,化學工程,52.11,247.5
114,台大,工程科學及海洋工程學系,,52.0,312.0
114,台大,材料科學與工程學系,材料,53.6,268.0
114,台大,醫學工程學系,生醫工程,51.2,256.0
114,台大,農藝學系,,46.68,256.75
114,台大,生物環境系統工程學系,,48.4,242.0
114,台大,農業化學系,農業化學,49.42,296.5
114,台大,森林環境暨資源學系,,44.33,266.0
114,台大,動物科學技術學系,,48.0,192.0
114,台大,農業經濟學系,農業經濟,48.2,241.0
114,台大,園藝暨景觀學系,,45.73,251.5
114,台大,獸醫學系,獸醫,52.4,262.0
114,台大,生物產業傳播暨發展學系,,46.69,303.5
114,台大,生物機電工程學系,,50.6,253.0
114,台大,昆蟲學系,,43.92,285.5
114,台大,植物病理與微生物學系,生命科學,48.0,240.0
114,台大,工商管理學系企業管理組,企業管理,55.0,275.0
114,台大,工商管理學系科技管理組,企業管理,50.2,251.0
114,台大,會計學系A組,會計,56.38,225.5
114,台大,會計學系B組,會計,54.17,325.0
114,台大,財務金融學系,財務金融,57.33,258.0
114,台大,國際企業學系A組,國際企業,53.25,213.0
114,台大,國際企業學系B組,國際企業,55.83,335.0
114,台大,資訊管理學系,資訊管理,53.44,240.5
114,台大,公共衛生學系A組,公共衛生,48.55,267.0
114,台大,公共衛生學系B組,公共衛生,48.84,232.0
114,台大,電機工程學系,電機工程,57.25,229.0
114,台大,資訊工程學系,資訊工程,56.59,240.5
114,台大,法律學系法學組,法律,54.67,287.0
114,台大,法律學系司法組,法律,55.33,290.5
114,台大,法律學系財經法學組,法律,56.57,297.0
114,台大,生命科學系,生命科學,49.2,246.0
114,台大,生化科技學系,,49.4,247.0
114,台大,國際體育運動事務學士學位學程,,50.29,264.0
115,台大,中國文學系,中文,53.1,265.5
115,台大,外國語文學系,外文,51.68,323.0
115,台大,歷史學系,歷史,52.4,262.0
115,台大,哲學系,哲學,51.25,205.0
115,台大,人類學系,,52.45,288.5
115,台大,圖書資訊學系,,51.32,282.25
115,台大,日本語文學系,日文,52.17,313.0
115,台大,戲劇學系(男),,46.83,281.0
115,台大,戲劇學系(女),,49.33,296.0
115,台大,數學系,數學,49.17,295.0
115,台大,物理學系,物理,54.2,271.0
115,台大,化學系,化學,49.6,248.0
115,台大,地質科學系,地質,45.8,229.0
115,台大,心理學系,心理,49.8,249.0
115,台大,地理環境資源學系A組,地理,45.67,137.0
115,台大,地理環境資源學系B組,地理,54.92,178.5
115,台大,大氣科學系,大氣科學,46.3,266.25
115,台大,政治學系政治理論組,政治,53.45,294.0
115,台大,政治學系國際關係組,政治,54.82,301.5
115,台大,政治學系公共行政組,政治,53.68,295.25
115,台大,經濟學系A組,經濟,48.67,219.0
115,台大,經濟學系B組,經濟,55.54,361.0
115,台大,社會學系,社會學,50.2,251.0
115,台大,社會工作學系,社會工作,48.05,264.25
115,台大,醫學系(自費),醫學,57.0,228.0
115,台大,醫學系(公費),醫學,52.5,210.0
115,台大,牙醫學系,牙醫,56.0,280.0
115,台大,藥學系,藥學,52.57,368.0
115,台大,醫學檢驗暨生物技術學系,醫檢,49.4,247.0
115,台大,護理學系,護理,45.4,227.0
115,台大,物理治療學系,物理治療,50.4,252.0
115,台大,職能治療學系,職能治療,50.89,241.75
115,台大,土木工程學系,土木工程,46.8,234.0
115,台大,機械工程學系,機械工程,50.4,252.0
115,台大,化學工程學系,化學工程,51.76,271.75
115,台大,工程科學及海洋工程學系,,50.17,301.0
115,台大,材料科學與工程學系,材料,53.8,269.0
115,台大,醫學工程學系,生醫工程,49.6,248.0
115,台大,農藝學系,,47.5,261.25
115,台大,生物環境系統工程學系,,46.6,233.0
115,台大,農業化學系,農業化學,48.42,290.5
115,台大,森林環境暨資源學系,,44.67,268.0
115,台大,動物科學技術學系,,46.25,185.0
115,台大,農業經濟學系A組,農業經濟,47.4,237.0
115,台大,農業經濟學系B組,農業經濟,54.2,271.0
115,台大,園藝暨景觀學系,,46.64,256.5
115,台大,獸醫學系,獸醫,51.6,258.0
115,台大,生物產業傳播暨發展學系,,49.15,319.5
115,台大,生物機電工程學系,,48.8,244.0
115,台大,昆蟲學系,,43.92,285.5
115,台大,植物病理與微生物學系,生命科學,47.0,235.0
115,台大,工商管理學系企業管理組,企業管理,55.0,275.0
115,台大,工商管理學系科技管理組,企業管理,48.6,243.0
115,台大,會計學系A組,會計,55.75,223.0
115,台大,會計學系B組,會計,53.46,320.75
115,台大,財務金融學系,財務金融,56.89,256.0
115,台大,國際企業學系A組,國際企業,51.5,206.0
115,台大,國際企業學系B組,國際企業,55.5,333.0
115,台大,資訊管理學系,資訊管理,50.78,228.5
115,台大,公共衛生學系A組,公共衛生,46.77,257.25
115,台大,公共衛生學系B組,公共衛生,48.89,232.25
115,台大,電機工程學系,電機工程,57.0,228.0
115,台大,資訊工程學系,資訊工程,53.76,228.5
115,台大,法律學系法學組,法律,54.33,285.25
115,台大,法律學系司法組,法律,55.24,290.0
115,台大,法律學系財經法學組,法律,56.19,295.0
115,台大,生命科學系,生命科學,46.8,234.0
115,台大,生化科技學系,,48.2,241.0
115,台大,國際體育運動事務學士學位學程,,49.71,261.0
101,台師大,教育學系,,75.01,431.28
101,台師大,教育心理與輔導學系,心理,76.92,423.08
101,台師大,社會教育學系,,75.35,489.75
101,台師大,健康促進與衛生教育學系,,72.5,489.4
101,台師大,人發與家庭系家庭生活教育組,,78.72,452.65
101,台師大,人發與家庭系幼兒發展教育組,,77.79,427.85
101,台師大,人發與家庭系營養科學教育組,,72.49,471.2
101,台師大,公民教育與活動領導系(自費),,78.97,394.85
101,台師大,公民教育與活動領導系(公費),,87.1,435.5
101,台師大,特殊教育學系(自費),,75.44,414.9
101,台師大,特殊教育系(身心障礙組公費),,81.44,447.93
101,台師大,特殊教育系(資賦優異組公費),,90.58,452.88
101,台師大,國文學系(自費),中文,74.02,407.1
101,台師大,國文學系(公費生),中文,87.06,478.81
101,台師大,英語學系(自費),外文,78.33,470.0
101,台師大,英語學系(公費生),外文,86.07,516.4
101,台師大,歷史學系,歷史,74.46,446.73
101,台師大,地理學系,地理,75.19,413.55
101,台師大,臺灣語文學系,,74.56,540.53
101,台師大,數學系(自費),數學,74.16,482.05
101,台師大,數學系(公費),數學,86.67,563.35
101,台師大,物理學系(自費),物理,73.96,369.8
101,台師大,物理學系(公費),物理,112.7,563.49
101,台師大,化學系(自費),化學,74.28,482.83
101,台師大,化學系(公費),化學,88.25,573.63
101,台師大,生命科學系(自費),生命科學,75.42,527.93
101,台師大,生命科學系(公費生),生命科學,85.1,595.7
101,台師大,地球科學系,,76.06,494.4
101,台師大,資訊工程學系,資訊工程,73.94,369.7
101,台師大,美術學系國畫組,,66.13,330.64
101,台師大,美術學系西畫組,,71.36,356.8
101,台師大,設計學系,,72.07,396.4
101,台師大,工業教育學系能源應用組,,74.59,484.85
101,台師大,科技應用與人力資源發展學系,,71.13,391.2
101,台師大,圖文傳播學系,新聞傳播,71.7,394.35
101,台師大,機電科技學系,,75.5,566.25
101,台師大,應用電子科技學系,,74.0,481.0
101,台師大,體育學系,,57.27,400.86
101,台師大,應用華語文學系,,76.52,459.1
101,台師大,東亞學系政治與經濟組,經濟,80.0,520.0
101,台師大,東亞學系漢學與文化組,,75.58,491.25
101,台師大,音樂學系-鋼琴,,83.41,333.62
101,台師大,音樂學系-聲樂,,62.88,251.52
101,台師大,音樂學系-小提琴,,80.6,322.4
101,台師大,音樂學系-長笛,,82.35,329.4
101,台師大,音樂學系-理論作曲,,67.29,269.16
101,台師大,音樂學系-中國傳統樂器,,72.67,290.68
101,台師大,企業管理學士學位學程,企業管理,78.49,510.2
102,台師大,教育學系,,76.91,461.45
102,台師大,教育心理與輔導學系,心理,81.83,450.05
102,台師大,社會教育學系,,77.28,502.35
102,台師大,健康促進與衛生教育學系,,73.03,492.95
102,台師大,人類發展與家庭學系家庭生活教育組,,78.51,451.45
102,台師大,人類發展與家庭學系幼兒發展與教育組,,78.34,430.85
102,台師大,人類發展與家庭學系營養科學與教育組,,72.52,471.35
102,台師大,公民教育與活動領導學系,,78.33,391.65
102,台師大,公民教育與活動領導學系(公費生),,87.41,437.05
102,台師大,特殊教育學系,,78.11,429.6
102,台師大,特殊教育學系(公費生),,87.29,480.1
102,台師大,國文學系,中文,77.15,424.35
102,台師大,國文學系(公費生),中文,86.62,476.4
102,台師大,英語學系,外文,80.02,480.1
102,台師大,英語學系(公費生),外文,91.01,546.03
102,台師大,歷史學系,歷史,77.17,463.03
102,台師大,地理學系,地理,77.97,448.3
102,台師大,臺灣語文學系,,77.3,560.43
102,台師大,數學系,數學,67.36,437.85
102,台師大,數學系(公費生)-桃園縣,數學,83.52,542.9
102,台師大,數學系(公費生)-嘉義市,數學,84.04,546.25
102,台師大,物理學系,物理,69.5,347.5
102,台師大,化學系,化學,69.04,448.75
102,台師大,生命科學系,生命科學,72.82,509.75
102,台師大,地球科學系,,67.34,437.7
102,台師大,資訊工程學系,資訊工程,69.02,345.1
102,台師大,美術學系國畫組,,70.91,354.54
102,台師大,美術學系西畫組,,74.24,371.2
102,台師大,設計學系A組,,75.09,413.0
102,台師大,設計學系B組,,70.43,422.55
102,台師大,工業教育學系能源應用組,,76.4,305.6
102,台師大,科技應用與人力資源發展學系,,64.94,357.18
102,台師大,圖文傳播學系,新聞傳播,67.21,369.65
102,台師大,機電科技學系,,70.43,528.2
102,台師大,應用電子科技學系,,69.68,452.9
102,台師大,體育學系,,61.38,491.04
102,台師大,應用華語文學系,,79.23,475.4
102,台師大,東亞學系政治與經濟組,經濟,80.4,522.6
102,台師大,東亞學系漢學與文化組,,79.02,513.6
102,台師大,音樂學系-鋼琴,,84.17,336.66
102,台師大,音樂學系-聲樂,,75.7,302.8
102,台師大,音樂學系-小提琴,,81.12,324.48
102,台師大,音樂學系-理論作曲,,79.77,319.08
102,台師大,音樂學系-中國傳統樂器,,61.24,244.96
102,台師大,企業管理學士學位學程,企業管理,79.95,519.7
103,台師大,教育學系,,77.11,462.65
103,台師大,教育心理與輔導學系,心理,81.91,450.5
103,台師大,社會教育學系,,77.42,503.25
103,台師大,健康促進與衛生教育學系,,68.61,463.1
103,台師大,人類發展與家庭學系家庭生活教育組,,78.7,452.5
103,台師大,人類發展與家庭學系幼兒發展與教育組,,79.27,436.0
103,台師大,人類發展與家庭學系營養科學與教育組,,72.19,469.25
103,台師大,公民教育與活動領導學系,,79.27,396.35
103,台師大,公民教育與活動領導學系(公費生)-高雄市,,86.0,429.98
103,台師大,公民教育與活動領導學系(公費生)-桃園縣,,85.47,427.33
103,台師大,特殊教育學系,,79.26,435.93
103,台師大,國文學系,中文,76.7,421.85
103,台師大,英語學系,外文,81.03,486.2
103,台師大,英語學系(公費生),外文,89.47,536.8
103,台師大,歷史學系,歷史,78.08,468.48
103,台師大,地理學系,地理,78.49,451.3
103,台師大,臺灣語文學系,,77.95,565.15
103,台師大,數學系,數學,65.48,425.6
103,台師大,數學系(公費生),數學,82.93,539.05
103,台師大,物理學系,物理,68.12,340.6
103,台師大,化學系,化學,69.42,451.25
103,台師大,生命科學系,生命科學,70.98,496.85
103,台師大,地球科學系,,65.6,426.4
103,台師大,資訊工程學系,資訊工程,68.68,343.4
103,台師大,美術學系國畫組,,72.76,363.8
103,台師大,美術學系西畫組,,71.75,358.74
103,台師大,設計學系A組,,76.41,420.23
103,台師大,設計學系B組,,69.18,415.05
103,台師大,工業教育學系能源應用組,,72.03,288.1
103,台師大,科技應用與人力資源發展學系,,64.1,352.53
103,台師大,圖文傳播學系,新聞傳播,65.57,360.65
103,台師大,機電工程學系,,67.72,507.9
103,台師大,電機工程學系,電機工程,68.66,446.3
103,台師大,體育學系,,57.24,457.9
103,台師大,應用華語文學系,,78.2,469.2
103,台師大,東亞學系政治與經濟組,經濟,81.02,526.6
103,台師大,東亞學系漢學與文化組,,78.65,511.2
103,台師大,音樂學系-鋼琴,,82.43,329.72
103,台師大,音樂學系-聲樂,,60.08,240.3
103,台師大,音樂學系-小提琴,,84.83,339.3
103,台師大,音樂學系-理論作曲,,74.28,297.1
103,台師大,音樂學系-中國傳統樂器,,73.5,293.98
103,台師大,企業管理學士學位學程,企業管理,82.73,455.0
104,台師大,教育學系,,71.61,429.65
104,台師大,教育心理與輔導學系,心理,74.72,410.98
104,台師大,社會教育學系,,70.69,459.5
104,台師大,健康促進與衛生教育學系,,63.74,430.25
104,台師大,人類發展與家庭學系家庭生活教育組,,68.52,394.0
104,台師大,人類發展與家庭學系幼兒發展與教育組,,68.18,375.0
104,台師大,人類發展與家庭學系營養科學與教育組,,66.27,430.75
104,台師大,公民教育與活動領導學系,,71.69,394.28
104,台師大,公民教育與活動領導學系(公費)-桃園市,,79.36,436.5
104,台師大,公民教育與活動領導學系(公費)-苗栗縣,,78.45,431.45
104,台師大,公民教育與活動領導學系(公費)-新北市,,80.14,440.78
104,台師大,特殊教育學系,,72.04,396.2
104,台師大,特殊教育學系(公費英語)-臺北市,外文,90.45,542.68
104,台師大,特殊教育學系(公費國文)-臺北市,中文,80.1,480.6
104,台師大,國文學系,中文,75.46,415.05
104,台師大,英語學系,外文,73.76,331.9
104,台師大,歷史學系,歷史,73.38,440.25
104,台師大,地理學系,地理,73.48,422.5
104,台師大,臺灣語文學系,,76.07,551.48
104,台師大,數學系,數學,61.78,401.55
104,台師大,數學系(公費)-臺南市,數學,80.4,522.6
104,台師大,物理學系,物理,64.2,321.0
104,台師大,物理學系(公費)-苗栗縣,物理,79.6,398.0
104,台師大,物理學系(公費)-臺南市,物理,82.68,413.4
104,台師大,化學系,化學,65.81,427.75
104,台師大,生命科學系,生命科學,68.05,408.33
104,台師大,地球科學系,,62.85,408.5
104,台師大,資訊工程學系,資訊工程,65.74,328.7
104,台師大,美術學系國畫組,,69.18,345.9
104,台師大,美術學系西畫組,,71.63,358.16
104,台師大,設計學系平面與媒體設計組,,74.81,411.48
104,台師大,設計學系產品與室內設計組,,65.31,359.2
104,台師大,工業教育學系能源應用組,,67.28,269.1
104,台師大,科技應用與人力資源發展學系,,60.31,331.73
104,台師大,圖文傳播學系,新聞傳播,62.52,343.85
104,台師大,機電工程學系,,64.85,486.4
104,台師大,電機工程學系,電機工程,65.64,426.65
104,台師大,體育學系,,56.52,452.18
104,台師大,應用華語文學系,,72.69,508.8
104,台師大,東亞學系政治與經濟組,經濟,71.11,462.2
104,台師大,東亞學系漢學與文化組,,77.78,505.55
104,台師大,音樂學系-鋼琴,,74.65,298.6
104,台師大,音樂學系-聲樂,,63.71,254.82
104,台師大,音樂學系-小提琴,,74.65,298.58
104,台師大,音樂學系-理論作曲,,77.8,311.2
104,台師大,音樂學系-中國傳統樂器,,60.87,243.48
104,台師大,企業管理學系,企業管理,71.69,394.3
105,台師大,教育學系,,72.66,435.95
105,台師大,教育心理與輔導學系,心理,78.03,429.15
105,台師大,社會教育學系,,72.78,473.05
105,台師大,健康促進與衛生教育學系,,68.07,408.4
105,台師大,人類發展與家庭學系家庭生活教育組,,74.28,427.1
105,台師大,人類發展與家庭學系幼兒發展與教育組,,74.61,410.33
105,台師大,人類發展與家庭學系營養科學與教育組,,66.81,434.25
105,台師大,公民教育與活動領導學系,,72.53,398.93
105,台師大,特殊教育學系,,72.33,397.83
105,台師大,國文學系,中文,72.69,399.8
105,台師大,國文學系(公費)-新竹市,中文,83.39,458.65
105,台師大,英語學系,外文,77.57,349.05
105,台師大,英語學系(公費)-桃園市,外文,87.33,393.0
105,台師大,歷史學系,歷史,73.66,441.98
105,台師大,地理學系,地理,73.37,421.9
105,台師大,臺灣語文學系,,72.09,522.68
105,台師大,數學系,數學,63.72,414.2
105,台師大,物理學系,物理,67.76,338.8
105,台師大,化學系,化學,69.04,448.75
105,台師大,生命科學系,生命科學,69.57,417.43
105,台師大,地球科學系,,64.36,418.35
105,台師大,資訊工程學系,資訊工程,68.94,344.7
105,台師大,美術學系國畫組,,68.58,342.9
105,台師大,美術學系國畫組(公費)-桃園市,,70.72,353.6
105,台師大,美術學系西畫組,,69.57,347.84
105,台師大,美術學系西畫組(公費)-桃園市,,74.6,373.02
105,台師大,設計學系平面與媒體設計組,,70.06,385.33
105,台師大,設計學系產品與室內設計組,,66.92,368.05
105,台師大,工業教育學系能源應用組,,69.2,276.8
105,台師大,科技應用與人力資源發展學系,,61.63,338.95
105,台師大,圖文傳播學系,新聞傳播,64.15,352.85
105,台師大,機電工程學系,,67.67,507.5
105,台師大,電機工程學系,電機工程,68.63,446.1
105,台師大,體育學系,,57.09,456.72
105,台師大,應用華語文學系,,73.33,440.0
105,台師大,東亞學系政治與經濟組,經濟,74.49,484.2
105,台師大,東亞學系漢學與文化組,,74.06,481.4
105,台師大,企業管理學系,企業管理,78.82,433.5
105,台師大,表演藝術學士學位學程,,54.72,246.22
106,台師大,教育學系,,74.88,449.3
106,台師大,教育學系(公費)-新竹縣,,82.41,494.45
106,台師大,教育心理與輔導學系,心理,79.06,434.85
106,台師大,社會教育學系,,75.45,490.4
106,台師大,健康促進與衛生教育學系,,66.53,399.2
106,台師大,人類發展與家庭學系家庭生活教育組,,73.6,423.2
106,台師大,人類發展與家庭學系幼兒發展與教育組,,73.85,406.15
106,台師大,人類發展與家庭學系營養科學與教育組,,63.81,414.75
106,台師大,公民教育與活動領導學系,,75.63,415.98
106,台師大,特殊教育學系,,75.45,414.95
106,台師大,學習科學學士學位學程,,67.2,268.8
106,台師大,國文學系,中文,74.22,408.2
106,台師大,英語學系,外文,77.12,347.05
106,台師大,歷史學系,歷史,75.58,453.5
106,台師大,地理學系,地理,76.01,437.08
106,台師大,臺灣語文學系,,74.55,540.5
106,台師大,數學系,數學,64.72,420.7
106,台師大,物理學系,物理,67.59,405.55
106,台師大,化學系,化學,67.5,438.78
106,台師大,生命科學系,生命科學,67.6,405.58
106,台師大,地球科學系,,64.62,420.05
106,台師大,資訊工程學系,資訊工程,69.04,345.2
106,台師大,美術學系國畫組,,66.64,333.2
106,台師大,美術學系西畫組,,69.98,349.92
106,台師大,設計學系視覺設計組,,71.21,391.63
106,台師大,設計學系產品設計組,,67.12,369.15
106,台師大,工業教育學系能源應用組,,67.91,271.65
106,台師大,科技應用與人力資源發展學系,,61.76,339.7
106,台師大,圖文傳播學系,新聞傳播,63.35,348.45
106,台師大,機電工程學系,,66.55,499.15
106,台師大,電機工程學系,電機工程,68.19,443.25
106,台師大,體育學系,,56.36,450.88
106,台師大,華語文教學系應用華語文學組,,75.15,450.9
106,台師大,東亞學系政治與經濟組,經濟,75.75,492.4
106,台師大,東亞學系漢學與文化組,,75.72,492.15
106,台師大,企業管理學系,企業管理,79.75,438.65
106,台師大,表演藝術學士學位學程,,62.68,282.07
107,台師大,教育學系(自費),,74.76,448.53
107,台師大,教育學系(公費-輔導活動專長)-臺北市,,94.08,564.49
107,台師大,教育學系(公費-特殊教育專長)-臺北市,,85.48,512.85
107,台師大,教育學系(公費-生活科技專長)-新竹縣,,91.96,551.75
107,台師大,教育心理與輔導學系,心理,79.8,438.9
107,台師大,社會教育學系,,74.4,483.63
107,台師大,健康促進與衛生教育學系,,66.33,398.0
107,台師大,人類發展與家庭學系家庭生活教育組,,75.53,434.3
107,台師大,人類發展與家庭學系幼兒發展與教育組,,74.4,409.2
107,台師大,公民教育與活動領導學系,,74.65,410.55
107,台師大,特殊教育學系,,73.71,405.43
107,台師大,學習科學學士學位學程,,72.37,253.28
107,台師大,國文學系,中文,76.38,420.08
107,台師大,英語學系,外文,78.58,353.6
107,台師大,歷史學系,歷史,75.01,450.03
107,台師大,地理學系,地理,76.29,438.66
107,台師大,臺灣語文學系,,76.09,494.6
107,台師大,數學系,數學,67.55,439.05
107,台師大,物理學系,物理,69.33,415.95
107,台師大,化學系,化學,68.58,445.79
107,台師大,生命科學系,生命科學,67.09,402.55
107,台師大,地球科學系,,66.82,434.3
107,台師大,資訊工程學系,資訊工程,72.18,360.9
107,台師大,營養科學學士學位學程,,66.54,432.5
107,台師大,工業教育學系,,73.97,295.88
107,台師大,科技應用與人力資源發展學系,,64.39,354.13
107,台師大,圖文傳播學系,新聞傳播,65.04,357.7
107,台師大,機電工程學系,,69.15,518.6
107,台師大,電機工程學系,電機工程,70.25,562.0
107,台師大,車輛與能源工程學士學位學程,,68.97,344.85
107,台師大,光電工程學士學位學程,光電,69.32,519.9
107,台師大,美術學系國畫組,,66.2,331.0
107,台師大,美術學系西畫組,,70.57,352.84
107,台師大,設計學系視覺設計組,,69.63,382.99
107,台師大,設計學系產品設計組,,67.71,372.4
107,台師大,體育學系,,55.73,445.82
107,台師大,華語文教學系應用華語文學組,,77.4,464.4
107,台師大,東亞學系,,75.22,451.3
107,台師大,企業管理學系,企業管理,79.64,438.0
107,台師大,音樂學系,,76.55,306.19
107,台師大,表演藝術學士學位學程,,55.61,250.23
108,台師大,教育學系(自費),,77.61,465.63
108,台師大,教育學系(公費)-臺東縣,,86.83,520.98
108,台師大,教育心理與輔導學系,心理,82.18,451.98
108,台師大,社會教育學系,,76.95,500.2
108,台師大,健康促進與衛生教育學系,,72.35,434.1
108,台師大,人類發展與家庭學系家庭生活教育組,,80.88,465.05
108,台師大,人類發展與家庭學系幼兒發展與教育組,,80.63,463.6
108,台師大,公民教育與活動領導學系,,79.53,437.43
108,台師大,特殊教育學系(自費),,76.93,423.1
108,台師大,特殊教育學系(公費)-臺東縣,,81.96,450.79
108,台師大,學習科學學士學位學程,,74.31,260.08
108,台師大,教育學院學士班,,81.75,327.0
108,台師大,國文學系,中文,80.79,444.33
108,台師大,英語學系,外文,82.31,370.4
108,台師大,歷史學系,歷史,76.44,458.63
108,台師大,地理學系,地理,77.18,443.8
108,台師大,臺灣語文學系,,79.25,515.15
108,台師大,數學系,數學,66.85,434.5
108,台師大,物理學系,物理,70.16,420.95
108,台師大,化學系,化學,70.69,459.51
108,台師大,生命科學系,生命科學,72.25,433.5
108,台師大,地球科學系,,64.77,421.0
108,台師大,資訊工程學系,資訊工程,74.08,370.4
108,台師大,營養科學學士學位學程,,71.62,465.5
108,台師大,工業教育學系,,73.58,294.3
108,台師大,科技應用與人力資源發展學系(自費),,66.38,365.09
108,台師大,科技應用與人力資源發展學系(公費)-臺南市,,81.53,448.43
108,台師大,圖文傳播學系,新聞傳播,67.67,372.18
108,台師大,機電工程學系,,68.91,516.83
108,台師大,電機工程學系,電機工程,70.85,566.8
108,台師大,車輛與能源工程學士學位學程,,68.59,342.95
108,台師大,光電工程學士學位學程,光電,69.1,518.25
108,台師大,美術學系國畫組,,69.64,348.2
108,台師大,美術學系西畫組,,73.66,368.3
108,台師大,設計學系視覺設計組,,71.22,391.73
108,台師大,設計學系產品設計組,,67.86,322.34
108,台師大,體育學系,,57.84,404.91
108,台師大,華語文教學系應用華語文學組,,81.08,486.5
108,台師大,東亞學系,,79.33,476.0
108,台師大,企業管理學系,企業管理,83.18,457.5
108,台師大,音樂學系,,82.21,328.82
108,台師大,表演藝術學士學位學程,,64.98,292.4
109,台師大,教育學系,,73.0,438.0
109,台師大,教育心理與輔導學系,心理,76.77,422.24
109,台師大,社會教育學系,,77.09,501.1
109,台師大,健康促進與衛生教育學系,,66.67,400.04
109,台師大,人類發展與家庭學系家庭生活教育組,,73.44,422.3
109,台師大,人類發展與家庭學系幼兒發展與教育組,,72.77,418.45
109,台師大,公民教育與活動領導學系,,73.11,402.09
109,台師大,特殊教育學系,,72.43,253.5
109,台師大,學習科學學士學位學程,,67.42,202.25
109,台師大,教育學院學士班,,75.25,301.0
109,台師大,國文學系,中文,76.81,422.43
109,台師大,英語學系,外文,76.13,342.6
109,台師大,歷史學系,歷史,72.63,435.75
109,台師大,地理學系,地理,73.81,424.4
109,台師大,臺灣語文學系,,76.04,494.28
109,台師大,數學系,數學,63.38,411.95
109,台師大,物理學系,物理,65.98,395.9
109,台師大,化學系,化學,68.34,444.2
109,台師大,生命科學系,生命科學,67.76,406.55
109,台師大,地球科學系,,61.96,402.75
109,台師大,資訊工程學系,資訊工程,70.52,352.6
109,台師大,營養科學學士學位學程,,67.93,441.55
109,台師大,工業教育學系,,66.92,267.68
109,台師大,科技應用與人力資源發展學系,,62.87,345.81
109,台師大,圖文傳播學系,新聞傳播,62.78,345.28
109,台師大,機電工程學系,,65.48,491.1
109,台師大,電機工程學系,電機工程,69.1,552.8
109,台師大,車輛與能源工程學士學位學程,,62.47,312.35
109,台師大,光電工程學士學位學程,光電,65.79,493.45
109,台師大,美術學系繪畫組,,70.81,354.07
109,台師大,美術學系水墨畫組,,69.98,349.9
109,台師大,設計學系視覺設計組,,71.29,392.08
109,台師大,設計學系產品設計組,,61.0,289.76
109,台師大,體育學系,,55.14,385.99
109,台師大,華語文教學系應用華語文學組,,78.12,468.7
109,台師大,東亞學系,,73.28,366.4
109,台師大,企業管理學系,企業管理,76.4,420.2
109,台師大,音樂學系,,79.51,318.03
109,台師大,表演藝術學士學位學程,,63.61,286.24
110,台師大,教育學系,,76.08,456.45
110,台師大,教育心理與輔導學系,心理,81.52,448.36
110,台師大,社會教育學系,,76.53,497.45
110,台師大,健康促進與衛生教育學系,,65.69,328.43
110,台師大,人類發展與家庭學系家庭生活教育組,,75.43,433.7
110,台師大,人類發展與家庭學系幼兒發展與教育組,,74.02,425.6
110,台師大,公民教育與活動領導學系,,72.92,401.04
110,台師大,特殊教育學系,,74.64,261.24
110,台師大,學習科學學士學位學程,,65.21,326.05
110,台師大,教育學院學士班,,77.08,231.25
110,台師大,國文學系,中文,78.08,429.43
110,台師大,英語學系,外文,77.17,501.6
110,台師大,歷史學系,歷史,77.13,462.8
110,台師大,地理學系,地理,77.16,443.66
110,台師大,臺灣語文學系,,76.63,498.08
110,台師大,數學系,數學,58.29,233.15
110,台師大,物理學系,物理,60.39,377.43
110,台師大,化學系,化學,62.7,407.56
110,台師大,生命科學系,生命科學,69.06,414.38
110,台師大,地球科學系,,55.28,359.35
110,台師大,資訊工程學系,資訊工程,67.94,339.7
110,台師大,營養科學學士學位學程,,66.65,433.2
110,台師大,工業教育學系,,68.53,274.13
110,台師大,科技應用與人力資源發展學系,,58.25,320.39
110,台師大,圖文傳播學系,新聞傳播,58.8,323.39
110,台師大,機電工程學系,,59.68,447.63
110,台師大,電機工程學系,電機工程,66.13,529.0
110,台師大,車輛與能源工程學士學位學程,,58.95,294.75
110,台師大,光電工程學士學位學程,光電,60.32,452.4
110,台師大,華語文教學系應用華語文學組,,79.22,396.1
110,台師大,東亞學系,,74.67,410.7
110,台師大,企業管理學系,企業管理,78.36,431.0
110,台師大,設計學系產品設計組,,57.72,274.19
110,台師大,音樂學系,,84.11,336.44
110,台師大,表演藝術學士學位學程,,64.52,290.34
110,台師大,設計學系視覺設計組,,76.56,421.08
110,台師大,美術學系繪畫組,,68.42,342.09
110,台師大,美術學系水墨畫組,,65.59,327.95
110,台師大,體育與運動科學系,,55.22,386.56
111,台師大,教育學系,,45.17,271.0
111,台師大,教育心理與輔導學系,心理,49.82,274.0
111,台師大,社會教育學系,,45.15,293.5
111,台師大,健康促進與衛生教育學系,,39.3,196.5
111,台師大,人類發展與家庭學系家庭生活教育組,,43.41,293.0
111,台師大,人類發展與家庭學系幼兒發展與教育組,,42.93,289.75
111,台師大,公民教育與活動領導學系,,43.59,239.75
111,台師大,特殊教育學系,,45.64,159.75
111,台師大,學習科學學士學位學程,,40.7,203.5
111,台師大,教育學院學士班,,50.33,151.0
111,台師大,國文學系,中文,45.0,247.5
111,台師大,英語學系,外文,45.15,293.5
111,台師大,歷史學系,歷史,43.75,262.5
111,台師大,地理學系,地理,46.39,266.75
111,台師大,臺灣語文學系,,45.15,293.5
111,台師大,數學系,數學,33.75,135.0
111,台師大,物理學系,物理,35.76,223.5
111,台師大,化學系,化學,37.19,241.75
111,台師大,生命科學系,生命科學,39.29,235.75
111,台師大,地球科學系,,32.15,209.0
111,台師大,資訊工程學系,資訊工程,42.2,211.0
111,台師大,營養科學學士學位學程,,36.38,236.5
111,台師大,工業教育學系,,39.86,139.5
111,台師大,科技應用與人力資源發展學系,,38.45,211.5
111,台師大,圖文傳播學系,新聞傳播,33.09,182.0
111,台師大,機電工程學系,,36.4,273.0
111,台師大,電機工程學系,電機工程,40.88,327.0
111,台師大,車輛與能源工程學士學位學程,,35.9,179.5
111,台師大,光電工程學士學位學程,光電,36.4,273.0
111,台師大,華語文教學系應用華語文學組,,46.0,230.0
111,台師大,東亞學系,,44.92,292.0
111,台師大,企業管理學系,企業管理,46.54,302.5
111,台師大,設計學系產品設計組,,35.53,168.75
111,台師大,音樂學系,,62.5,249.98
111,台師大,表演藝術學士學位學程,,49.28,221.75
111,台師大,設計學系視覺設計組,,53.22,306.03
111,台師大,美術學系繪畫組,,53.12,239.02
111,台師大,美術學系水墨畫組,,50.76,228.4
111,台師大,體育與運動科學系,,44.28,309.98
112,台師大,教育學系,,45.75,274.5
112,台師大,教育心理與輔導學系,心理,50.77,279.25
112,台師大,社會教育學系,,47.69,310.0
112,台師大,健康促進與衛生教育學系,,40.9,204.5
112,台師大,幼兒與家庭科學學系家庭生活與教育組,,42.74,288.5
112,台師大,幼兒與家庭科學學系幼兒發展與教育組,,43.22,291.75
112,台師大,公民教育與活動領導學系,,44.77,246.25
112,台師大,特殊教育學系,,47.07,164.75
112,台師大,學習科學學士學位學程,,42.4,212.0
112,台師大,教育學院學士班,,49.33,148.0
112,台師大,國文學系,中文,48.09,264.5
112,台師大,英語學系,外文,46.92,305.0
112,台師大,歷史學系,歷史,46.04,276.25
112,台師大,地理學系,地理,46.39,266.75
112,台師大,臺灣語文學系,,47.69,310.0
112,台師大,數學系,數學,38.0,152.0
112,台師大,物理學系,物理,41.2,154.5
112,台師大,化學系,化學,40.92,266.0
112,台師大,生命科學系,生命科學,41.38,248.25
112,台師大,地球科學系,,36.62,238.0
112,台師大,資訊工程學系,資訊工程,43.18,237.5
112,台師大,營養科學學士學位學程,,40.31,262.0
112,台師大,工業教育學系,,45.0,157.5
112,台師大,科技應用與人力資源發展學系,,42.82,235.5
112,台師大,圖文傳播學系,新聞傳播,38.68,212.75
112,台師大,機電工程學系,,40.87,306.5
112,台師大,電機工程學系,電機工程,44.2,221.0
112,台師大,車輛與能源工程學士學位學程,,40.5,202.5
112,台師大,光電工程學士學位學程,光電,40.8,306.0
112,台師大,華語文教學系應用華語文學組,,47.8,239.0
112,台師大,東亞學系,,45.23,294.0
112,台師大,企業管理學系,企業管理,45.38,295.0
112,台師大,設計學系產品設計組,,42.5,340.0
112,台師大,音樂學系,,56.14,280.68
112,台師大,表演藝術學士學位學程,,48.56,218.5
112,台師大,設計學系視覺設計組,,54.37,353.4
112,台師大,美術學系繪畫組,,52.46,236.07
112,台師大,美術學系水墨畫組,,52.43,235.95
112,台師大,體育與運動科學系,,40.09,220.5
113,台師大,教育學系,,45.83,275.0
113,台師大,教育心理與輔導學系,心理,50.68,278.75
113,台師大,社會教育學系,,47.85,311.0
113,台師大,健康促進與衛生教育學系,,42.6,213.0
113,台師大,幼兒與家庭科學學系家庭生活與教育組,,43.07,290.75
113,台師大,幼兒與家庭科學學系幼兒發展與教育組,,43.78,295.5
113,台師大,公民教育與活動領導學系,,45.09,248.0
113,台師大,特殊教育學系,,48.5,169.75
113,台師大,學習科學學士學位學程,,44.7,223.5
113,台師大,教育學院學士班,,49.38,160.5
113,台師大,國文學系,中文,47.82,263.0
113,台師大,英語學系,外文,46.0,299.0
113,台師大,歷史學系,歷史,44.83,269.0
113,台師大,地理學系,地理,45.57,262.0
113,台師大,臺灣語文學系,,47.46,308.5
113,台師大,數學系,數學,39.75,159.0
113,台師大,物理學系,物理,43.6,163.5
113,台師大,化學系,化學,42.45,233.5
113,台師大,生命科學系,生命科學,44.21,265.25
113,台師大,地球科學系,,39.0,253.5
113,台師大,資訊工程學系,資訊工程,46.25,277.5
113,台師大,營養科學學士學位學程,,43.08,280.0
113,台師大,工業教育學系,,45.86,160.5
113,台師大,科技應用與人力資源發展學系,,41.5,228.25
113,台師大,圖文傳播學系,新聞傳播,40.32,221.75
113,台師大,機電工程學系,,43.33,325.0
113,台師大,電機工程學系,電機工程,46.8,234.0
113,台師大,車輛與能源工程學士學位學程,,44.3,221.5
113,台師大,光電工程學士學位學程,光電,45.07,338.0
113,台師大,華語文教學系應用華語文學組,,49.4,247.0
113,台師大,東亞學系,,45.46,295.5
113,台師大,企業管理學系,企業管理,48.22,217.0
113,台師大,設計學系產品設計組,,44.88,359.0
113,台師大,音樂學系,,57.16,285.82
113,台師大,表演藝術學士學位學程,,47.94,215.75
113,台師大,設計學系視覺設計組,,55.02,357.6
113,台師大,美術學系繪畫組,,56.05,252.24
113,台師大,美術學系水墨畫組,,53.94,242.75
113,台師大,體育與運動科學系,,43.5,261.0
114,台師大,教育學系,,44.75,268.5
114,台師大,教育心理與輔導學系,心理,50.82,279.5
114,台師大,社會教育學系,,45.54,296.0
114,台師大,健康促進與衛生教育學系,,43.7,218.5
114,台師大,幼兒與家庭科學學系家庭生活與教育組,,42.56,287.25
114,台師大,幼兒與家庭科學學系幼兒發展與教育組,,43.11,291.0
114,台師大,公民教育與活動領導學系,,44.59,245.25
114,台師大,特殊教育學系,,45.71,160.0
114,台師大,學習科學學士學位學程,,44.7,223.5
114,台師大,教育學院學士班,,46.86,164.0
114,台師大,國文學系,中文,46.64,256.5
114,台師大,英語學系,外文,45.77,297.5
114,台師大,歷史學系,歷史,43.42,260.5
114,台師大,地理學系,地理,45.17,259.75
114,台師大,臺灣語文學系,,45.92,298.5
114,台師大,數學系,數學,41.25,165.0
114,台師大,物理學系,物理,47.33,177.5
114,台師大,物理學系國際組,物理,46.38,185.5
114,台師大,化學系,化學,44.55,245.0
114,台師大,生命科學系,生命科學,44.08,264.5
114,台師大,地球科學系,,41.85,272.0
114,台師大,資訊工程學系,資訊工程,46.67,280.0
114,台師大,營養科學學士學位學程,,43.0,279.5
114,台師大,科技應用與人力資源發展學系,,41.86,230.25
114,台師大,圖文傳播學系,新聞傳播,42.05,231.25
114,台師大,機電工程學系,,44.47,333.5
114,台師大,電機工程學系,電機工程,48.4,242.0
114,台師大,車輛與能源工程學士學位學程,,43.5,217.5
114,台師大,光電工程學士學位學程,光電,45.2,339.0
114,台師大,華語文教學系應用華語文學組,,47.4,237.0
114,台師大,東亞學系,,43.38,282.0
114,台師大,企業管理學系,企業管理,48.89,220.0
114,台師大,設計學系產品設計組,,47.35,272.25
114,台師大,音樂學系,,59.53,297.64
114,台師大,表演藝術學士學位學程,,49.44,222.5
114,台師大,設計學系視覺設計組,,53.65,348.7
114,台師大,美術學系繪畫組,,55.52,249.83
114,台師大,美術學系水墨畫組,,52.52,236.33
114,台師大,體育與運動科學系,,43.75,262.5
115,台師大,教育學系,,45.0,270.0
115,台師大,教育心理與輔導學系,心理,50.45,277.5
115,台師大,社會教育學系,,47.54,309.0
115,台師大,健康促進與衛生教育學系,,40.8,204.0
115,台師大,幼兒與家庭科學學系家庭生活與教育組,,41.19,278.0
115,台師大,幼兒與家庭科學學系幼兒發展與教育組,,41.67,281.25
115,台師大,公民教育與活動領導學系,,44.77,246.25
115,台師大,特殊教育學系,,47.71,167.0
115,台師大,學習科學學士學位學程,,42.2,211.0
115,台師大,教育學院學士班,,48.43,169.5
115,台師大,國文學系,中文,47.82,263.0
115,台師大,英語學系,外文,45.92,298.5
115,台師大,歷史學系,歷史,44.75,268.5
115,台師大,地理學系,地理,44.95,213.5
115,台師大,臺灣語文學系,,47.77,310.5
115,台師大,數學系,數學,39.75,159.0
115,台師大,物理學系,物理,44.6,167.25
115,台師大,物理學系國際組,物理,44.81,179.25
115,台師大,化學系,化學,42.45,233.5
115,台師大,生命科學系,生命科學,44.0,264.0
115,台師大,地球科學系,,39.31,255.5
115,台師大,資訊工程學系,資訊工程,44.42,266.5
115,台師大,營養科學學士學位學程,,43.0,279.5
115,台師大,科技應用與人力資源發展學系,,40.59,223.25
115,台師大,圖文傳播學系,新聞傳播,42.07,147.25
115,台師大,機電工程學系,,42.6,319.5
115,台師大,電機工程學系,電機工程,46.4,232.0
115,台師大,車輛與能源工程學士學位學程,,41.6,208.0
115,台師大,光電工程學士學位學程,光電,42.67,320.0
115,台師大,華語文教學系應用華語文學組,,47.88,191.5
115,台師大,東亞學系,,44.77,291.0
115,台師大,企業管理學系,企業管理,47.33,213.0
115,台師大,設計學系產品設計組,,45.7,262.75
115,台師大,音樂學系,,59.07,295.34
115,台師大,表演藝術學系,,47.78,215.0
115,台師大,設計學系視覺設計組,,53.24,346.05
115,台師大,美術學系繪畫組,,54.82,246.68
115,台師大,美術學系水墨畫組,,52.94,238.25
115,台師大,體育與運動科學系,,42.42,254.5
101,中興,中國文學系,中文,72.09,342.43
101,中興,外國語文學系,外文,76.38,458.3
101,中興,歷史學系,歷史,73.4,403.7
101,中興,財務金融學系,財務金融,81.43,325.7
101,中興,企業管理學系,企業管理,81.74,408.7
101,中興,法律學系,法律,78.78,393.9
101,中興,行銷學系,,81.6,408.0
101,中興,資訊管理學系,資訊管理,77.04,385.2
101,中興,會計學系,會計,81.34,325.35
101,中興,應用經濟學系,經濟,75.2,338.4
101,中興,化學系,化學,73.34,550.05
101,中興,物理學系一般物理組,物理,73.66,478.8
101,中興,物理學系光電物理組,光電,74.73,485.75
101,中興,應用數學系,數學,71.88,503.15
101,中興,資訊科學與工程學系,資訊工程,74.37,483.4
101,中興,機械工程學系,機械工程,74.0,555.0
101,中興,土木工程學系,土木工程,72.66,544.95
101,中興,環境工程學系,,72.55,471.6
101,中興,電機工程學系,電機工程,74.0,370.0
101,中興,化學工程學系,化學工程,73.42,367.1
101,中興,材料科學與工程學系,材料,73.52,367.6
101,中興,水土保持學系,,71.87,539.0
101,中興,生物產業機電工程學系,,71.62,358.1
101,中興,農藝學系,,71.17,462.6
101,中興,園藝學系,,72.18,505.25
101,中興,森林學系林學組,,71.96,431.75
101,中興,森林學系木材科學組,,70.1,438.13
101,中興,植物病理學系,,72.64,472.15
101,中興,昆蟲學系,,69.55,452.05
101,中興,動物科學系,,73.5,477.75
101,中興,土壤環境科學系,,69.68,522.6
101,中興,食品暨應用生物科技學系,,74.1,481.65
101,中興,生物科技學士學位學程,,74.92,561.9
101,中興,景觀與遊憩學士學位學程,,72.42,362.1
101,中興,國際農企業學士學位學程,,73.92,388.1
101,中興,生命科學系,生命科學,74.06,573.98
101,中興,獸醫學系,獸醫,82.28,617.1
102,中興,中國文學系,中文,76.59,363.8
102,中興,外國語文學系,外文,78.08,468.5
102,中興,歷史學系,歷史,75.73,416.5
102,中興,財務金融學系,財務金融,81.18,405.9
102,中興,企業管理學系,企業管理,80.46,402.3
102,中興,法律學系,法律,80.52,402.6
102,中興,行銷學系,,80.28,401.4
102,中興,資訊管理學系,資訊管理,73.66,368.3
102,中興,會計學系,會計,80.36,321.45
102,中興,應用經濟學系,經濟,73.09,328.9
102,中興,化學系,化學,68.38,512.85
102,中興,物理學系一般物理組,物理,67.92,441.5
102,中興,物理學系光電物理組,光電,69.12,449.3
102,中興,應用數學系,數學,65.02,455.15
102,中興,資訊科學與工程學系,資訊工程,69.21,449.85
102,中興,機械工程學系,機械工程,67.71,507.8
102,中興,土木工程學系,土木工程,66.34,497.55
102,中興,環境工程學系,,66.77,434.0
102,中興,電機工程學系,電機工程,69.82,349.1
102,中興,化學工程學系,化學工程,68.78,343.9
102,中興,材料科學與工程學系,材料,69.26,346.3
102,中興,水土保持學系,,64.83,486.25
102,中興,生物產業機電工程學系,,65.98,329.9
102,中興,生物產業機電工程學系(公費生),,80.78,403.9
102,中興,農藝學系,,69.12,449.25
102,中興,園藝學系,,71.15,498.05
102,中興,森林學系林學組,,68.89,413.35
102,中興,森林學系林學組(公費生),,85.88,515.3
102,中興,森林學系木材科學組,,65.08,406.78
102,中興,植物病理學系,,70.83,460.4
102,中興,昆蟲學系,,68.13,442.85
102,中興,動物科學系,,71.9,467.35
102,中興,土壤環境科學系,,67.29,504.7
102,中興,食品暨應用生物科技學系,,72.82,473.35
102,中興,生物科技學士學位學程,,72.23,541.7
102,中興,景觀與遊憩學士學位學程,,68.2,341.0
102,中興,國際農企業學士學位學程,,75.29,395.25
102,中興,生命科學系,生命科學,71.22,551.93
102,中興,獸醫學系,獸醫,81.92,614.4
103,中興,中國文學系,中文,76.54,363.55
103,中興,外國語文學系,外文,78.5,471.0
103,中興,歷史學系,歷史,76.56,421.1
103,中興,財務金融學系,財務金融,83.68,418.4
103,中興,企業管理學系,企業管理,82.46,412.3
103,中興,法律學系,法律,80.43,482.6
103,中興,行銷學系,,82.06,410.3
103,中興,資訊管理學系,資訊管理,69.24,346.2
103,中興,會計學系,會計,82.7,330.8
103,中興,應用經濟學系,經濟,69.51,312.8
103,中興,化學系,化學,67.57,506.8
103,中興,物理學系一般物理組,物理,66.11,429.7
103,中興,物理學系光電物理組,光電,67.21,436.85
103,中興,應用數學系,數學,63.42,443.95
103,中興,資訊科學與工程學系,資訊工程,67.51,438.8
103,中興,機械工程學系,機械工程,66.11,495.8
103,中興,土木工程學系,土木工程,64.53,484.0
103,中興,環境工程學系,,65.18,423.65
103,中興,電機工程學系,電機工程,68.38,341.9
103,中興,化學工程學系,化學工程,67.22,336.1
103,中興,材料科學與工程學系,材料,68.12,340.6
103,中興,水土保持學系,,63.03,472.7
103,中興,生物產業機電工程學系,,65.06,325.3
103,中興,農藝學系,,67.08,436.05
103,中興,園藝學系,,68.42,478.95
103,中興,森林學系林學組,,63.53,381.15
103,中興,森林學系木材科學組,,61.4,383.75
103,中興,植物病理學系,,67.6,439.4
103,中興,昆蟲學系,,62.76,407.95
103,中興,動物科學系,,69.87,454.15
103,中興,土壤環境科學系,,63.07,473.0
103,中興,食品暨應用生物科技學系,,70.68,459.4
103,中興,生物科技學士學位學程,,69.73,523.0
103,中興,景觀與遊憩學士學位學程,,64.33,321.65
103,中興,國際農企業學士學位學程,,70.59,370.6
103,中興,生命科學系,生命科學,68.17,528.33
103,中興,獸醫學系,獸醫,80.38,602.85
104,中興,中國文學系,中文,74.04,351.68
104,中興,外國語文學系,外文,71.68,430.1
104,中興,歷史學系,歷史,71.75,394.65
104,中興,財務金融學系,財務金融,71.26,356.3
104,中興,企業管理學系,企業管理,69.26,346.3
104,中興,法律學系,法律,74.05,444.3
104,中興,行銷學系,,69.24,346.2
104,中興,資訊管理學系,資訊管理,62.72,313.6
104,中興,會計學系,會計,71.03,284.1
104,中興,應用經濟學系,經濟,62.33,280.5
104,中興,化學系,化學,62.97,472.3
104,中興,物理學系一般物理組,物理,62.05,403.35
104,中興,物理學系光電物理組,光電,63.6,413.4
104,中興,應用數學系,數學,58.77,411.4
104,中興,資訊科學與工程學系,資訊工程,64.17,352.95
104,中興,機械工程學系,機械工程,62.84,471.3
104,中興,土木工程學系,土木工程,60.66,454.95
104,中興,環境工程學系,,61.94,402.6
104,中興,電機工程學系,電機工程,65.6,328.0
104,中興,化學工程學系,化學工程,64.22,321.1
104,中興,材料科學與工程學系,材料,64.54,322.7
104,中興,水土保持學系,,59.21,444.1
104,中興,生物產業機電工程學系,,61.64,308.2
104,中興,農藝學系,,63.25,411.15
104,中興,園藝學系,,63.69,445.85
104,中興,森林學系林學組,,59.54,357.25
104,中興,森林學系木材科學組,,56.48,352.98
104,中興,植物病理學系,,63.49,412.7
104,中興,昆蟲學系,,60.04,390.25
104,中興,動物科學系,,69.1,449.15
104,中興,土壤環境科學系,,59.75,478.0
104,中興,食品暨應用生物科技學系,,65.7,427.05
104,中興,生物科技學士學位學程,,67.72,440.2
104,中興,景觀與遊憩學士學位學程,,58.72,293.6
104,中興,國際農企業學士學位學程,,65.34,326.7
104,中興,生命科學系,生命科學,65.23,440.28
104,中興,獸醫學系,獸醫,78.26,508.7
105,中興,中國文學系,中文,71.6,340.1
105,中興,外國語文學系,外文,72.83,437.0
105,中興,歷史學系,歷史,71.54,393.45
105,中興,財務金融學系,財務金融,78.44,392.2
105,中興,企業管理學系,企業管理,77.24,386.2
105,中興,法律學系,法律,74.17,445.0
105,中興,行銷學系,,77.04,385.2
105,中興,資訊管理學系,資訊管理,67.28,336.4
105,中興,會計學系,會計,77.76,311.05
105,中興,應用經濟學系,經濟,66.71,300.2
105,中興,化學系,化學,66.87,501.5
105,中興,物理學系一般物理組,物理,64.75,420.85
105,中興,物理學系光電物理組,光電,66.07,429.45
105,中興,應用數學系,數學,60.76,425.35
105,中興,資訊科學與工程學系,資訊工程,68.05,374.3
105,中興,機械工程學系,機械工程,65.24,489.3
105,中興,土木工程學系,土木工程,62.47,468.55
105,中興,環境工程學系,,65.05,422.8
105,中興,電機工程學系,電機工程,67.82,339.1
105,中興,化學工程學系,化學工程,66.18,330.9
105,中興,材料科學與工程學系,材料,66.42,332.1
105,中興,水土保持學系,,60.67,455.05
105,中興,生物產業機電工程學系,,63.0,315.0
105,中興,農藝學系,,64.01,416.05
105,中興,園藝學系,,64.99,454.9
105,中興,森林學系林學組,,61.24,367.45
105,中興,森林學系木材科學組,,58.18,363.6
105,中興,植物病理學系,,65.18,423.65
105,中興,昆蟲學系,,61.62,400.5
105,中興,動物科學系,,69.12,449.25
105,中興,土壤環境科學系,,60.55,484.4
105,中興,食品暨應用生物科技學系,,66.56,432.65
105,中興,生物科技學士學位學程,,68.63,446.1
105,中興,景觀與遊憩學士學位學程,,60.54,302.7
105,中興,國際農企業學士學位學程,,69.2,346.0
105,中興,生命科學系,生命科學,67.17,453.38
105,中興,獸醫學系,獸醫,79.79,518.65
106,中興,中國文學系,中文,71.28,338.58
106,中興,外國語文學系,外文,74.97,449.8
106,中興,歷史學系,歷史,74.87,411.8
106,中興,財務金融學系,財務金融,79.98,399.9
106,中興,企業管理學系,企業管理,78.62,393.1
106,中興,法律學系,法律,76.98,461.9
106,中興,行銷學系,,78.62,393.1
106,中興,資訊管理學系,資訊管理,65.44,327.2
106,中興,會計學系,會計,78.7,550.9
106,中興,應用經濟學系,經濟,65.24,293.6
106,中興,化學系,化學,64.7,485.25
106,中興,物理學系一般物理組,物理,64.97,422.3
106,中興,物理學系光電物理組,光電,66.16,430.05
106,中興,應用數學系,數學,61.73,432.1
106,中興,資訊科學與工程學系,資訊工程,67.09,369.0
106,中興,機械工程學系,機械工程,64.99,487.4
106,中興,土木工程學系,土木工程,62.88,471.6
106,中興,環境工程學系,,64.38,418.5
106,中興,電機工程學系,電機工程,67.22,336.1
106,中興,化學工程學系,化學工程,65.46,327.3
106,中興,材料科學與工程學系,材料,66.36,331.8
106,中興,水土保持學系,,60.96,457.2
106,中興,生物產業機電工程學系,,63.42,317.1
106,中興,農藝學系,,62.09,403.6
106,中興,園藝學系,,62.5,437.5
106,中興,森林學系林學組,,59.87,359.2
106,中興,森林學系木材科學組,,57.21,357.55
106,中興,植物病理學系,,63.45,412.4
106,中興,昆蟲學系,,59.34,385.7
106,中興,動物科學系,,66.02,429.1
106,中興,土壤環境科學系,,59.13,473.0
106,中興,食品暨應用生物科技學系,,64.07,416.45
106,中興,生物科技學士學位學程,,68.33,444.15
106,中興,景觀與遊憩學士學位學程,,60.23,301.15
106,中興,國際農企業學士學位學程,,65.5,327.5
106,中興,生命科學系,生命科學,65.03,438.95
106,中興,獸醫學系,獸醫,77.78,505.55
107,中興,中國文學系,中文,73.76,350.35
107,中興,外國語文學系,外文,74.67,448.0
107,中興,歷史學系,歷史,73.85,406.2
107,中興,財務金融學系,財務金融,80.1,400.5
107,中興,企業管理學系,企業管理,78.56,392.8
107,中興,法律學系,法律,77.15,462.91
107,中興,行銷學系,,78.46,392.3
107,中興,資訊管理學系,資訊管理,71.7,358.5
107,中興,會計學系,會計,77.69,543.8
107,中興,應用經濟學系,經濟,70.42,316.9
107,中興,化學系,化學,67.49,506.2
107,中興,物理學系一般物理組,物理,66.88,434.7
107,中興,物理學系光電物理組,光電,69.04,448.75
107,中興,應用數學系應用數學組,數學,65.29,457.0
107,中興,應用數學系數據科學與計算組,數學,65.17,456.2
107,中興,資訊科學與工程學系,資訊工程,70.57,388.15
107,中興,機械工程學系,機械工程,67.7,507.73
107,中興,土木工程學系,土木工程,64.82,486.18
107,中興,環境工程學系,,65.32,424.55
107,中興,電機工程學系甲組,電機工程,74.42,372.1
107,中興,電機工程學系乙組,電機工程,72.62,435.7
107,中興,化學工程學系,化學工程,68.44,342.2
107,中興,材料科學與工程學系,材料,69.23,346.15
107,中興,水土保持學系,,63.42,475.68
107,中興,生物產業機電工程學系,,65.63,328.15
107,中興,農藝學系,,63.27,411.25
107,中興,園藝學系,,61.3,429.08
107,中興,森林學系林學組,,59.51,357.08
107,中興,森林學系木材科學組,,56.14,350.85
107,中興,植物病理學系,,64.0,415.98
107,中興,昆蟲學系,,58.32,379.08
107,中興,動物科學系,,68.92,447.98
107,中興,土壤環境科學系,,57.11,456.9
107,中興,食品暨應用生物科技學系,,64.27,417.78
107,中興,生物科技學士學位學程,,66.13,429.85
107,中興,景觀與遊憩學士學位學程,,64.73,323.65
107,中興,國際農企業學士學位學程,,67.32,336.6
107,中興,生命科學系,生命科學,64.19,433.26
107,中興,獸醫學系,獸醫,78.11,507.7
108,中興,中國文學系,中文,79.23,376.33
108,中興,外國語文學系,外文,76.13,456.8
108,中興,歷史學系,歷史,74.62,410.4
108,中興,財務金融學系,財務金融,83.7,418.5
108,中興,企業管理學系,企業管理,81.88,409.4
108,中興,法律學系,法律,80.69,484.15
108,中興,行銷學系,,81.86,409.3
108,中興,資訊管理學系,資訊管理,71.04,355.2
108,中興,會計學系,會計,79.49,556.4
108,中興,應用經濟學系,經濟,70.69,318.1
108,中興,化學系(自費),化學,68.2,511.5
108,中興,化學系(公費)-花蓮縣,化學,79.9,599.23
108,中興,物理學系一般物理組,物理,68.32,444.1
108,中興,物理學系光電物理組,光電,69.23,449.98
108,中興,應用數學系應用數學組,數學,65.73,460.08
108,中興,應用數學系數據科學與計算組,數學,66.05,462.35
108,中興,機械工程學系,機械工程,67.45,505.88
108,中興,土木工程學系,土木工程,64.43,483.23
108,中興,環境工程學系,,65.86,428.1
108,中興,化學工程學系,化學工程,69.8,349.0
108,中興,材料科學與工程學系,材料,70.46,352.3
108,中興,電機工程學系甲組,電機工程,76.45,382.25
108,中興,電機工程學系乙組,電機工程,70.68,424.05
108,中興,資訊科學與工程學系,資訊工程,71.14,391.25
108,中興,水土保持學系,,63.47,476.0
108,中興,生物產業機電工程學系,,67.7,338.5
108,中興,農藝學系,,68.17,443.08
108,中興,園藝學系,,66.95,468.63
108,中興,森林學系林學組,,60.69,364.15
108,中興,森林學系木材科學組,,59.67,372.93
108,中興,植物病理學系,,68.99,448.45
108,中興,昆蟲學系,,64.24,417.55
108,中興,動物科學系,,73.32,476.55
108,中興,土壤環境科學系,,61.29,490.3
108,中興,食品暨應用生物科技學系,,69.51,451.83
108,中興,生物科技學士學位學程,,71.43,464.3
108,中興,景觀與遊憩學士學位學程,,64.94,324.7
108,中興,國際農企業學士學位學程,,71.28,356.4
108,中興,生命科學系,生命科學,69.94,472.09
108,中興,獸醫學系,獸醫,81.07,526.93
109,中興,中國文學系,中文,75.39,358.1
109,中興,外國語文學系,外文,71.8,430.8
109,中興,歷史學系,歷史,70.75,389.1
109,中興,台灣人文創新學士學位學程,,76.03,342.15
109,中興,財務金融學系,財務金融,77.78,388.9
109,中興,企業管理學系,企業管理,75.6,378.0
109,中興,法律學系,法律,74.97,449.8
109,中興,行銷學系,,75.66,378.3
109,中興,資訊管理學系,資訊管理,65.7,328.5
109,中興,會計學系,會計,74.7,522.9
109,中興,應用經濟學系,經濟,65.78,296.0
109,中興,化學系,化學,64.98,487.35
109,中興,物理學系一般物理組,物理,64.6,419.88
109,中興,物理學系光電物理組,光電,66.14,429.9
109,中興,應用數學系應用數學組,數學,62.06,434.45
109,中興,應用數學系數據科學與計算組,數學,62.13,434.88
109,中興,機械工程學系,機械工程,63.15,473.65
109,中興,土木工程學系,土木工程,60.46,453.48
109,中興,環境工程學系,,63.13,410.35
109,中興,化學工程學系,化學工程,66.77,333.85
109,中興,材料科學與工程學系,材料,67.59,337.95
109,中興,資訊科學與工程學系,資訊工程,67.96,373.8
109,中興,電機工程學系甲組,電機工程,75.42,377.1
109,中興,電機工程學系乙組,電機工程,70.29,421.75
109,中興,電機資訊學院學士班,,70.78,353.9
109,中興,水土保持學系,,59.12,443.43
109,中興,生物產業機電工程學系,,62.93,314.65
109,中興,農藝學系,,61.15,397.5
109,中興,園藝學系,,59.94,419.55
109,中興,森林學系林學組,,57.0,341.98
109,中興,森林學系木材科學組,,56.78,354.9
109,中興,植物病理學系,,63.03,409.68
109,中興,昆蟲學系,,58.48,380.1
109,中興,動物科學系,,67.2,436.78
109,中興,土壤環境科學系,,58.18,465.4
109,中興,食品暨應用生物科技學系,,65.18,423.65
109,中興,生物科技學士學位學程,,67.57,439.23
109,中興,景觀與遊憩學士學位學程,,59.1,295.5
109,中興,國際農企業學士學位學程,,65.52,327.6
109,中興,生命科學系,生命科學,64.41,434.74
109,中興,獸醫學系,獸醫,78.35,509.25
110,中興,中國文學系,中文,75.74,359.75
110,中興,外國語文學系,外文,75.02,450.1
110,中興,歷史學系,歷史,74.75,411.15
110,中興,台灣人文創新學士學位學程,,77.48,464.9
110,中興,財務金融學系,財務金融,79.7,398.5
110,中興,企業管理學系,企業管理,77.56,387.8
110,中興,法律學系,法律,77.27,463.6
110,中興,行銷學系,,77.46,387.3
110,中興,資訊管理學系,資訊管理,66.72,333.6
110,中興,會計學系,會計,79.5,397.5
110,中興,應用經濟學系,經濟,66.42,298.9
110,中興,化學系,化學,60.4,452.98
110,中興,物理學系一般物理組,物理,58.67,381.35
110,中興,物理學系光電物理組,光電,60.28,391.85
110,中興,應用數學系應用數學組,數學,55.98,391.85
110,中興,應用數學系數據科學與計算組,數學,56.31,394.18
110,中興,機械工程學系,機械工程,57.32,429.93
110,中興,土木工程學系,土木工程,54.21,406.55
110,中興,環境工程學系,,56.41,366.65
110,中興,化學工程學系,化學工程,61.74,308.7
110,中興,材料科學與工程學系,材料,63.56,317.8
110,中興,智慧創意工程學士學位學程,,61.11,336.13
110,中興,資訊科學與工程學系,資訊工程,68.66,377.65
110,中興,電機工程學系甲組,電機工程,72.37,361.85
110,中興,電機工程學系乙組,電機工程,69.47,364.7
110,中興,電機資訊學院學士班,,69.06,345.3
110,中興,水土保持學系,,51.53,386.5
110,中興,生物產業機電工程學系,,57.28,286.4
110,中興,農藝學系,,57.85,376.05
110,中興,園藝學系,,57.11,399.75
110,中興,森林學系林學組,,51.63,309.75
110,中興,森林學系木材科學組,,50.54,315.85
110,中興,植物病理學系,,61.47,399.58
110,中興,昆蟲學系,,54.79,356.15
110,中興,動物科學系,,64.44,418.85
110,中興,土壤環境科學系,,52.05,416.4
110,中興,食品暨應用生物科技學系,,63.1,410.18
110,中興,生物科技學士學位學程,,64.4,418.6
110,中興,景觀與遊憩學士學位學程,,55.23,276.15
110,中興,國際農企業學士學位學程,,61.8,309.0
110,中興,生命科學系,生命科學,62.02,418.65
110,中興,獸醫學系,獸醫,78.09,507.58
111,中興,中國文學系,中文,40.32,191.5
111,中興,外國語文學系,外文,42.4,212.0
111,中興,歷史學系,歷史,43.78,197.0
111,中興,台灣人文創新學士學位學程,,46.25,277.5
111,中興,財務金融學系,財務金融,47.5,285.0
111,中興,企業管理學系,企業管理,46.0,276.0
111,中興,法律學系,法律,47.5,285.0
111,中興,行銷學系,,45.2,226.0
111,中興,資訊管理學系,資訊管理,40.0,200.0
111,中興,會計學系,會計,47.17,283.0
111,中興,應用經濟學系,經濟,39.44,177.5
111,中興,化學系,化學,36.33,272.5
111,中興,物理學系一般物理組,物理,35.23,229.0
111,中興,物理學系光電物理組,光電,36.77,239.0
111,中興,應用數學系應用數學組,數學,32.79,229.5
111,中興,應用數學系數據科學與計算組,數學,33.14,232.0
111,中興,機械工程學系,機械工程,34.27,257.0
111,中興,土木工程學系,土木工程,33.0,247.5
111,中興,環境工程學系,,33.0,214.5
111,中興,化學工程學系,化學工程,38.8,194.0
111,中興,材料科學與工程學系,材料,40.0,200.0
111,中興,智慧創意工程學士學位學程,,38.73,213.0
111,中興,資訊工程學系,資訊工程,43.09,237.0
111,中興,電機工程學系甲組,電機工程,45.6,228.0
111,中興,電機工程學系乙組,電機工程,43.43,228.0
111,中興,電機資訊學院學士班,,42.6,213.0
111,中興,水土保持學系,,32.0,208.0
111,中興,生物產業機電工程學系,,34.2,171.0
111,中興,農藝學系,,32.46,211.0
111,中興,園藝學系,,23.93,167.5
111,中興,森林學系林學組,,28.0,168.0
111,中興,森林學系木材科學組,,26.44,165.25
111,中興,植物病理學系,,33.92,220.5
111,中興,昆蟲學系,,32.46,211.0
111,中興,動物科學系,,37.46,243.5
111,中興,土壤環境科學系,,28.75,230.0
111,中興,食品暨應用生物科技學系,,34.77,226.0
111,中興,生物科技學士學位學程,,37.08,241.0
111,中興,景觀與遊憩學士學位學程,,32.0,192.0
111,中興,國際農企業學士學位學程,,32.4,162.0
111,中興,生命科學系,生命科學,39.82,219.0
111,中興,獸醫學系,獸醫,48.77,317.0
112,中興,中國文學系,中文,45.11,214.25
112,中興,外國語文學系,外文,47.5,190.0
112,中興,歷史學系,歷史,46.78,210.5
112,中興,台灣人文創新學士學位學程,,48.92,293.5
112,中興,財務金融學系,財務金融,41.6,208.0
112,中興,企業管理學系,企業管理,43.67,262.0
112,中興,法律學系,法律,48.5,291.0
112,中興,行銷學系,,48.2,241.0
112,中興,資訊管理學系,資訊管理,42.8,214.0
112,中興,會計學系,會計,45.33,272.0
112,中興,應用經濟學系,經濟,41.22,185.5
112,中興,化學系,化學,40.27,302.0
112,中興,物理學系一般物理組,物理,40.31,262.0
112,中興,物理學系光電物理組,光電,41.92,272.5
112,中興,應用數學系應用數學組,數學,38.29,268.0
112,中興,應用數學系數據科學與計算組,數學,38.43,269.0
112,中興,機械工程學系,機械工程,40.33,302.5
112,中興,土木工程學系,土木工程,41.92,272.5
112,中興,環境工程學系,,38.69,251.5
112,中興,化學工程學系,化學工程,42.4,212.0
112,中興,材料科學與工程學系,材料,43.2,216.0
112,中興,智慧創意工程學士學位學程,,41.09,226.0
112,中興,資訊工程學系,資訊工程,45.73,251.5
112,中興,電機工程學系甲組,電機工程,47.8,239.0
112,中興,電機工程學系乙組,電機工程,46.19,242.5
112,中興,電機資訊學院學士班,,45.2,226.0
112,中興,水土保持學系,,36.85,239.5
112,中興,生物產業機電工程學系,,39.4,197.0
112,中興,農藝學系,,37.31,242.5
112,中興,園藝學系,,37.64,263.5
112,中興,森林學系林學組,,34.33,206.0
112,中興,森林學系木材科學組,,33.84,211.5
112,中興,植物病理學系,,39.15,254.5
112,中興,昆蟲學系,,36.23,235.5
112,中興,動物科學系,,43.15,280.5
112,中興,土壤環境科學系,,35.14,246.0
112,中興,食品暨應用生物科技學系,,39.92,259.5
112,中興,生物科技學士學位學程,,43.45,239.0
112,中興,景觀與遊憩學士學位學程,,36.92,221.5
112,中興,國際農企業學士學位學程,,33.27,216.25
112,中興,生命科學系,生命科學,41.61,187.25
112,中興,獸醫學系,獸醫,48.36,266.0
113,中興,中國文學系,中文,45.32,215.25
113,中興,外國語文學系,外文,47.25,189.0
113,中興,歷史學系,歷史,46.44,209.0
113,中興,台灣人文創新學士學位學程,,47.92,287.5
113,中興,財務金融學系,財務金融,44.0,220.0
113,中興,企業管理學系,企業管理,43.33,260.0
113,中興,資訊管理學系,資訊管理,44.4,222.0
113,中興,會計學系,會計,42.5,255.0
113,中興,行銷學系,,47.6,238.0
113,中興,應用經濟學系,經濟,43.56,196.0
113,中興,法律學系,法律,48.33,290.0
113,中興,化學系,化學,43.4,325.5
113,中興,物理學系一般物理組,物理,43.15,280.5
113,中興,物理學系光電物理組,光電,44.08,286.5
113,中興,應用數學系應用數學組,數學,40.14,281.0
113,中興,應用數學系數據科學與計算組,數學,40.64,284.5
113,中興,機械工程學系,機械工程,42.53,319.0
113,中興,土木工程學系,土木工程,42.08,273.5
113,中興,環境工程學系,,41.0,266.5
113,中興,化學工程學系,化學工程,44.4,222.0
113,中興,材料科學與工程學系,材料,45.2,226.0
113,中興,智慧創意工程學士學位學程,,44.0,242.0
113,中興,電機工程學系甲組,電機工程,50.4,252.0
113,中興,電機工程學系乙組,電機工程,48.95,257.0
113,中興,資訊工程學系,資訊工程,47.24,200.75
113,中興,電機資訊學院學士班,,47.8,239.0
113,中興,生物產業機電工程學系,,41.6,208.0
113,中興,水土保持學系,,37.92,246.5
113,中興,食品暨應用生物科技學系,,42.0,273.0
113,中興,農藝學系,,39.27,216.0
113,中興,園藝學系,,38.43,269.0
113,中興,森林學系林學組,,36.92,221.5
113,中興,森林學系木材科學組,,35.2,220.0
113,中興,植物病理學系,,40.92,266.0
113,中興,昆蟲學系,,38.73,213.0
113,中興,動物科學系,,43.69,284.0
113,中興,土壤環境科學系,,36.29,254.0
113,中興,生物科技學士學位學程,,43.69,284.0
113,中興,景觀與遊憩學士學位學程,,42.43,148.5
113,中興,國際農企業學士學位學程,,38.26,181.75
113,中興,生命科學系(自費),生命科學,45.06,202.75
113,中興,生命科學系(公費),生命科學,53.0,238.5
113,中興,獸醫學系,獸醫,50.64,278.5
114,中興,中國文學系,中文,43.79,208.0
114,中興,外國語文學系,外文,47.25,189.0
114,中興,歷史學系,歷史,45.56,205.0
114,中興,台灣人文創新學士學位學程,,46.33,278.0
114,中興,財務金融學系,財務金融,49.4,247.0
114,中興,企業管理學系,企業管理,46.17,277.0
114,中興,資訊管理學系,資訊管理,45.0,225.0
114,中興,會計學系,會計,42.33,254.0
114,中興,行銷學系,,47.2,236.0
114,中興,應用經濟學系,經濟,43.56,196.0
114,中興,法律學系,法律,47.92,287.5
114,中興,化學系,化學,44.13,331.0
114,中興,物理學系一般物理組,物理,44.77,291.0
114,中興,物理學系光電物理組,光電,45.62,296.5
114,中興,應用數學系應用數學組,數學,41.64,291.5
114,中興,應用數學系數據科學與計算組,數學,42.07,294.5
114,中興,機械工程學系甲組,機械工程,43.87,329.0
114,中興,機械工程學系乙組,機械工程,46.4,348.0
114,中興,土木工程學系,土木工程,41.62,270.5
114,中興,環境工程學系,,42.31,275.0
114,中興,化學工程學系,化學工程,45.6,228.0
114,中興,材料科學與工程學系,材料,47.0,235.0
114,中興,智慧創意工程學士學位學程,,44.18,243.0
114,中興,電機工程學系甲組,電機工程,51.4,257.0
114,中興,電機工程學系乙組,電機工程,50.1,263.0
114,中興,資訊工程學系,資訊工程,48.75,195.0
114,中興,電機資訊學院學士班,,48.8,244.0
114,中興,生物產業機電工程學系,,42.8,214.0
114,中興,水土保持學系,,39.54,257.0
114,中興,食品暨應用生物科技學系,,43.45,239.0
114,中興,農藝學系,,39.64,218.0
114,中興,園藝學系,,39.5,276.5
114,中興,森林學系林學組,,37.33,224.0
114,中興,森林學系木材科學組,,35.96,224.75
114,中興,植物病理學系,,40.62,264.0
114,中興,昆蟲學系,,39.82,219.0
114,中興,動物科學系,,43.38,282.0
114,中興,土壤環境科學系,,37.0,259.0
114,中興,生物科技學士學位學程,,45.27,249.0
114,中興,景觀與遊憩學士學位學程,,43.29,151.5
114,中興,國際農企業學士學位學程,,41.78,188.0
114,中興,生命科學系,生命科學,44.56,200.5
114,中興,獸醫學系,獸醫,53.29,226.5
115,中興,中國文學系,中文,45.47,216.0
115,中興,外國語文學系,外文,47.5,190.0
115,中興,歷史學系,歷史,47.33,213.0
115,中興,台灣人文創新學士學位學程,,48.17,289.0
115,中興,財務金融學系,財務金融,47.8,239.0
115,中興,企業管理學系,企業管理,44.67,268.0
115,中興,資訊管理學系,資訊管理,42.4,212.0
115,中興,會計學系,會計,42.67,256.0
115,中興,行銷學系,,44.6,223.0
115,中興,應用經濟學系,經濟,41.33,186.0
115,中興,法律學系,法律,47.0,282.0
115,中興,化學系,化學,42.6,319.5
115,中興,物理學系一般物理組,物理,42.92,279.0
115,中興,物理學系光電物理組,光電,44.15,287.0
115,中興,應用數學系應用數學組,數學,39.36,275.5
115,中興,應用數學系數據科學與計算組,數學,39.93,279.5
115,中興,機械工程學系甲組,機械工程,41.73,313.0
115,中興,機械工程學系乙組,機械工程,45.47,341.0
115,中興,土木工程學系,土木工程,39.38,256.0
115,中興,環境工程學系,,40.46,263.0
115,中興,化學工程學系,化學工程,44.2,221.0
115,中興,材料科學與工程學系,材料,45.2,226.0
115,中興,智慧創意工程學士學位學程,,41.91,230.5
115,中興,電機工程學系甲組,電機工程,49.2,246.0
115,中興,電機工程學系乙組,電機工程,47.86,251.25
115,中興,資訊工程學系,資訊工程,44.5,178.0
115,中興,電機資訊學院學士班,,46.6,233.0
115,中興,生物產業機電工程學系,,41.0,205.0
115,中興,水土保持學系,,39.33,295.0
115,中興,食品暨應用生物科技學系,,42.18,232.0
115,中興,農藝學系,,39.55,217.5
115,中興,園藝學系,,39.07,273.5
115,中興,森林學系林學組,,36.67,220.0
115,中興,森林學系木材科學組,,35.36,221.0
115,中興,植物病理學系,,40.5,202.5
115,中興,昆蟲學系,,38.64,212.5
115,中興,動物科學系,,43.77,284.5
115,中興,土壤環境科學系,,36.43,255.0
115,中興,生物科技學士學位學程,,45.45,250.0
115,中興,景觀與遊憩學士學位學程,,43.43,152.0
115,中興,國際農企業學士學位學程,,46.67,210.0
115,中興,生命科學系,生命科學,43.11,194.0
115,中興,獸醫學系,獸醫,51.1,268.25
101,成大,中國文學系,中文,74.82,411.5
101,成大,外國語文學系,外文,77.62,504.5
101,成大,歷史學系,歷史,74.8,374.0
101,成大,台灣文學系,,73.86,517.0
101,成大,數學系,數學,82.64,413.2
101,成大,物理學系物理組,物理,80.59,483.55
101,成大,物理學系光電科學組,光電,82.25,493.5
101,成大,化學系,化學,77.58,426.7
101,成大,地球科學系,,74.86,374.3
101,成大,光電科學與工程學系,光電,79.5,397.5
101,成大,機械工程學系,機械工程,79.14,494.65
101,成大,化學工程學系,化學工程,78.08,390.4
101,成大,資源工程學系,,76.52,497.35
101,成大,材料科學及工程學系,材料,79.38,396.9
101,成大,土木工程學系,土木工程,76.18,380.9
101,成大,水利及海洋工程學系,,75.5,377.5
101,成大,工程科學系,,77.92,389.6
101,成大,系統及船舶機電工程學系,,76.1,380.5
101,成大,航空太空工程學系,,77.26,386.3
101,成大,環境工程學系,,76.62,383.1
101,成大,測量及空間資訊學系,,75.06,375.3
101,成大,生物醫學工程學系,生醫工程,78.38,391.9
101,成大,電機工程學系,電機工程,81.38,406.9
101,成大,資訊工程學系,資訊工程,78.58,392.9
101,成大,建築學系,建築,79.89,459.35
101,成大,都市計劃學系,,75.39,490.05
101,成大,工業設計學系,,78.74,472.45
101,成大,工業與資訊管理學系,資訊管理,76.76,383.8
101,成大,交通管理科學系,,75.6,378.0
101,成大,企業管理學系,企業管理,78.44,392.2
101,成大,會計學系,會計,81.16,568.1
101,成大,統計學系,統計,78.64,314.55
101,成大,生命科學系,生命科學,76.99,519.7
101,成大,醫學系,醫學,88.52,531.1
101,成大,醫學檢驗生物技術學系,醫檢,78.02,526.65
101,成大,護理學系,護理,75.0,393.75
101,成大,物理治療學系,物理治療,77.73,485.8
101,成大,職能治療學系,職能治療,77.33,464.0
101,成大,政治學系,政治,77.51,426.28
101,成大,經濟學系,經濟,83.37,458.55
101,成大,法律學系,法律,79.7,398.5
101,成大,心理學系,心理,76.63,536.4
101,成大,成功大學學士學位學程,,80.9,404.5
102,成大,中國文學系,中文,76.79,422.35
102,成大,外國語文學系,外文,79.32,515.6
102,成大,歷史學系,歷史,78.57,392.85
102,成大,台灣文學系,,75.71,530.0
102,成大,數學系,數學,74.64,373.2
102,成大,物理學系物理組,物理,76.21,457.25
102,成大,物理學系光電科學組,光電,78.85,473.1
102,成大,化學系,化學,74.0,407.0
102,成大,地球科學系,,70.9,354.5
102,成大,光電科學與工程學系,光電,76.26,381.3
102,成大,機械工程學系,機械工程,74.26,371.3
102,成大,化學工程學系,化學工程,74.66,373.3
102,成大,資源工程學系,,71.89,467.3
102,成大,材料科學及工程學系,材料,75.74,378.7
102,成大,土木工程學系,土木工程,71.86,359.3
102,成大,水利及海洋工程學系,,71.38,356.9
102,成大,工程科學系,,73.6,368.0
102,成大,系統及船舶機電工程學系,,72.16,360.8
102,成大,航空太空工程學系,,73.5,367.5
102,成大,環境工程學系,,72.78,363.9
102,成大,測量及空間資訊學系,,70.74,353.7
102,成大,生物醫學工程學系,生醫工程,74.68,373.4
102,成大,資訊工程學系,資訊工程,75.2,376.0
102,成大,電機工程學系,電機工程,79.32,396.6
102,成大,建築學系,建築,78.54,451.63
102,成大,都市計劃學系,,72.25,469.65
102,成大,工業設計學系,,74.24,445.45
102,成大,工業與資訊管理學系,資訊管理,72.58,362.9
102,成大,交通管理科學系,,71.48,357.4
102,成大,企業管理學系,企業管理,80.46,402.3
102,成大,會計學系,會計,82.57,578.0
102,成大,統計學系,統計,77.11,308.45
102,成大,生命科學系,生命科學,75.18,545.08
102,成大,醫學系,醫學,89.12,534.7
102,成大,醫學檢驗生物技術學系,醫檢,76.46,516.13
102,成大,護理學系,護理,73.22,457.65
102,成大,物理治療學系,物理治療,75.86,474.13
102,成大,職能治療學系,職能治療,75.92,455.5
102,成大,政治學系,政治,79.03,434.65
102,成大,經濟學系,經濟,83.05,456.75
102,成大,法律學系,法律,81.5,407.5
102,成大,心理學系,心理,73.99,517.95
102,成大,成功大學學士學位學程,,77.66,388.3
103,成大,中國文學系,中文,77.03,423.65
103,成大,外國語文學系,外文,80.16,521.05
103,成大,歷史學系,歷史,78.98,394.88
103,成大,台灣文學系,,76.03,532.2
103,成大,數學系,數學,71.07,355.35
103,成大,物理學系物理組,物理,73.82,442.9
103,成大,物理學系光電科學組,光電,75.56,453.35
103,成大,化學系,化學,73.35,403.4
103,成大,地球科學系,,69.42,347.1
103,成大,光電科學與工程學系,光電,74.5,372.5
103,成大,機械工程學系,機械工程,72.26,361.3
103,成大,化學工程學系,化學工程,73.58,367.9
103,成大,資源工程學系,,70.32,457.05
103,成大,材料科學及工程學系,材料,74.96,374.8
103,成大,土木工程學系,土木工程,70.92,354.6
103,成大,水利及海洋工程學系,,70.08,350.4
103,成大,工程科學系,,72.28,361.4
103,成大,系統及船舶機電工程學系,,70.84,354.2
103,成大,航空太空工程學系,,71.96,359.8
103,成大,環境工程學系,,70.9,354.5
103,成大,測量及空間資訊學系,,69.84,349.2
103,成大,生物醫學工程學系,生醫工程,73.26,366.3
103,成大,資訊工程學系,資訊工程,74.26,371.3
103,成大,電機工程學系,電機工程,77.28,386.4
103,成大,建築學系,建築,76.25,438.43
103,成大,都市計劃學系,,69.87,454.15
103,成大,工業設計學系,,72.88,437.3
103,成大,工業與資訊管理學系,資訊管理,70.76,353.8
103,成大,交通管理科學系,,70.08,350.4
103,成大,企業管理學系,企業管理,81.38,406.9
103,成大,會計學系,會計,83.89,587.2
103,成大,統計學系,統計,72.14,288.55
103,成大,生命科學系,生命科學,73.62,533.75
103,成大,醫學系,醫學,86.53,519.2
103,成大,醫學檢驗生物技術學系,醫檢,74.77,504.68
103,成大,護理學系,護理,71.38,446.1
103,成大,物理治療學系,物理治療,74.65,466.58
103,成大,職能治療學系,職能治療,73.5,441.0
103,成大,藥學系,藥學,82.09,513.05
103,成大,政治學系,政治,79.83,439.05
103,成大,經濟學系,經濟,84.21,463.15
103,成大,法律學系,法律,82.6,413.0
103,成大,心理學系,心理,71.49,500.4
103,成大,成功大學學士學位學程,,76.88,384.4
104,成大,中國文學系,中文,71.36,392.5
104,成大,外國語文學系,外文,74.08,481.55
104,成大,歷史學系,歷史,77.2,386.0
104,成大,台灣文學系,,70.27,491.9
104,成大,數學系,數學,69.84,349.2
104,成大,物理學系物理組,物理,71.65,429.9
104,成大,物理學系光電科學組,光電,74.12,444.7
104,成大,化學系,化學,70.44,387.4
104,成大,地球科學系,,65.94,329.7
104,成大,光電科學與工程學系,光電,71.72,358.6
104,成大,機械工程學系,機械工程,70.16,350.8
104,成大,化學工程學系,化學工程,70.36,351.8
104,成大,材料科學及工程學系,材料,72.52,362.6
104,成大,資源工程學系,,67.58,337.9
104,成大,土木工程學系,土木工程,68.14,340.7
104,成大,水利及海洋工程學系,,66.13,446.4
104,成大,工程科學系,,70.04,350.2
104,成大,系統及船舶機電工程學系,,68.12,340.6
104,成大,航空太空工程學系,,69.78,348.9
104,成大,環境工程學系,,67.94,339.7
104,成大,測量及空間資訊學系,,65.62,328.1
104,成大,生物醫學工程學系,生醫工程,70.4,352.0
104,成大,工業與資訊管理學系,資訊管理,68.72,343.6
104,成大,交通管理科學系,,66.34,331.7
104,成大,企業管理學系,企業管理,73.1,219.3
104,成大,統計學系,統計,67.4,269.6
104,成大,會計學系,會計,75.47,528.3
104,成大,醫學系,醫學,88.4,442.0
104,成大,醫學檢驗生物技術學系,醫檢,72.1,414.6
104,成大,護理學系,護理,68.27,358.4
104,成大,職能治療學系,職能治療,71.12,355.6
104,成大,物理治療學系,物理治療,72.67,381.53
104,成大,藥學系,藥學,79.68,418.3
104,成大,政治學系,政治,72.84,400.63
104,成大,經濟學系,經濟,73.65,405.05
104,成大,法律學系,法律,75.82,379.1
104,成大,心理學系,心理,68.83,413.0
104,成大,電機工程學系,電機工程,77.0,385.0
104,成大,資訊工程學系,資訊工程,72.92,364.6
104,成大,建築學系,建築,75.13,432.0
104,成大,都市計劃學系,,66.73,433.75
104,成大,工業設計學系,,70.37,422.2
104,成大,生命科學系,生命科學,70.96,443.53
104,成大,生物科技與產業科學系,,71.12,444.5
104,成大,大一全校不分系學士學位學程,,76.42,382.1
105,成大,中國文學系,中文,72.6,399.3
105,成大,外國語文學系,外文,75.0,487.5
105,成大,歷史學系,歷史,73.53,367.63
105,成大,台灣文學系,,70.89,496.2
105,成大,數學系,數學,73.29,366.45
105,成大,物理學系物理組,物理,73.63,441.75
105,成大,物理學系光電科學組,光電,76.3,457.8
105,成大,化學系,化學,73.2,402.6
105,成大,地球科學系,,68.6,343.0
105,成大,光電科學與工程學系,光電,74.2,371.0
105,成大,機械工程學系,機械工程,72.5,362.5
105,成大,化學工程學系,化學工程,72.9,364.5
105,成大,材料科學及工程學系,材料,74.68,373.4
105,成大,資源工程學系,,69.62,348.1
105,成大,土木工程學系,土木工程,70.26,351.3
105,成大,水利及海洋工程學系,,69.49,451.7
105,成大,工程科學系,,72.3,361.5
105,成大,系統及船舶機電工程學系,,71.0,355.0
105,成大,航空太空工程學系,,72.24,361.2
105,成大,環境工程學系,,70.14,350.7
105,成大,測量及空間資訊學系,,68.7,343.5
105,成大,生物醫學工程學系,生醫工程,72.9,364.5
105,成大,工業與資訊管理學系,資訊管理,71.2,356.0
105,成大,交通管理科學系,,69.28,346.4
105,成大,企業管理學系,企業管理,78.63,235.9
105,成大,統計學系,統計,71.34,285.35
105,成大,會計學系,會計,78.36,548.5
105,成大,醫學系,醫學,89.74,448.7
105,成大,醫學系(公費),醫學,86.18,430.9
105,成大,醫學檢驗生物技術學系,醫檢,74.43,427.95
105,成大,護理學系,護理,71.47,375.23
105,成大,職能治療學系,職能治療,74.04,370.2
105,成大,物理治療學系,物理治療,75.34,395.55
105,成大,藥學系,藥學,81.35,427.1
105,成大,政治學系,政治,74.31,408.7
105,成大,經濟學系,經濟,79.85,439.15
105,成大,法律學系,法律,77.14,385.7
105,成大,心理學系,心理,72.71,436.25
105,成大,電機工程學系,電機工程,78.82,394.1
105,成大,資訊工程學系,資訊工程,75.04,375.2
105,成大,建築學系,建築,77.43,445.25
105,成大,都市計劃學系,,68.66,446.3
105,成大,工業設計學系,,72.83,437.0
105,成大,生命科學系,生命科學,74.47,465.43
105,成大,生物科技與產業科學系,,73.53,459.58
105,成大,大一全校不分系學士學位學程,,78.44,392.2
106,成大,中國文學系,中文,74.91,412.0
106,成大,外國語文學系,外文,76.55,497.55
106,成大,歷史學系,歷史,75.83,379.15
106,成大,台灣文學系,,72.11,504.8
106,成大,數學系,數學,73.09,365.45
106,成大,物理學系,物理,71.54,429.25
106,成大,化學系,化學,71.39,428.35
106,成大,地球科學系,,66.9,334.5
106,成大,光電科學與工程學系,光電,72.9,364.5
106,成大,機械工程學系,機械工程,71.26,356.3
106,成大,化學工程學系,化學工程,72.14,360.7
106,成大,材料科學及工程學系,材料,74.08,370.4
106,成大,資源工程學系,,68.4,342.0
106,成大,土木工程學系,土木工程,69.36,346.8
106,成大,水利及海洋工程學系,,67.77,440.5
106,成大,工程科學系,,71.24,356.2
106,成大,系統及船舶機電工程學系,,69.56,347.8
106,成大,航空太空工程學系,,71.1,355.5
106,成大,環境工程學系,,69.14,345.7
106,成大,測量及空間資訊學系,,67.32,336.6
106,成大,生物醫學工程學系,生醫工程,71.42,357.1
106,成大,工業與資訊管理學系,資訊管理,70.26,351.3
106,成大,交通管理科學系,,67.88,339.4
106,成大,企業管理學系,企業管理,79.33,238.0
106,成大,統計學系,統計,69.14,276.55
106,成大,會計學系,會計,81.79,572.5
106,成大,醫學系,醫學,88.58,442.9
106,成大,醫學系(公費),醫學,84.68,423.4
106,成大,醫學檢驗生物技術學系,醫檢,73.15,420.6
106,成大,護理學系,護理,69.21,363.33
106,成大,職能治療學系,職能治療,74.14,370.7
106,成大,物理治療學系,物理治療,74.7,392.18
106,成大,藥學系,藥學,79.02,414.85
106,成大,政治學系,政治,76.83,422.55
106,成大,經濟學系,經濟,80.6,443.3
106,成大,法律學系,法律,79.84,399.2
106,成大,心理學系,心理,69.68,418.05
106,成大,電機工程學系,電機工程,77.1,385.5
106,成大,資訊工程學系,資訊工程,75.36,376.8
106,成大,建築學系,建築,75.03,431.43
106,成大,都市計劃學系,,66.62,433.0
106,成大,工業設計學系,,71.34,428.05
106,成大,生命科學系,生命科學,72.24,451.53
106,成大,生物科技與產業科學系,,71.66,447.85
106,成大,大一全校不分系學士學位學程,,76.4,382.0
107,成大,中國文學系,中文,74.39,409.13
107,成大,外國語文學系,外文,77.02,500.6
107,成大,歷史學系,歷史,75.99,379.96
107,成大,台灣文學系,,72.89,510.2
107,成大,數學系,數學,75.29,376.45
107,成大,物理學系,物理,74.88,449.25
107,成大,化學系,化學,73.87,443.2
107,成大,地球科學系,,69.22,346.1
107,成大,光電科學與工程學系,光電,75.96,379.8
107,成大,機械工程學系,機械工程,73.57,367.85
107,成大,化學工程學系,化學工程,74.91,374.55
107,成大,材料科學及工程學系,材料,76.88,384.4
107,成大,資源工程學系,,70.65,353.25
107,成大,土木工程學系,土木工程,71.61,358.05
107,成大,水利及海洋工程學系,,69.94,454.6
107,成大,工程科學系,,73.8,369.0
107,成大,系統及船舶機電工程學系,,72.17,360.85
107,成大,航空太空工程學系,,73.57,367.83
107,成大,環境工程學系,,71.45,357.25
107,成大,測量及空間資訊學系,,70.27,351.35
107,成大,生物醫學工程學系,生醫工程,74.26,371.3
107,成大,工業與資訊管理學系,資訊管理,72.66,363.3
107,成大,交通管理科學系,,70.42,352.1
107,成大,企業管理學系,企業管理,80.37,241.1
107,成大,統計學系,統計,75.03,300.13
107,成大,會計學系,會計,80.29,562.0
107,成大,醫學系(自費),醫學,88.25,441.25
107,成大,醫學系(公費),醫學,85.42,427.1
107,成大,醫學檢驗生物技術學系,醫檢,74.49,428.34
107,成大,護理學系,護理,70.51,423.05
107,成大,職能治療學系,職能治療,74.58,372.9
107,成大,物理治療學系,物理治療,76.16,399.84
107,成大,藥學系,藥學,82.71,434.25
107,成大,政治學系,政治,74.93,412.11
107,成大,經濟學系,經濟,82.0,451.0
107,成大,法律學系,法律,78.47,392.35
107,成大,心理學系,心理,72.56,435.35
107,成大,電機工程學系,電機工程,80.63,403.15
107,成大,資訊工程學系,資訊工程,78.83,394.15
107,成大,建築學系,建築,76.85,441.9
107,成大,都市計劃學系(自然組),,70.62,459.06
107,成大,都市計劃學系(社會組),,77.04,500.73
107,成大,工業設計學系,,71.8,430.81
107,成大,生命科學系,生命科學,69.32,433.28
107,成大,生物科技與產業科學系,,69.28,433.01
107,成大,全校不分系學士學位學程,,79.85,399.25
108,成大,中國文學系,中文,76.85,422.7
108,成大,外國語文學系,外文,78.75,511.9
108,成大,歷史學系,歷史,78.32,391.61
108,成大,台灣文學系,,76.49,535.4
108,成大,數學系,數學,71.41,357.05
108,成大,物理學系,物理,73.39,440.35
108,成大,化學系,化學,74.27,445.6
108,成大,地球科學系,,69.96,349.8
108,成大,光電科學與工程學系,光電,76.23,381.15
108,成大,機械工程學系,機械工程,74.56,372.8
108,成大,化學工程學系,化學工程,75.32,376.6
108,成大,材料科學及工程學系,材料,77.55,387.75
108,成大,資源工程學系,,71.64,358.2
108,成大,土木工程學系,土木工程,72.55,362.75
108,成大,水利及海洋工程學系,,69.4,451.09
108,成大,工程科學系,,75.08,375.4
108,成大,系統及船舶機電工程學系,,72.54,362.7
108,成大,航空太空工程學系,,75.15,375.75
108,成大,環境工程學系,,71.9,359.5
108,成大,測量及空間資訊學系,,71.15,355.75
108,成大,生物醫學工程學系,生醫工程,75.96,379.8
108,成大,工業與資訊管理學系,資訊管理,73.82,369.1
108,成大,交通管理科學系,,70.7,353.5
108,成大,企業管理學系,企業管理,83.52,271.43
108,成大,統計學系,統計,74.91,299.65
108,成大,會計學系,會計,85.48,427.4
108,成大,醫學系(自費),醫學,86.8,434.0
108,成大,醫學系(公費),醫學,83.85,419.25
108,成大,牙醫學系,牙醫,85.07,425.35
108,成大,醫學檢驗生物技術學系,醫檢,78.19,449.6
108,成大,護理學系,護理,75.18,451.08
108,成大,職能治療學系,職能治療,76.81,384.05
108,成大,物理治療學系,物理治療,78.02,409.6
108,成大,藥學系,藥學,84.43,443.28
108,成大,政治學系,政治,78.61,432.35
108,成大,經濟學系,經濟,84.91,467.0
108,成大,法律學系,法律,80.44,402.2
108,成大,心理學系,心理,75.71,454.28
108,成大,電機工程學系,電機工程,80.18,400.9
108,成大,資訊工程學系,資訊工程,79.18,395.9
108,成大,建築學系,建築,76.34,438.98
108,成大,都市計劃學系(自然組),,71.65,465.73
108,成大,都市計劃學系(社會組),,80.06,520.38
108,成大,工業設計學系,,72.17,433.0
108,成大,生命科學系,生命科學,71.99,449.95
108,成大,生物科技與產業科學系,,70.69,459.48
108,成大,全校不分系學士學位學程,,79.07,395.35
109,成大,中國文學系,中文,71.13,391.2
109,成大,外國語文學系,外文,74.85,486.5
109,成大,歷史學系,歷史,76.58,382.9
109,成大,台灣文學系,,71.49,500.4
109,成大,數學系,數學,68.49,342.43
109,成大,物理學系,物理,70.36,422.15
109,成大,化學系,化學,71.48,428.88
109,成大,地球科學系,,66.57,332.85
109,成大,光電科學與工程學系,光電,73.14,365.7
109,成大,機械工程學系,機械工程,71.05,355.25
109,成大,機械工程學系(普渡雙聯組),機械工程,76.59,382.95
109,成大,化學工程學系,化學工程,71.62,358.1
109,成大,材料科學及工程學系,材料,75.66,378.3
109,成大,資源工程學系,,68.16,340.8
109,成大,土木工程學系,土木工程,68.97,344.85
109,成大,水利及海洋工程學系,,65.13,423.35
109,成大,工程科學系,,72.66,363.3
109,成大,系統及船舶機電工程學系,,68.93,344.65
109,成大,航空太空工程學系,,71.3,356.5
109,成大,環境工程學系,,68.04,340.2
109,成大,測量及空間資訊學系,,66.01,264.05
109,成大,生物醫學工程學系,生醫工程,73.09,365.45
109,成大,工業與資訊管理學系,資訊管理,70.54,352.7
109,成大,交通管理科學系,,65.71,262.85
109,成大,企業管理學系,企業管理,78.32,254.53
109,成大,統計學系,統計,69.68,278.7
109,成大,會計學系,會計,80.96,404.8
109,成大,醫學系(自費),醫學,86.14,430.7
109,成大,醫學系(公費),醫學,83.04,415.2
109,成大,牙醫學系,牙醫,83.68,418.4
109,成大,醫學檢驗生物技術學系,醫檢,74.58,428.86
109,成大,護理學系,護理,69.62,417.73
109,成大,職能治療學系,職能治療,71.63,358.15
109,成大,物理治療學系,物理治療,73.85,387.7
109,成大,藥學系,藥學,81.07,425.6
109,成大,政治學系,政治,73.31,403.23
109,成大,經濟學系,經濟,79.69,438.3
109,成大,法律學系,法律,75.53,377.65
109,成大,心理學系,心理,71.28,427.7
109,成大,電機工程學系,電機工程,78.8,394.0
109,成大,電機工程學系(普渡雙聯組),電機工程,82.09,410.45
109,成大,資訊工程學系,資訊工程,76.76,383.8
109,成大,資訊工程學系(普渡雙聯組),資訊工程,80.09,400.45
109,成大,建築學系,建築,73.41,422.08
109,成大,都市計劃學系(自然組),,67.58,439.28
109,成大,都市計劃學系(社會組),,75.41,490.15
109,成大,工業設計學系,,69.24,415.45
109,成大,生命科學系,生命科學,69.87,436.69
109,成大,生物科技與產業科學系,,70.23,456.5
109,成大,全校不分系學士學位學程,,76.24,419.3
110,成大,中國文學系,中文,74.73,411.0
110,成大,外國語文學系,外文,76.65,498.2
110,成大,歷史學系,歷史,78.75,393.75
110,成大,台灣文學系,,74.18,445.1
110,成大,數學系,數學,63.17,315.83
110,成大,物理學系,物理,65.86,395.15
110,成大,化學系,化學,67.7,406.22
110,成大,地球科學系,,61.76,308.8
110,成大,光電科學與工程學系,光電,69.41,347.05
110,成大,機械工程學系,機械工程,64.9,324.5
110,成大,機械工程學系(普渡雙聯組),機械工程,76.0,380.0
110,成大,化學工程學系,化學工程,67.97,339.85
110,成大,材料科學及工程學系,材料,72.94,437.65
110,成大,資源工程學系,,63.15,315.75
110,成大,土木工程學系,土木工程,63.61,318.05
110,成大,水利及海洋工程學系,,60.2,331.11
110,成大,工程科學系,,69.28,346.4
110,成大,系統及船舶機電工程學系,,63.5,317.5
110,成大,航空太空工程學系,,66.19,330.95
110,成大,環境工程學系,,63.01,315.05
110,成大,測量及空間資訊學系,,61.98,247.9
110,成大,生物醫學工程學系,生醫工程,69.7,348.5
110,成大,工業與資訊管理學系,資訊管理,65.92,329.6
110,成大,交通管理科學系,,61.64,277.36
110,成大,企業管理學系,企業管理,79.88,259.6
110,成大,統計學系,統計,71.01,284.03
110,成大,會計學系,會計,82.92,414.6
110,成大,醫學系(自費),醫學,87.01,435.05
110,成大,醫學系(公費),醫學,81.99,409.95
110,成大,牙醫學系,牙醫,83.15,415.75
110,成大,醫學檢驗生物技術學系,醫檢,74.3,427.23
110,成大,護理學系,護理,70.16,420.98
110,成大,職能治療學系,職能治療,71.39,356.95
110,成大,物理治療學系,物理治療,72.79,382.15
110,成大,藥學系,藥學,81.83,429.6
110,成大,政治學系,政治,75.76,416.66
110,成大,經濟學系,經濟,81.27,447.0
110,成大,法律學系,法律,79.46,397.3
110,成大,心理學系,心理,71.38,428.28
110,成大,電機工程學系,電機工程,76.02,380.1
110,成大,電機工程學系(普渡雙聯組),電機工程,81.09,405.45
110,成大,資訊工程學系,資訊工程,73.82,369.1
110,成大,資訊工程學系(普渡雙聯組),資訊工程,77.75,388.75
110,成大,建築學系,建築,70.17,403.48
110,成大,都市計劃學系(自然組),,63.59,413.35
110,成大,都市計劃學系(社會組),,79.32,515.55
110,成大,工業設計學系,,64.0,383.98
110,成大,生命科學系,生命科學,67.79,423.7
110,成大,生物科技與產業科學系,,66.95,435.15
110,成大,全校不分系學士學位學程,,72.82,400.5
111,成大,中國文學系,中文,45.29,158.5
111,成大,外國語文學系,外文,48.0,264.0
111,成大,歷史學系,歷史,46.0,230.0
111,成大,台灣文學系,,42.5,255.0
111,成大,數學系,數學,38.2,191.0
111,成大,物理學系,物理,39.23,255.0
111,成大,化學系,化學,41.79,250.75
111,成大,地球科學系,,37.2,186.0
111,成大,光電科學與工程學系,光電,43.6,218.0
111,成大,機械工程學系,機械工程,38.4,192.0
111,成大,機械工程學系(普渡雙聯組),機械工程,46.33,139.0
111,成大,化學工程學系,化學工程,42.04,241.75
111,成大,材料科學及工程學系,材料,45.42,272.5
111,成大,資源工程學系,,38.6,193.0
111,成大,土木工程學系,土木工程,38.2,191.0
111,成大,水利及海洋工程學系,,37.73,207.5
111,成大,工程科學系,,43.6,218.0
111,成大,系統及船舶機電工程學系,,40.4,202.0
111,成大,航空太空工程學系,,42.25,169.0
111,成大,環境工程學系,,38.8,194.0
111,成大,測量及空間資訊學系,,38.0,266.0
111,成大,生物醫學工程學系,生醫工程,42.0,210.0
111,成大,工業與資訊管理學系,資訊管理,40.4,202.0
111,成大,交通管理科學系,,38.61,173.75
111,成大,企業管理學系,企業管理,49.0,294.0
111,成大,統計學系,統計,43.13,172.5
111,成大,會計學系,會計,49.83,299.0
111,成大,醫學系(自費),醫學,54.2,271.0
111,成大,醫學系(公費),醫學,50.2,251.0
111,成大,牙醫學系,牙醫,51.8,259.0
111,成大,醫學檢驗生物技術學系,醫檢,45.04,259.0
111,成大,護理學系,護理,41.92,251.5
111,成大,職能治療學系,職能治療,43.2,216.0
111,成大,物理治療學系,物理治療,44.76,235.0
111,成大,藥學系,藥學,51.52,270.5
111,成大,政治學系,政治,46.23,254.25
111,成大,經濟學系(自然組),經濟,43.18,237.5
111,成大,法律學系,法律,48.8,244.0
111,成大,心理學系,心理,44.25,265.5
111,成大,電機工程學系,電機工程,48.6,243.0
111,成大,電機工程學系(普渡雙聯組),電機工程,51.6,258.0
111,成大,資訊工程學系,資訊工程,47.6,238.0
111,成大,資訊工程學系(普渡雙聯組),資訊工程,49.6,248.0
111,成大,建築學系,建築,43.39,249.5
111,成大,都市計劃學系(自然組),,39.77,258.5
111,成大,都市計劃學系(社會組),,45.15,293.5
111,成大,工業設計學系,,39.33,236.0
111,成大,生命科學系,生命科學,38.24,239.0
111,成大,生物科技與產業科學系,,39.91,219.5
111,成大,全校不分系學士學位學程,,49.33,148.0
111,成大,經濟學系(社會組),經濟,43.43,304.0
112,成大,中國文學系,中文,47.43,166.0
112,成大,外國語文學系,外文,49.55,272.5
112,成大,歷史學系,歷史,48.1,240.5
112,成大,台灣文學系,,44.0,264.0
112,成大,數學系,數學,42.14,295.0
112,成大,物理學系,物理,44.4,222.0
112,成大,化學系,化學,44.71,268.25
112,成大,地球科學系,,40.4,202.0
112,成大,光電科學與工程學系,光電,45.8,229.0
112,成大,機械工程學系,機械工程,44.0,220.0
112,成大,機械工程學系(普渡雙聯組),機械工程,48.0,144.0
112,成大,化學工程學系,化學工程,45.09,259.25
112,成大,材料科學及工程學系,材料,48.0,192.0
112,成大,資源工程學系,,44.0,220.0
112,成大,土木工程學系,土木工程,43.0,215.0
112,成大,水利及海洋工程學系,,42.0,231.0
112,成大,工程科學系,,46.4,232.0
112,成大,系統及船舶機電工程學系,,44.0,220.0
112,成大,航空太空工程學系,,46.0,184.0
112,成大,環境工程學系,,42.4,212.0
112,成大,測量及空間資訊學系,,41.86,293.0
112,成大,生物醫學工程學系,生醫工程,44.8,224.0
112,成大,工業與資訊管理學系,資訊管理,43.2,216.0
112,成大,交通管理科學系,,42.44,191.0
112,成大,企業管理學系,企業管理,47.5,285.0
112,成大,統計學系,統計,44.5,178.0
112,成大,會計學系,會計,48.0,288.0
112,成大,醫學系(自費),醫學,55.0,275.0
112,成大,醫學系(公費),醫學,51.0,255.0
112,成大,牙醫學系,牙醫,53.0,265.0
112,成大,醫學檢驗生物技術學系,醫檢,46.26,266.0
112,成大,護理學系,護理,43.25,259.5
112,成大,職能治療學系,職能治療,50.0,200.0
112,成大,物理治療學系,物理治療,48.33,253.75
112,成大,藥學系,藥學,50.71,266.25
112,成大,政治學系,政治,48.39,217.75
112,成大,經濟學系(自然組),經濟,45.18,248.5
112,成大,經濟學系(社會組),經濟,46.0,322.0
112,成大,法律學系,法律,48.6,243.0
112,成大,心理學系,心理,44.75,268.5
112,成大,電機工程學系,電機工程,50.0,250.0
112,成大,電機工程學系(普渡雙聯組),電機工程,52.75,211.0
112,成大,資訊工程學系,資訊工程,49.0,245.0
112,成大,資訊工程學系(普渡雙聯組),資訊工程,50.8,254.0
112,成大,建築學系,建築,43.83,197.25
112,成大,都市計劃學系(自然組),,43.77,284.5
112,成大,都市計劃學系(社會組),,45.69,297.0
112,成大,工業設計學系,,43.17,259.0
112,成大,生命科學系,生命科學,42.84,267.75
112,成大,生物科技與產業科學系,,45.18,248.5
112,成大,全校不分系學士學位學程,,50.0,150.0
113,成大,中國文學系,中文,48.14,168.5
113,成大,外國語文學系,外文,44.0,297.0
113,成大,歷史學系,歷史,47.6,238.0
113,成大,台灣文學系,,43.67,262.0
113,成大,數學系,數學,43.86,307.0
113,成大,物理學系,物理,47.2,236.0
113,成大,化學系,化學,46.79,280.75
113,成大,地球科學系,,43.0,215.0
113,成大,光電科學與工程學系,光電,48.0,240.0
113,成大,機械工程學系,機械工程,45.2,226.0
113,成大,機械工程學系(普渡雙聯組),機械工程,50.0,150.0
113,成大,化學工程學系,化學工程,46.83,269.25
113,成大,材料科學及工程學系,材料,49.0,196.0
113,成大,資源工程學系,,45.0,225.0
113,成大,土木工程學系,土木工程,43.8,219.0
113,成大,水利及海洋工程學系,,43.45,239.0
113,成大,工程科學系,,48.8,244.0
113,成大,系統及船舶機電工程學系,,45.6,228.0
113,成大,航空太空工程學系,,47.0,188.0
113,成大,環境工程學系,,44.0,220.0
113,成大,測量及空間資訊學系,,42.71,299.0
113,成大,生物醫學工程學系,生醫工程,46.6,233.0
113,成大,工業與資訊管理學系,資訊管理,45.4,227.0
113,成大,交通管理科學系,,43.33,195.0
113,成大,企業管理學系,企業管理,47.83,287.0
113,成大,統計學系,統計,46.13,184.5
113,成大,會計學系,會計,50.59,215.0
113,成大,醫學系(自費),醫學,56.0,280.0
113,成大,醫學系(公費),醫學,52.0,260.0
113,成大,牙醫學系,牙醫,54.2,271.0
113,成大,醫學檢驗生物技術學系,醫檢,48.13,276.75
113,成大,護理學系,護理,44.42,266.5
113,成大,職能治療學系,職能治療,50.5,202.0
113,成大,物理治療學系,物理治療,48.71,255.75
113,成大,藥學系,藥學,53.0,278.25
113,成大,政治學系,政治,49.5,222.75
113,成大,經濟學系(自然組),經濟,46.82,257.5
113,成大,經濟學系(社會組),經濟,45.86,321.0
113,成大,法律學系,法律,49.0,294.0
113,成大,心理學系,心理,46.08,276.5
113,成大,電機工程學系,電機工程,52.25,209.0
113,成大,電機工程學系(普渡雙聯組),電機工程,53.25,213.0
113,成大,資訊工程學系,資訊工程,51.0,255.0
113,成大,資訊工程學系(普渡雙聯組),資訊工程,51.8,259.0
113,成大,建築學系,建築,45.78,206.0
113,成大,都市計劃學系(自然組),,44.92,292.0
113,成大,都市計劃學系(社會組),,46.08,299.5
113,成大,工業設計學系,,44.08,264.5
113,成大,生命科學系,生命科學,43.48,271.75
113,成大,生物科技與產業科學系,,46.45,255.5
113,成大,全校不分系學士學位學程,,51.0,204.0
114,成大,中國文學系,中文,46.29,162.0
114,成大,外國語文學系,外文,45.38,295.0
114,成大,歷史學系,歷史,44.63,267.75
114,成大,台灣文學系,,42.25,253.5
114,成大,數學系,數學,45.83,275.0
114,成大,物理學系,物理,50.0,200.0
114,成大,化學系,化學,47.75,286.5
114,成大,地球科學系,,44.2,221.0
114,成大,光電科學與工程學系,光電,49.0,245.0
114,成大,機械工程學系,機械工程,48.2,241.0
114,成大,機械工程學系(普渡雙聯組),機械工程,52.67,158.0
114,成大,化學工程學系,化學工程,48.09,276.5
114,成大,材料科學及工程學系,材料,50.5,202.0
114,成大,資源工程學系,,45.6,228.0
114,成大,土木工程學系,土木工程,45.75,183.0
114,成大,水利及海洋工程學系,,44.59,245.25
114,成大,工程科學系,,49.6,248.0
114,成大,系統及船舶機電工程學系,,47.0,235.0
114,成大,航空太空工程學系,,48.25,193.0
114,成大,環境工程學系,,44.8,224.0
114,成大,測量及空間資訊學系,,44.71,313.0
114,成大,生物醫學工程學系,生醫工程,47.8,239.0
114,成大,工業與資訊管理學系,資訊管理,46.2,231.0
114,成大,交通管理科學系,,44.39,199.75
114,成大,統計學系,統計,47.38,189.5
114,成大,會計學系,會計,51.2,256.0
114,成大,企業管理學系,企業管理,49.5,297.0
114,成大,醫學系(自費),醫學,55.8,279.0
114,成大,醫學系(公費),醫學,53.0,265.0
114,成大,牙醫學系,牙醫,54.8,274.0
114,成大,醫學檢驗生物技術學系,醫檢,47.43,272.75
114,成大,護理學系,護理,47.6,238.0
114,成大,物理治療學系,物理治療,49.52,260.0
114,成大,職能治療學系,職能治療,50.0,200.0
114,成大,藥學系,藥學,52.67,276.5
114,成大,政治學系,政治,47.56,214.0
114,成大,經濟學系,經濟,51.0,280.5
114,成大,法律學系,法律,49.17,295.0
114,成大,心理學系,心理,46.75,280.5
114,成大,電機工程學系,電機工程,53.5,214.0
114,成大,電機工程學系(普渡雙聯組),電機工程,56.25,225.0
114,成大,資訊工程學系,資訊工程,51.4,257.0
114,成大,資訊工程學系(普渡雙聯組),資訊工程,52.8,264.0
114,成大,建築學系,建築,46.94,211.25
114,成大,都市計劃學系(自然組),,44.77,291.0
114,成大,都市計劃學系(社會組),,44.85,291.5
114,成大,工業設計學系,,45.33,272.0
114,成大,生命科學系,生命科學,44.48,278.0
114,成大,生物科技與產業科學系,,46.73,257.0
114,成大,全校不分系學士學位學程,,52.0,156.0
115,成大,中國文學系,中文,48.14,168.5
115,成大,外國語文學系,外文,45.31,294.5
115,成大,歷史學系,歷史,45.25,271.5
115,成大,台灣文學系,,43.17,259.0
115,成大,數學系,數學,44.08,264.5
115,成大,物理學系,物理,48.88,195.5
115,成大,化學系,化學,46.75,280.5
115,成大,地球科學系,,43.2,216.0
115,成大,光電科學與工程學系,光電,47.8,239.0
115,成大,機械工程學系,機械工程,46.0,230.0
115,成大,機械工程學系(普渡雙聯組),機械工程,52.0,156.0
115,成大,化學工程學系,化學工程,46.89,222.75
115,成大,材料科學及工程學系,材料,49.0,294.0
115,成大,資源工程學系,,44.8,224.0
115,成大,土木工程學系,土木工程,46.25,185.0
115,成大,水利及海洋工程學系,,42.91,236.0
115,成大,工程科學系,,48.0,240.0
115,成大,系統及船舶機電工程學系,,45.6,228.0
115,成大,航空太空工程學系,,47.25,189.0
115,成大,能源工程國際學士學位學程,,46.75,187.0
115,成大,環境工程學系,,43.8,219.0
115,成大,測量及空間資訊學系,,42.86,300.0
115,成大,生物醫學工程學系,生醫工程,46.0,230.0
115,成大,工業與資訊管理學系,資訊管理,45.36,249.5
115,成大,交通管理科學系,,42.72,192.25
115,成大,統計與資料科學學系,統計,45.5,182.0
115,成大,會計學系,會計,49.2,246.0
115,成大,企業管理學系,企業管理,48.17,289.0
115,成大,醫學系(自費),醫學,55.2,276.0
115,成大,醫學系(公費),醫學,51.6,258.0
115,成大,牙醫學系,牙醫,54.0,270.0
115,成大,醫學檢驗生物技術學系,醫檢,46.57,267.75
115,成大,護理學系,護理,46.8,234.0
115,成大,物理治療學系,物理治療,48.81,256.25
115,成大,職能治療學系,職能治療,49.0,196.0
115,成大,藥學系,藥學,51.9,272.5
115,成大,政治學系,政治,48.29,205.25
115,成大,經濟學系,經濟,49.27,271.0
115,成大,法律學系,法律,48.0,288.0
115,成大,心理學系,心理,45.0,270.0
115,成大,電機工程學系(甲組),電機工程,53.5,214.0
115,成大,電機工程學系(乙組),電機工程,51.75,207.0
115,成大,電機工程學系(普渡雙聯組),電機工程,54.75,219.0
115,成大,資訊工程學系,資訊工程,48.4,242.0
115,成大,資訊工程學系(普渡雙聯組),資訊工程,50.6,253.0
115,成大,建築學系,建築,44.96,258.5
115,成大,都市計劃學系(自然組),,42.92,279.0
115,成大,都市計劃學系(社會組),,49.31,320.5
115,成大,工業設計學系,,44.0,264.0
115,成大,生命科學系,生命科學,42.44,265.25
115,成大,生物科技與產業科學系,,46.27,254.5
115,成大,全校不分系學士學位學程,,49.33,148.0
101,東吳,中國文學系,中文,60.05,390.3
101,東吳,歷史學系,歷史,63.2,347.6
101,東吳,哲學系,哲學,60.62,394.0
101,東吳,政治學系,政治,70.84,389.6
101,東吳,社會學系,社會學,68.06,374.35
101,東吳,社會工作學系,社會工作,66.59,316.3
101,東吳,音樂學系-鋼琴,,72.99,291.96
101,東吳,音樂學系-聲樂,,60.72,242.86
101,東吳,音樂學系-小提琴,,65.45,261.8
101,東吳,音樂學系-大提琴,,71.94,287.74
101,東吳,音樂學系-法國號,,57.87,231.46
101,東吳,音樂學系-長號,,64.33,257.34
101,東吳,音樂學系-低音號,,40.24,160.96
101,東吳,音樂學系-理論作曲,,73.04,292.14
101,東吳,英文學系,外文,66.23,463.6
101,東吳,日本語文學系,日文,65.98,395.9
101,東吳,德國文化學系,中文,65.13,390.8
101,東吳,數學系,數學,46.91,258.0
101,東吳,物理學系,物理,45.87,321.1
101,東吳,化學系,化學,48.81,341.65
101,東吳,微生物學系應用微生物組,生命科學,57.4,315.7
101,東吳,微生物學系生物科技組,生命科學,55.95,363.65
101,東吳,心理學系,心理,58.07,261.3
101,東吳,法律學系,法律,75.54,377.7
101,東吳,經濟學系,經濟,72.89,400.9
101,東吳,會計學系,會計,73.13,438.75
101,東吳,企業管理學系,企業管理,70.41,492.9
101,東吳,國際經營與貿易學系,,77.09,346.9
101,東吳,財務工程與精算數學系,數學,49.98,399.8
101,東吳,資訊管理學系自然組,資訊管理,57.58,331.08
101,東吳,資訊管理學系社會組,資訊管理,70.18,403.53
102,東吳,中國文學系,中文,60.34,392.2
102,東吳,歷史學系,歷史,64.23,353.25
102,東吳,哲學系,哲學,59.49,386.7
102,東吳,政治學系,政治,68.06,374.35
102,東吳,社會學系,社會學,65.43,359.85
102,東吳,社會工作學系,社會工作,63.05,346.75
102,東吳,音樂學系-鋼琴,,75.94,303.78
102,東吳,音樂學系-聲樂,,65.04,260.14
102,東吳,音樂學系-小提琴,,70.19,280.78
102,東吳,音樂學系-中提琴,,55.47,221.86
102,東吳,音樂學系-大提琴,,75.22,300.86
102,東吳,音樂學系-雙簧管,,58.53,234.12
102,東吳,音樂學系-長號,,56.12,224.46
102,東吳,音樂學系-低音號,,74.04,296.14
102,東吳,音樂學系-理論作曲,,67.07,268.26
102,東吳,英文學系,外文,66.46,465.2
102,東吳,日本語文學系,日文,66.83,400.95
102,東吳,德國文化學系,中文,66.24,397.45
102,東吳,數學系,數學,42.01,252.05
102,東吳,物理學系,物理,37.84,264.85
102,東吳,化學系,化學,41.71,292.0
102,東吳,微生物學系應用微生物組,生命科學,59.68,328.25
102,東吳,微生物學系生物科技組,生命科學,56.66,368.3
102,東吳,心理學系,心理,58.67,264.0
102,東吳,法律學系,法律,76.62,383.1
102,東吳,經濟學系,經濟,71.05,390.8
102,東吳,會計學系,會計,74.4,520.8
102,東吳,企業管理學系,企業管理,70.09,490.6
102,東吳,國際經營與貿易學系,,76.8,345.6
102,東吳,財務工程與精算數學系,數學,52.07,234.3
102,東吳,資訊管理學系自然組,資訊管理,53.76,309.1
102,東吳,資訊管理學系社會組,資訊管理,67.3,386.98
103,東吳,中國文學系,中文,60.94,396.1
103,東吳,歷史學系,歷史,64.78,356.3
103,東吳,哲學系,哲學,60.39,392.55
103,東吳,政治學系,政治,69.54,382.45
103,東吳,社會學系,社會學,66.82,367.5
103,東吳,社會工作學系,社會工作,63.39,348.65
103,東吳,音樂學系-鋼琴,,70.84,283.36
103,東吳,音樂學系-聲樂,,68.47,273.86
103,東吳,音樂學系-小提琴,,72.78,291.1
103,東吳,音樂學系-中提琴,,67.83,271.3
103,東吳,音樂學系-大提琴,,66.7,266.8
103,東吳,音樂學系-雙簧管,,65.28,261.12
103,東吳,音樂學系-法國號,,64.27,257.06
103,東吳,音樂學系-長號,,52.35,209.38
103,東吳,音樂學系-擊樂,,72.72,290.9
103,東吳,英文學系,外文,68.11,476.8
103,東吳,日本語文學系,日文,69.47,416.8
103,東吳,德國文化學系,中文,68.91,413.45
103,東吳,數學系,數學,46.79,233.95
103,東吳,物理學系,物理,36.39,254.75
103,東吳,化學系,化學,40.95,286.65
103,東吳,微生物學系應用微生物組,生命科學,56.65,311.55
103,東吳,微生物學系生物科技組,生命科學,53.62,348.5
103,東吳,心理學系,心理,56.26,253.15
103,東吳,法律學系,法律,78.08,390.4
103,東吳,經濟學系,經濟,72.87,400.8
103,東吳,會計學系,會計,75.62,529.35
103,東吳,企業管理學系,企業管理,72.61,290.45
103,東吳,國際經營與貿易學系,,78.58,353.6
103,東吳,財務工程與精算數學系自然組,數學,53.85,215.4
103,東吳,財務工程與精算數學系社會組,數學,76.03,304.1
103,東吳,資訊管理學系,資訊管理,68.8,395.58
104,東吳,中國文學系,中文,58.01,377.05
104,東吳,歷史學系,歷史,66.72,366.95
104,東吳,哲學系,哲學,55.05,440.4
104,東吳,政治學系,政治,62.99,346.45
104,東吳,社會學系,社會學,60.04,330.2
104,東吳,社會工作學系,社會工作,58.7,322.85
104,東吳,音樂學系-鋼琴、聲樂,,59.83,239.32
104,東吳,音樂學系-弦樂、理論作曲,,60.99,243.96
104,東吳,音樂學系-銅管樂、木管樂、擊樂,,64.45,257.8
104,東吳,英文學系,外文,59.81,269.15
104,東吳,日本語文學系,日文,64.01,384.05
104,東吳,德國文化學系,中文,61.38,276.2
104,東吳,數學系,數學,44.04,220.2
104,東吳,物理學系,物理,33.22,232.55
104,東吳,化學系,化學,38.66,270.6
104,東吳,微生物學系應用微生物組,生命科學,50.77,279.25
104,東吳,微生物學系生物科技組,生命科學,50.22,326.45
104,東吳,心理學系,心理,50.78,228.5
104,東吳,法律學系,法律,71.5,357.5
104,東吳,經濟學系,經濟,60.45,332.45
104,東吳,會計學系,會計,68.44,479.1
104,東吳,企業管理學系,企業管理,60.54,242.15
104,東吳,國際經營與貿易學系,,66.31,298.4
104,東吳,財務工程與精算數學系自然組,數學,52.45,209.8
104,東吳,財務工程與精算數學系社會組,數學,62.65,250.6
104,東吳,資訊管理學系,資訊管理,58.58,336.83
104,東吳,巨量資料管理學院學士學位學程自然組,,51.82,259.1
104,東吳,巨量資料管理學院學士學位學程社會組,,65.07,325.35
105,東吳,中國文學系,中文,56.72,368.7
105,東吳,歷史學系,歷史,62.75,345.15
105,東吳,哲學系,哲學,55.56,444.5
105,東吳,政治學系,政治,65.69,361.3
105,東吳,社會學系,社會學,61.28,337.05
105,東吳,社會工作學系,社會工作,57.39,315.65
105,東吳,音樂學系-鋼琴,,60.63,242.52
105,東吳,音樂學系-聲樂、弦樂、理論作曲,,58.78,235.12
105,東吳,音樂學系-銅管樂、木管樂、擊樂,,59.78,239.12
105,東吳,英文學系,外文,62.89,283.0
105,東吳,日本語文學系,日文,64.47,386.8
105,東吳,德國文化學系,中文,64.29,289.3
105,東吳,數學系,數學,36.76,183.8
105,東吳,物理學系,物理,31.12,202.3
105,東吳,化學系,化學,35.72,250.05
105,東吳,微生物學系應用微生物組,生命科學,54.91,302.03
105,東吳,微生物學系生物科技組,生命科學,52.74,342.83
105,東吳,心理學系,心理,52.91,238.1
105,東吳,法律學系,法律,71.5,429.0
105,東吳,經濟學系,經濟,66.06,363.35
105,東吳,會計學系,會計,70.2,491.4
105,東吳,企業管理學系,企業管理,66.7,266.8
105,東吳,國際經營與貿易學系,,71.78,323.0
105,東吳,財務工程與精算數學系,數學,69.8,279.2
105,東吳,資訊管理學系,資訊管理,64.97,373.6
105,東吳,巨量資料管理學院學士學位學程,,70.31,351.55
106,東吳,中國文學系,中文,53.08,212.3
106,東吳,歷史學系,歷史,65.77,361.75
106,東吳,哲學系,哲學,58.94,471.5
106,東吳,政治學系,政治,67.17,369.45
106,東吳,社會學系,社會學,61.94,340.65
106,東吳,社會工作學系,社會工作,58.23,320.25
106,東吳,音樂學系-鋼琴,,63.85,255.4
106,東吳,音樂學系-聲樂、弦樂,,59.83,239.32
106,東吳,音樂學系-理論作曲,,45.39,181.56
106,東吳,音樂學系-銅管、木管、擊樂,,65.07,260.28
106,東吳,英文學系,外文,61.94,278.75
106,東吳,日本語文學系,日文,66.28,397.7
106,東吳,德國文化學系,中文,64.36,289.6
106,東吳,數學系,數學,34.53,172.65
106,東吳,物理學系,物理,33.29,249.7
106,東吳,化學系,化學,34.81,243.7
106,東吳,微生物學系應用微生物組,生命科學,56.83,369.4
106,東吳,微生物學系生物科技組,生命科學,54.43,353.8
106,東吳,心理學系,心理,52.18,234.8
106,東吳,法律學系,法律,76.16,418.9
106,東吳,經濟學系,經濟,66.54,365.95
106,東吳,會計學系,會計,72.97,510.8
106,東吳,企業管理學系,企業管理,67.19,268.75
106,東吳,國際經營與貿易學系,,72.13,324.6
106,東吳,財務工程與精算數學系,數學,71.38,285.5
106,東吳,資訊管理學系,資訊管理,65.52,376.75
106,東吳,巨量資料管理學院學士學位學程,,71.15,355.75
107,東吳,中國文學系,中文,60.56,242.25
107,東吳,歷史學系,歷史,66.89,367.9
107,東吳,哲學系,哲學,57.76,462.1
107,東吳,政治學系,政治,68.14,374.75
107,東吳,社會學系,社會學,62.24,342.33
107,東吳,社會工作學系,社會工作,58.35,320.93
107,東吳,音樂學系-聲樂、弦樂、理論作曲,,62.43,249.72
107,東吳,音樂學系-銅管、木管、擊樂,,63.64,254.54
107,東吳,英文學系,外文,63.42,285.4
107,東吳,日本語文學系,日文,66.53,399.15
107,東吳,德國文化學系,中文,64.51,290.3
107,東吳,數學系,數學,46.24,231.2
107,東吳,物理學系,物理,43.91,197.6
107,東吳,化學系,化學,37.64,225.85
107,東吳,微生物學系應用微生物組,生命科學,52.04,338.25
107,東吳,微生物學系生物科技組,生命科學,51.78,336.6
107,東吳,心理學系,心理,57.0,256.5
107,東吳,法律學系,法律,75.3,414.15
107,東吳,經濟學系,經濟,67.85,373.2
107,東吳,會計學系,會計,72.11,504.8
107,東吳,企業管理學系,企業管理,66.93,267.7
107,東吳,國際經營與貿易學系,,72.33,325.5
107,東吳,財務工程與精算數學系,數學,71.08,284.3
107,東吳,資訊管理學系,資訊管理,67.76,304.93
107,東吳,巨量資料管理學院學士學位學程,,70.8,354.0
108,東吳,中國文學系,中文,69.7,278.8
108,東吳,歷史學系,歷史,72.78,400.3
108,東吳,哲學系,哲學,66.26,463.8
108,東吳,政治學系,政治,74.23,408.28
108,東吳,社會學系,社會學,70.12,385.68
108,東吳,社會工作學系,社會工作,68.41,376.23
108,東吳,音樂學系-聲樂.弦樂.理論作曲,,55.28,221.11
108,東吳,音樂學系-銅管樂.木管樂.擊樂,,66.41,265.63
108,東吳,英文學系,外文,71.27,320.7
108,東吳,日本語文學系,日文,69.94,419.63
108,東吳,德國文化學系,中文,72.2,324.9
108,東吳,數學系,數學,54.63,273.13
108,東吳,物理學系,物理,51.56,232.0
108,東吳,化學系,化學,47.17,283.0
108,東吳,微生物學系應用微生物組,生命科學,61.5,399.75
108,東吳,微生物學系生物科技組,生命科學,61.71,401.1
108,東吳,心理學系,心理,61.6,277.2
108,東吳,法律學系,法律,77.78,427.8
108,東吳,經濟學系,經濟,73.22,402.7
108,東吳,會計學系,會計,78.28,313.1
108,東吳,企業管理學系,企業管理,72.56,290.23
108,東吳,國際經營與貿易學系,,77.04,346.7
108,東吳,財務工程與精算數學系,數學,76.83,307.3
108,東吳,資訊管理學系,資訊管理,73.06,328.78
108,東吳,巨量資料管理學院學士學位學程,,73.98,369.9
109,東吳,中國文學系,中文,63.76,255.05
109,東吳,歷史學系,歷史,68.51,376.8
109,東吳,哲學系,哲學,54.8,383.6
109,東吳,政治學系,政治,67.65,372.05
109,東吳,社會學系,社會學,61.92,340.58
109,東吳,社會工作學系,社會工作,58.11,319.63
109,東吳,音樂學系-聲樂.弦樂.理論作曲,,55.36,221.42
109,東吳,音樂學系-銅管樂.木管樂.擊樂,,46.87,187.49
109,東吳,英文學系,外文,62.16,279.7
109,東吳,日本語文學系,日文,61.36,245.45
109,東吳,德國文化學系,中文,64.47,290.1
109,東吳,數學系,數學,42.41,212.05
109,東吳,物理學系,物理,38.52,173.35
109,東吳,化學系,化學,38.86,233.15
109,東吳,微生物學系應用微生物組,生命科學,52.84,343.45
109,東吳,微生物學系生物科技組,生命科學,52.4,340.6
109,東吳,心理學系,心理,54.89,247.0
109,東吳,法律學系,法律,73.32,403.25
109,東吳,經濟學系,經濟,63.56,349.6
109,東吳,會計學系,會計,70.43,281.73
109,東吳,企業管理學系,企業管理,63.44,253.75
109,東吳,國際經營與貿易學系,,68.62,308.8
109,東吳,財務工程與精算數學系,數學,65.94,263.75
109,東吳,資訊管理學系,資訊管理,62.96,283.3
109,東吳,巨量資料管理學院學士學位學程,,61.82,309.1
110,東吳,中國文學系,中文,59.53,238.1
110,東吳,歷史學系,歷史,70.11,385.6
110,東吳,哲學系,哲學,56.04,392.3
110,東吳,政治學系,政治,66.02,363.1
110,東吳,社會學系,社會學,56.55,311.05
110,東吳,社會工作學系,社會工作,52.52,288.85
110,東吳,音樂學系-聲樂.弦樂.理論作曲,,58.46,233.83
110,東吳,音樂學系-銅管樂.木管樂.擊樂,,54.37,217.46
110,東吳,英文學系,外文,59.18,266.3
110,東吳,日本語文學系,日文,61.46,368.75
110,東吳,德國文化學系,中文,62.91,314.55
110,東吳,數學系,數學,34.05,170.23
110,東吳,物理學系,物理,26.02,117.1
110,東吳,化學系,化學,24.24,145.45
110,東吳,微生物學系,生命科學,47.14,306.4
110,東吳,心理學系,心理,50.98,229.4
110,東吳,法律學系,法律,75.84,417.13
110,東吳,經濟學系,經濟,64.95,357.2
110,東吳,會計學系,會計,72.71,290.83
110,東吳,企業管理學系,企業管理,64.25,257.0
110,東吳,國際經營與貿易學系,,69.96,314.8
110,東吳,財務工程與精算數學系,數學,67.18,268.7
110,東吳,資訊管理學系,資訊管理,63.5,285.75
110,東吳,資料科學系,,62.62,313.08
111,東吳,中國文學系,中文,21.25,85.0
111,東吳,歷史學系,歷史,24.91,137.0
111,東吳,哲學系,哲學,18.29,128.0
111,東吳,政治學系,政治,25.55,140.5
111,東吳,社會學系,社會學,18.18,100.0
111,東吳,社會工作學系,社會工作,16.73,92.0
111,東吳,音樂學系-鋼琴.聲樂.弦樂.理論作曲,,48.47,193.88
111,東吳,音樂學系-銅管樂.木管樂.擊樂,,51.64,206.54
111,東吳,英文學系,外文,16.89,76.0
111,東吳,日本語文學系,日文,27.9,139.5
111,東吳,德國文化學系,中文,26.1,130.5
111,東吳,數學系,數學,13.3,66.5
111,東吳,物理學系,物理,8.33,37.5
111,東吳,化學系,化學,9.33,56.0
111,東吳,微生物學系,生命科學,21.15,137.5
111,東吳,心理學系,心理,28.22,127.0
111,東吳,法律學系,法律,44.92,292.0
111,東吳,經濟學系,經濟,27.0,175.5
111,東吳,會計學系,會計,36.57,128.0
111,東吳,企業管理學系,企業管理,26.25,105.0
111,東吳,國際經營與貿易學系,,27.36,150.5
111,東吳,財務工程與精算數學系,數學,18.4,92.0
111,東吳,資訊管理學系,資訊管理,20.78,93.5
111,東吳,資料科學系,,19.92,119.5
112,東吳,中國文學系,中文,29.5,118.0
112,東吳,歷史學系,歷史,40.25,161.0
112,東吳,哲學系,哲學,24.71,173.0
112,東吳,政治學系,政治,37.55,206.5
112,東吳,社會學系,社會學,30.73,169.0
112,東吳,社會工作學系,社會工作,31.18,171.5
112,東吳,音樂學系-鋼琴.聲樂.弦樂.理論作曲,,43.85,219.26
112,東吳,音樂學系-銅管樂.木管樂.擊樂,,42.25,211.24
112,東吳,英文學系,外文,30.56,137.5
112,東吳,日本語文學系,日文,37.9,189.5
112,東吳,德國文化學系,中文,32.9,164.5
112,東吳,數學系,數學,23.8,119.0
112,東吳,物理學系,物理,22.56,101.5
112,東吳,化學系,化學,19.44,87.5
112,東吳,微生物學系,生命科學,27.38,109.5
112,東吳,心理學系,心理,31.78,143.0
112,東吳,法律學系,法律,47.62,309.5
112,東吳,經濟學系,經濟,34.46,224.0
112,東吳,會計學系,會計,38.71,135.5
112,東吳,企業管理學系,企業管理,33.0,99.0
112,東吳,國際經營與貿易學系,,36.18,199.0
112,東吳,財務工程與精算數學系,數學,31.2,156.0
112,東吳,資訊管理學系,資訊管理,30.93,116.0
112,東吳,資料科學系,,25.0,100.0
113,東吳,中國文學系,中文,30.75,123.0
113,東吳,歷史學系,歷史,40.25,161.0
113,東吳,哲學系,哲學,31.4,157.0
113,東吳,政治學系,政治,40.8,204.0
113,東吳,社會學系,社會學,31.82,175.0
113,東吳,社會工作學系,社會工作,30.27,166.5
113,東吳,音樂學系-鋼琴.聲樂.弦樂.理論作曲,,44.91,224.56
113,東吳,音樂學系-銅管樂.木管樂.擊樂,,46.43,232.16
113,東吳,英文學系,外文,32.67,147.0
113,東吳,日本語文學系,日文,38.2,191.0
113,東吳,德國文化學系,中文,34.1,170.5
113,東吳,數學系,數學,29.8,149.0
113,東吳,物理學系,物理,27.22,122.5
113,東吳,化學系,化學,26.0,117.0
113,東吳,微生物學系,生命科學,31.92,103.75
113,東吳,心理學系,心理,36.56,164.5
113,東吳,法律學系,法律,48.08,312.5
113,東吳,經濟學系,經濟,33.62,218.5
113,東吳,會計學系,會計,37.29,130.5
113,東吳,企業管理學系,企業管理,32.33,97.0
113,東吳,國際經營與貿易學系,,36.18,199.0
113,東吳,財務工程與精算數學系,數學,34.45,189.5
113,東吳,資訊管理學系,資訊管理,31.33,117.5
113,東吳,資料科學系,,34.57,121.0
114,東吳,中國文學系,中文,29.0,116.0
114,東吳,歷史學系,歷史,43.0,172.0
114,東吳,哲學系,哲學,29.0,145.0
114,東吳,政治學系,政治,37.6,188.0
114,東吳,社會學系,社會學,29.73,163.5
114,東吳,社會工作學系,社會工作,31.89,143.5
114,東吳,音樂學系-鋼琴.聲樂.弦樂.理論作曲,,38.85,194.26
114,東吳,音樂學系-銅管樂.木管樂.擊樂,,42.85,214.26
114,東吳,英文學系,外文,32.0,144.0
114,東吳,日本語文學系,日文,38.5,192.5
114,東吳,德國文化學系A組,中文,33.4,167.0
114,東吳,德國文化學系B組,中文,32.5,162.5
114,東吳,數學系,數學,30.3,151.5
114,東吳,物理學系,物理,30.22,136.0
114,東吳,化學系,化學,28.89,130.0
114,東吳,微生物學系,生命科學,32.15,104.5
114,東吳,心理學系,心理,39.56,178.0
114,東吳,法律學系,法律,48.08,312.5
114,東吳,經濟學系,經濟,35.33,159.0
114,東吳,會計學系,會計,41.23,134.0
114,東吳,企業管理學系,企業管理,36.2,181.0
114,東吳,國際經營與貿易學系,,37.5,150.0
114,東吳,財務工程與精算數學系,數學,34.09,187.5
114,東吳,資訊管理學系,資訊管理,36.14,126.5
114,東吳,資料科學系,,36.29,127.0
115,東吳,中國文學系,中文,34.5,138.0
115,東吳,歷史學系,歷史,44.5,178.0
115,東吳,哲學系,哲學,30.6,153.0
115,東吳,政治學系,政治,42.67,256.0
115,東吳,社會學系,社會學,31.27,172.0
115,東吳,社會工作學系,社會工作,33.44,150.5
115,東吳,音樂學系,,38.78,193.92
115,東吳,英文學系,外文,35.67,160.5
115,東吳,日本語文學系,日文,37.7,188.5
115,東吳,德國文化學系A組,中文,34.7,173.5
115,東吳,德國文化學系B組,中文,32.8,164.0
115,東吳,數學系,數學,28.4,142.0
115,東吳,物理學系,物理,29.0,130.5
115,東吳,化學系,化學,27.44,123.5
115,東吳,微生物學系,生命科學,33.78,152.0
115,東吳,心理學系,心理,36.89,166.0
115,東吳,法律學系,法律,48.77,317.0
115,東吳,經濟學系,經濟,34.78,156.5
115,東吳,會計學系,會計,38.08,123.75
115,東吳,企業管理學系,企業管理,35.6,178.0
115,東吳,國際經營與貿易學系,,37.25,149.0
115,東吳,財務工程與精算數學系,數學,33.18,182.5
115,東吳,資訊管理學系,資訊管理,33.93,118.75
115,東吳,資料科學系,,31.43,110.0
101,政大,中國文學系,中文,77.46,367.95
101,政大,歷史學系,歷史,78.82,433.5
101,政大,哲學系,哲學,79.57,457.55
101,政大,教育學系(自費),,77.86,486.65
101,政大,教育學系(公費),,81.91,511.95
101,政大,政治學系,政治,82.66,433.95
101,政大,社會學系,社會學,84.57,465.15
101,政大,財政學系,,85.24,340.95
101,政大,公共行政學系,,83.04,435.95
101,政大,地政學系土地資源規劃組,,79.2,455.38
101,政大,地政學系土地管理組,,79.67,458.08
101,政大,地政學系土地測量與資訊組,,75.2,432.38
101,政大,經濟學系,經濟,85.09,340.35
101,政大,民族學系,,82.83,269.2
101,政大,外交學系,政治,80.96,526.23
101,政大,國際經營與貿易學系,,85.98,472.9
101,政大,金融學系,財務金融,87.8,395.1
101,政大,會計學系,會計,80.81,565.7
101,政大,統計學系社會組,統計,81.47,570.3
101,政大,統計學系自然組,統計,78.04,546.3
101,政大,企業管理學系,企業管理,86.92,434.6
101,政大,資訊管理學系社會組,資訊管理,85.96,429.8
101,政大,資訊管理學系自然組,資訊管理,81.78,408.9
101,政大,財務管理學系,,88.6,443.0
101,政大,風險管理與保險學系,,85.55,342.2
101,政大,新聞學系,新聞傳播,79.02,474.1
101,政大,廣告學系,新聞傳播,79.49,476.95
101,政大,廣播電視學系,新聞傳播,79.93,399.65
101,政大,傳播學院傳播學士學位學程,新聞傳播,80.31,481.85
101,政大,英國語文學系,外文,79.74,518.3
101,政大,阿拉伯語文學系,,77.08,481.73
101,政大,斯拉夫語文學系,,77.5,465.0
101,政大,日本語文學系,日文,78.93,473.55
101,政大,韓國語文學系,,78.45,470.7
101,政大,土耳其語文學系,,80.88,404.4
101,政大,歐洲語文學系法文組,,78.84,473.05
101,政大,歐洲語文學系德文組,,78.86,473.15
101,政大,歐洲語文學系西班牙文組,,78.93,473.6
101,政大,法律學系,法律,83.28,499.7
101,政大,應用數學系,數學,77.97,467.8
101,政大,心理學系,心理,79.38,257.98
101,政大,資訊科學系,資訊工程,79.56,477.35
102,政大,中國文學系,中文,80.02,380.1
102,政大,歷史學系,歷史,81.05,445.75
102,政大,哲學系,哲學,80.82,464.7
102,政大,教育學系,,79.58,497.4
102,政大,教育學系(公費生),,87.78,548.6
102,政大,政治學系,政治,82.34,432.3
102,政大,社會學系,社會學,82.56,454.1
102,政大,財政學系,,85.25,341.0
102,政大,公共行政學系,,83.05,436.0
102,政大,地政學系土地資源規劃組,,81.23,487.35
102,政大,地政學系土地管理組,,81.73,490.38
102,政大,地政學系土地測量與資訊組,,71.06,426.35
102,政大,經濟學系,經濟,84.85,339.4
102,政大,民族學系,,82.49,268.1
102,政大,外交學系,政治,82.23,534.48
102,政大,國際經營與貿易學系,,86.38,475.1
102,政大,金融學系,財務金融,87.77,394.95
102,政大,會計學系,會計,82.6,578.2
102,政大,統計學系社會組,統計,82.71,578.95
102,政大,統計學系自然組,統計,75.48,528.35
102,政大,企業管理學系,企業管理,86.52,432.6
102,政大,資訊管理學系社會組,資訊管理,85.5,427.5
102,政大,資訊管理學系自然組,資訊管理,79.4,397.0
102,政大,財務管理學系,,88.4,442.0
102,政大,風險管理與保險學系,,85.4,341.6
102,政大,新聞學系,新聞傳播,81.07,486.4
102,政大,廣告學系,新聞傳播,81.83,491.0
102,政大,廣播電視學系,新聞傳播,83.28,416.4
102,政大,傳播學院傳播學士學位學程,新聞傳播,83.46,500.75
102,政大,英國語文學系,外文,81.47,529.55
102,政大,阿拉伯語文學系,,79.14,494.63
102,政大,斯拉夫語文學系,,79.36,476.15
102,政大,日本語文學系,日文,80.73,484.35
102,政大,韓國語文學系,,80.42,482.5
102,政大,土耳其語文學系,,81.64,408.2
102,政大,歐洲語文學系法文組,,81.05,486.3
102,政大,歐洲語文學系德文組,,80.98,485.85
102,政大,歐洲語文學系西班牙文組,,81.5,489.0
102,政大,法律學系,法律,84.77,508.6
102,政大,應用數學系,數學,71.64,394.0
102,政大,心理學系,心理,77.86,253.03
102,政大,資訊科學系,資訊工程,74.43,446.55
103,政大,中國文學系,中文,80.32,381.53
103,政大,歷史學系,歷史,81.4,447.7
103,政大,哲學系,哲學,81.81,470.4
103,政大,教育學系,,80.26,501.6
103,政大,教育學系(公費生),,88.52,553.25
103,政大,政治學系,政治,82.2,431.55
103,政大,社會學系,社會學,82.41,453.25
103,政大,財政學系,,85.83,343.3
103,政大,公共行政學系,,82.68,434.05
103,政大,地政學系土地資源規劃組,,82.14,492.85
103,政大,地政學系土地管理組,,82.7,496.2
103,政大,地政學系土地測量與資訊組,,68.4,410.38
103,政大,經濟學系,經濟,85.69,342.75
103,政大,民族學系,,81.63,265.3
103,政大,外交學系,政治,82.72,537.7
103,政大,國際經營與貿易學系,,86.81,477.45
103,政大,金融學系,財務金融,88.86,399.85
103,政大,會計學系,會計,84.52,633.9
103,政大,統計學系社會組,統計,83.64,585.45
103,政大,統計學系自然組,統計,72.39,506.75
103,政大,企業管理學系,企業管理,87.52,437.6
103,政大,資訊管理學系社會組,資訊管理,86.74,433.7
103,政大,資訊管理學系自然組,資訊管理,74.1,370.5
103,政大,財務管理學系,,89.4,447.0
103,政大,風險管理與保險學系,,86.24,344.95
103,政大,傳播學院大一大二不分系,,82.78,496.7
103,政大,英國語文學系,外文,82.04,533.25
103,政大,阿拉伯語文學系,,79.96,499.75
103,政大,斯拉夫語文學系,,79.86,479.15
103,政大,日本語文學系,日文,81.02,486.15
103,政大,韓國語文學系,,80.64,483.85
103,政大,土耳其語文學系,,80.76,403.8
103,政大,歐洲語文學系法文組,,81.34,488.05
103,政大,歐洲語文學系德文組,,81.77,490.6
103,政大,歐洲語文學系西班牙文組,,81.49,488.95
103,政大,法律學系,法律,85.68,514.1
103,政大,應用數學系,數學,69.56,382.6
103,政大,心理學系,心理,74.06,240.68
103,政大,資訊科學系,資訊工程,70.39,422.35
104,政大,中國文學系,中文,72.95,346.53
104,政大,歷史學系,歷史,76.65,421.6
104,政大,哲學系,哲學,74.83,430.25
104,政大,教育學系,,73.67,460.45
104,政大,教育學系(公費)-桃園市,,81.23,507.7
104,政大,政治學系,政治,73.45,385.6
104,政大,社會學系,社會學,73.06,401.85
104,政大,財政學系,,75.3,301.2
104,政大,公共行政學系,,73.97,388.35
104,政大,地政學系土地資源規劃組,,74.6,484.9
104,政大,地政學系土地管理組,,75.16,488.55
104,政大,地政學系土地測量與資訊組,,64.36,434.45
104,政大,經濟學系,經濟,75.16,300.65
104,政大,民族學系,,76.09,247.3
104,政大,外交學系,政治,76.38,496.5
104,政大,國際經營與貿易學系,,77.27,425.0
104,政大,金融學系,財務金融,79.69,358.6
104,政大,會計學系,會計,76.93,576.95
104,政大,統計學系社會組,統計,76.42,534.95
104,政大,統計學系自然組,統計,70.15,491.05
104,政大,企業管理學系,企業管理,77.04,385.2
104,政大,資訊管理學系社會組,資訊管理,76.02,380.1
104,政大,資訊管理學系自然組,資訊管理,69.88,349.4
104,政大,財務管理學系,,80.92,404.6
104,政大,風險管理與保險學系,,76.04,304.15
104,政大,傳播學院大一大二不分系,,75.93,455.55
104,政大,英國語文學系,外文,76.28,495.85
104,政大,阿拉伯語文學系,,74.36,464.75
104,政大,斯拉夫語文學系,,74.22,445.3
104,政大,日本語文學系,日文,75.31,451.85
104,政大,韓國語文學系,,75.08,450.45
104,政大,土耳其語文學系,,72.76,363.8
104,政大,歐洲語文學系法文組,,75.43,452.6
104,政大,歐洲語文學系德文組,,75.99,455.95
104,政大,歐洲語文學系西班牙文組,,75.29,451.75
104,政大,法律學系,法律,78.85,473.1
104,政大,應用數學系,數學,66.02,363.1
104,政大,心理學系,心理,69.58,226.15
104,政大,資訊科學系,資訊工程,67.79,406.75
105,政大,中國文學系,中文,75.85,360.3
105,政大,歷史學系,歷史,76.62,421.4
105,政大,哲學系,哲學,76.09,437.5
105,政大,教育學系,,75.47,471.7
105,政大,政治學系,政治,77.09,404.7
105,政大,社會學系,社會學,77.29,425.1
105,政大,財政學系,,81.68,326.7
105,政大,公共行政學系,,77.39,406.3
105,政大,地政學系土地資源規劃組,,76.91,499.9
105,政大,地政學系土地管理組,,77.36,502.85
105,政大,地政學系土地測量與資訊組,,67.31,454.33
105,政大,經濟學系,經濟,81.51,326.05
105,政大,民族學系,,71.2,231.4
105,政大,外交學系,政治,78.07,507.48
105,政大,國際經營與貿易學系,,83.35,458.45
105,政大,金融學系,財務金融,85.39,384.25
105,政大,會計學系,會計,80.17,601.3
105,政大,統計學系社會組,統計,79.24,554.7
105,政大,統計學系自然組,統計,71.02,497.15
105,政大,企業管理學系,企業管理,83.26,416.3
105,政大,資訊管理學系社會組,資訊管理,82.84,414.2
105,政大,資訊管理學系自然組,資訊管理,72.94,364.7
105,政大,財務管理學系,,85.96,429.8
105,政大,風險管理與保險學系,,82.36,329.45
105,政大,傳播學院大一大二不分系,,77.78,466.65
105,政大,英國語文學系,外文,77.71,505.1
105,政大,阿拉伯語文學系,,75.53,472.08
105,政大,斯拉夫語文學系,,75.63,453.75
105,政大,日本語文學系,日文,76.67,460.0
105,政大,韓國語文學系,,76.18,457.1
105,政大,土耳其語文學系,,74.69,522.8
105,政大,歐洲語文學系法文組,,77.01,462.05
105,政大,歐洲語文學系德文組,,77.21,463.25
105,政大,歐洲語文學系西班牙文組,,77.17,463.0
105,政大,法律學系,法律,79.88,479.3
105,政大,應用數學系,數學,68.42,376.3
105,政大,心理學系,心理,72.88,236.85
105,政大,資訊科學系,資訊工程,70.32,421.9
106,政大,中國文學系,中文,76.42,363.0
106,政大,歷史學系,歷史,79.38,436.6
106,政大,哲學系,哲學,78.29,450.18
106,政大,教育學系,,77.37,483.55
106,政大,教育學系(公費)-新竹縣,,83.68,564.85
106,政大,政治學系,政治,79.02,414.85
106,政大,社會學系,社會學,79.11,435.1
106,政大,財政學系,,82.9,331.6
106,政大,公共行政學系,,80.85,404.25
106,政大,地政學系土地資源規劃組,,79.22,514.95
106,政大,地政學系土地管理組,,79.74,518.3
106,政大,地政學系土地測量與資訊組,,65.89,444.78
106,政大,經濟學系,經濟,82.58,330.3
106,政大,民族學系,,74.46,242.0
106,政大,外交學系,政治,80.14,520.88
106,政大,國際經營與貿易學系,,84.18,463.0
106,政大,金融學系,財務金融,86.8,390.6
106,政大,會計學系,會計,82.83,621.25
106,政大,統計學系社會組,統計,82.55,577.85
106,政大,統計學系自然組,統計,70.31,492.15
106,政大,企業管理學系,企業管理,84.8,424.0
106,政大,資訊管理學系社會組,資訊管理,84.14,420.7
106,政大,資訊管理學系自然組,資訊管理,70.18,350.9
106,政大,財務管理學系,,87.54,437.7
106,政大,風險管理與保險學系,,83.55,334.2
106,政大,傳播學院大一大二不分系,,79.51,477.05
106,政大,英國語文學系,外文,79.22,514.9
106,政大,阿拉伯語文學系,,77.03,481.45
106,政大,斯拉夫語文學系,,77.01,462.05
106,政大,日本語文學系,日文,78.48,470.9
106,政大,韓國語文學系,,77.94,467.65
106,政大,土耳其語文學系,,76.17,533.2
106,政大,歐洲語文學系法文組,,78.68,472.05
106,政大,歐洲語文學系德文組,,79.06,474.35
106,政大,歐洲語文學系西班牙文組,,78.85,473.1
106,政大,東南亞語言與文化學士學位學程,,77.31,463.85
106,政大,法律學系,法律,82.38,494.3
106,政大,應用數學系,數學,67.29,370.1
106,政大,心理學系,心理,71.08,231.0
106,政大,資訊科學系,資訊工程,69.38,416.25
107,政大,中國文學系,中文,76.53,363.53
107,政大,歷史學系,歷史,77.95,428.75
107,政大,哲學系,哲學,76.68,440.93
107,政大,教育學系,,76.88,480.5
107,政大,政治學系,政治,78.64,412.85
107,政大,社會學系,社會學,78.75,433.13
107,政大,財政學系,,83.15,332.58
107,政大,公共行政學系,,79.53,397.65
107,政大,地政學系土地資源規劃組,,78.87,512.63
107,政大,地政學系土地管理組,,79.55,517.05
107,政大,地政學系土地測量與資訊組,,68.05,459.35
107,政大,經濟學系,經濟,83.83,377.25
107,政大,民族學系,,74.52,242.2
107,政大,外交學系,政治,79.97,519.81
107,政大,國際經營與貿易學系,,85.07,467.9
107,政大,金融學系,財務金融,87.0,391.48
107,政大,會計學系,會計,82.33,617.5
107,政大,統計學系社會組,統計,81.98,573.83
107,政大,統計學系自然組,統計,74.03,518.23
107,政大,企業管理學系,企業管理,84.62,423.1
107,政大,資訊管理學系社會組,資訊管理,84.24,421.2
107,政大,資訊管理學系自然組,資訊管理,75.96,379.8
107,政大,財務管理學系,,87.6,438.0
107,政大,風險管理與保險學系,,84.11,336.43
107,政大,傳播學院大一大二不分系,,78.55,471.3
107,政大,英國語文學系,外文,79.35,515.8
107,政大,阿拉伯語文學系,,76.97,481.05
107,政大,斯拉夫語文學系,,77.07,462.43
107,政大,日本語文學系,日文,78.99,473.93
107,政大,韓國語文學系,,78.69,472.15
107,政大,土耳其語文學系,,76.97,538.8
107,政大,歐洲語文學系法文組,,78.96,473.78
107,政大,歐洲語文學系德文組,,79.45,476.68
107,政大,歐洲語文學系西班牙文組,,79.2,475.2
107,政大,東南亞語言與文化學士學位學程,,77.7,466.18
107,政大,法律學系,法律,81.67,490.0
107,政大,應用數學系,數學,70.25,386.35
107,政大,心理學系,心理,76.63,249.05
107,政大,資訊科學系,資訊工程,72.59,435.55
108,政大,中國文學系,中文,79.58,377.99
108,政大,歷史學系,歷史,79.53,437.4
108,政大,哲學系,哲學,80.27,461.58
108,政大,教育學系,,82.98,331.9
108,政大,政治學系,政治,83.03,435.93
108,政大,社會學系,社會學,83.14,457.28
108,政大,財政學系,,86.19,344.75
108,政大,公共行政學系,,83.32,416.6
108,政大,地政學系土地資源規劃組,,80.66,524.3
108,政大,地政學系土地管理組,,81.42,529.23
108,政大,地政學系土地測量與資訊組,,68.19,460.25
108,政大,經濟學系,經濟,86.82,390.68
108,政大,民族學系,,84.18,273.6
108,政大,外交學系,政治,81.64,530.68
108,政大,國際經營與貿易學系,,88.15,484.8
108,政大,金融學系,財務金融,88.96,444.8
108,政大,會計學系,會計,83.6,627.0
108,政大,統計學系社會組,統計,83.87,587.1
108,政大,統計學系自然組,統計,74.89,524.23
108,政大,企業管理學系,企業管理,87.1,435.5
108,政大,資訊管理學系社會組,資訊管理,86.58,432.9
108,政大,資訊管理學系自然組,資訊管理,76.12,380.6
108,政大,財務管理學系,,89.84,449.2
108,政大,風險管理與保險學系,,86.65,346.6
108,政大,傳播學院大一大二不分系社會組,,81.37,488.2
108,政大,傳播學院大一大二不分系自然組,,75.98,303.9
108,政大,英國語文學系,外文,80.97,526.3
108,政大,阿拉伯語文學系,,79.19,494.93
108,政大,斯拉夫語文學系,,79.59,477.53
108,政大,日本語文學系,日文,80.9,485.4
108,政大,韓國語文學系,,80.68,484.05
108,政大,土耳其語文學系,,79.59,557.1
108,政大,歐洲語文學系法文組,,80.97,485.83
108,政大,歐洲語文學系德文組,,81.58,489.48
108,政大,歐洲語文學系西班牙文組,,81.46,488.75
108,政大,東南亞語言與文化學士學位學程,,79.71,478.23
108,政大,法律學系,法律,84.03,504.2
108,政大,應用數學系,數學,71.23,391.75
108,政大,心理學系,心理,77.46,251.74
108,政大,資訊科學系,資訊工程,73.81,442.83
109,政大,中國文學系,中文,74.07,351.83
109,政大,歷史學系,歷史,76.55,421.05
109,政大,哲學系,哲學,75.09,431.75
109,政大,教育學系,,78.75,315.0
109,政大,政治學系,政治,78.34,411.3
109,政大,社會學系,社會學,76.88,422.83
109,政大,財政學系,,81.33,325.3
109,政大,公共行政學系,,78.2,390.98
109,政大,地政學系土地資源規劃組,,76.09,494.6
109,政大,地政學系土地管理組,,77.2,501.78
109,政大,地政學系土地測量與資訊組,,63.67,429.78
109,政大,經濟學系,經濟,82.54,371.45
109,政大,民族學系,,78.61,471.63
109,政大,外交學系,政治,78.33,509.16
109,政大,國際經營與貿易學系,,83.87,461.3
109,政大,金融學系,財務金融,86.56,389.5
109,政大,會計學系,會計,80.29,602.2
109,政大,統計學系社會組,統計,79.79,558.55
109,政大,統計學系自然組,統計,70.54,493.78
109,政大,企業管理學系,企業管理,82.42,412.1
109,政大,資訊管理學系社會組,資訊管理,82.12,410.6
109,政大,資訊管理學系自然組,資訊管理,70.74,353.7
109,政大,財務管理學系,,87.1,435.5
109,政大,風險管理與保險學系,,81.71,326.83
109,政大,傳播學院大一大二不分系社會組,,77.16,462.95
109,政大,傳播學院大一大二不分系自然組,,72.54,290.15
109,政大,英國語文學系,外文,77.4,503.1
109,政大,阿拉伯語文學系,,74.61,466.3
109,政大,斯拉夫語文學系,,75.08,450.45
109,政大,日本語文學系,日文,77.51,465.08
109,政大,韓國語文學系,,76.22,457.33
109,政大,土耳其語文學系,,75.19,526.3
109,政大,歐洲語文學系法文組,,76.88,461.28
109,政大,歐洲語文學系德文組,,77.63,465.78
109,政大,歐洲語文學系西班牙文組,,77.08,462.48
109,政大,東南亞語言與文化學士學位學程,,75.69,454.15
109,政大,法律學系,法律,80.15,480.9
109,政大,應用數學系,數學,67.23,369.75
109,政大,心理學系,心理,72.0,234.0
109,政大,資訊科學系,資訊工程,69.82,418.9
110,政大,中國文學系,中文,77.82,369.64
110,政大,歷史學系,歷史,80.13,440.7
110,政大,哲學系,哲學,77.14,443.53
110,政大,教育學系,,80.23,320.9
110,政大,政治學系,政治,78.65,412.9
110,政大,社會學系,社會學,78.44,431.43
110,政大,財政學系,,83.19,332.75
110,政大,公共行政學系,,79.26,396.28
110,政大,地政學系土地資源規劃組,,80.22,521.43
110,政大,地政學系土地管理組,,81.18,527.7
110,政大,地政學系土地測量與資訊組,,63.16,426.35
110,政大,經濟學系,經濟,83.94,377.75
110,政大,民族學系,,80.03,480.18
110,政大,外交學系,政治,81.82,531.81
110,政大,國際經營與貿易學系,,85.38,469.6
110,政大,金融學系社會組,財務金融,88.63,398.85
110,政大,金融學系自然組,財務金融,76.61,344.75
110,政大,會計學系,會計,83.72,627.9
110,政大,統計學系社會組,統計,82.84,579.85
110,政大,統計學系自然組,統計,67.68,473.75
110,政大,企業管理學系,企業管理,84.38,421.9
110,政大,資訊管理學系社會組,資訊管理,84.5,422.5
110,政大,資訊管理學系自然組,資訊管理,73.7,368.5
110,政大,財務管理學系,,88.68,399.08
110,政大,風險管理與保險學系,,83.16,332.63
110,政大,傳播學院大一大二不分系社會組,,79.28,475.68
110,政大,傳播學院大一大二不分系自然組,,72.65,290.58
110,政大,英國語文學系,外文,80.6,523.9
110,政大,阿拉伯語文學系,,77.9,486.9
110,政大,斯拉夫語文學系,,78.51,471.05
110,政大,日本語文學系,日文,81.01,486.05
110,政大,韓國語文學系,,79.77,478.63
110,政大,土耳其語文學系,,77.71,544.0
110,政大,歐洲語文學系法文組,,80.06,480.38
110,政大,歐洲語文學系德文組,,80.78,484.65
110,政大,歐洲語文學系西班牙文組,,79.97,479.8
110,政大,東南亞語言與文化學士學位學程越文組,,77.52,465.1
110,政大,東南亞語言與文化學士學位學程泰文組,,77.14,462.83
110,政大,東南亞語言與文化學士學位學程印尼文組,,76.81,460.83
110,政大,法律學系,法律,83.48,500.9
110,政大,應用數學系,數學,63.78,382.7
110,政大,心理學系,心理,72.65,236.1
110,政大,資訊科學系,資訊工程,68.75,343.75
110,政大,資訊科學系(人工智慧組),資訊工程,70.85,354.23
111,政大,中國文學系,中文,46.89,222.75
111,政大,歷史學系,歷史,51.45,283.0
111,政大,哲學系,哲學,46.87,269.5
111,政大,教育學系,,47.57,333.0
111,政大,政治學系,政治,50.54,328.5
111,政大,社會學系,社會學,50.2,251.0
111,政大,財政學系(社會組),,44.4,222.0
111,政大,財政學系(自然組),,44.0,176.0
111,政大,公共行政學系,,50.2,251.0
111,政大,地政學系土地資源規劃組,,43.62,283.5
111,政大,地政學系土地管理組,,44.08,286.5
111,政大,地政學系土地測量與資訊組,,36.0,243.0
111,政大,經濟學系(社會組),經濟,43.22,194.5
111,政大,經濟學系(自然組),經濟,42.78,192.5
111,政大,民族學系,,47.13,282.75
111,政大,外交學系,政治,50.92,318.25
111,政大,國際經營與貿易學系(社會組),,45.87,344.0
111,政大,國際經營與貿易學系(自然組),,46.45,255.5
111,政大,金融學系(社會組),財務金融,46.17,277.0
111,政大,金融學系(自然組),財務金融,46.78,210.5
111,政大,會計學系(社會組),會計,44.93,337.0
111,政大,會計學系(自然組),會計,44.91,247.0
111,政大,統計學系(社會組),統計,44.93,314.5
111,政大,統計學系(自然組),統計,41.14,288.0
111,政大,企業管理學系(社會組),企業管理,47.75,286.5
111,政大,企業管理學系(自然組),企業管理,43.25,173.0
111,政大,資訊管理學系(社會組),資訊管理,44.86,314.0
111,政大,資訊管理學系(自然組),資訊管理,44.4,222.0
111,政大,財務管理學系(社會組),,46.85,304.5
111,政大,財務管理學系(自然組),,48.33,217.5
111,政大,風險管理與保險學系(社會組),,44.46,289.0
111,政大,風險管理與保險學系(自然組),,44.91,247.0
111,政大,傳播學院大一大二不分系(社會組),,48.17,289.0
111,政大,傳播學院大一大二不分系(自然組),,39.25,235.5
111,政大,英國語文學系,外文,48.54,315.5
111,政大,阿拉伯語文學系,,45.32,283.25
111,政大,斯拉夫語文學系,,46.8,234.0
111,政大,日本語文學系,日文,50.6,253.0
111,政大,韓國語文學系,,48.0,288.0
111,政大,土耳其語文學系,,47.0,282.0
111,政大,歐洲語文學系法文組,,50.33,302.0
111,政大,歐洲語文學系德文組,,50.08,300.5
111,政大,歐洲語文學系西班牙文組,,49.92,299.5
111,政大,東南亞語言與文化學士學位學程越文組,,48.08,288.5
111,政大,東南亞語言與文化學士學位學程泰文組,,48.33,290.0
111,政大,東南亞語言與文化學士學位學程印尼文組,,47.75,286.5
111,政大,法律學系,法律,51.67,310.0
111,政大,應用數學系,數學,37.5,225.0
111,政大,心理學系,心理,45.15,146.75
111,政大,資訊科學系,資訊工程,42.8,214.0
111,政大,資訊科學系(人工智慧組),資訊工程,44.3,221.5
111,政大,創新國際學院學士班,,53.11,239.0
112,政大,中國文學系,中文,49.68,236.0
112,政大,歷史學系,歷史,51.73,284.5
112,政大,哲學系,哲學,47.22,271.5
112,政大,教育學系,,47.71,334.0
112,政大,政治學系,政治,50.92,331.0
112,政大,社會學系,社會學,50.0,250.0
112,政大,財政學系(A組),,46.8,234.0
112,政大,財政學系(B組),,45.38,181.5
112,政大,公共行政學系,,50.6,253.0
112,政大,地政學系土地資源規劃組,,46.77,304.0
112,政大,地政學系土地管理組,,47.69,310.0
112,政大,地政學系土地測量與資訊組,,39.7,268.0
112,政大,經濟學系(社會組),經濟,46.78,210.5
112,政大,經濟學系(自然組),經濟,44.0,198.0
112,政大,民族學系,,48.96,293.75
112,政大,外交學系,政治,51.92,324.5
112,政大,國際經營與貿易學系(A組),,48.87,366.5
112,政大,國際經營與貿易學系(B組),,46.91,258.0
112,政大,金融學系(社會組),財務金融,49.33,296.0
112,政大,金融學系(自然組),財務金融,47.22,212.5
112,政大,會計學系(A組),會計,47.23,307.0
112,政大,會計學系(B組),會計,46.73,257.0
112,政大,統計學系(A組),統計,47.07,329.5
112,政大,統計學系(B組),統計,43.93,307.5
112,政大,企業管理學系(A組),企業管理,50.42,302.5
112,政大,企業管理學系(B組),企業管理,44.75,179.0
112,政大,資訊管理學系(社會組),資訊管理,47.71,334.0
112,政大,資訊管理學系(自然組),資訊管理,45.2,226.0
112,政大,財務管理學系(A組),,53.82,296.0
112,政大,財務管理學系(B組),,48.56,218.5
112,政大,風險管理與保險學系(A組),,47.31,307.5
112,政大,風險管理與保險學系(B組),,45.36,249.5
112,政大,傳播學院大一大二不分系(社會組),,48.58,291.5
112,政大,傳播學院大一大二不分系(自然組),,44.33,266.0
112,政大,英國語文學系,外文,48.69,316.5
112,政大,阿拉伯語文學系,,46.48,290.5
112,政大,斯拉夫語文學系,,49.1,245.5
112,政大,日本語文學系,日文,50.9,254.5
112,政大,韓國語文學系,,48.0,288.0
112,政大,土耳其語文學系,,48.77,317.0
112,政大,歐洲語文學系法文組,,48.33,290.0
112,政大,歐洲語文學系德文組,,48.58,291.5
112,政大,歐洲語文學系西班牙文組,,48.25,289.5
112,政大,東南亞語言與文化學士學位學程越文組,,49.0,294.0
112,政大,東南亞語言與文化學士學位學程泰文組,,49.58,297.5
112,政大,東南亞語言與文化學士學位學程印尼文組,,49.25,295.5
112,政大,法律學系,法律,51.17,307.0
112,政大,應用數學系,數學,39.2,196.0
112,政大,心理學系,心理,46.15,150.0
112,政大,資訊科學系,資訊工程,44.4,222.0
112,政大,資訊科學系(人工智慧組),資訊工程,46.2,231.0
112,政大,創新國際學院學士班,,49.08,294.5
113,政大,中國文學系,中文,49.16,233.5
113,政大,歷史學系,歷史,52.0,286.0
113,政大,哲學系,哲學,49.95,237.25
113,政大,教育學系,,47.57,333.0
113,政大,政治學系,政治,51.88,337.25
113,政大,社會學系,社會學,51.4,257.0
113,政大,財政學系(A組),,47.0,235.0
113,政大,財政學系(B組),,46.5,186.0
113,政大,公共行政學系,,51.8,259.0
113,政大,地政學系土地資源規劃組,,46.62,303.0
113,政大,地政學系土地管理組,,47.23,307.0
113,政大,地政學系土地測量與資訊組,,41.19,278.0
113,政大,經濟學系(社會組),經濟,47.56,214.0
113,政大,經濟學系(自然組),經濟,46.11,207.5
113,政大,民族學系,,49.04,294.25
113,政大,外交學系,政治,52.28,326.75
113,政大,國際經營與貿易學系(A組),,48.6,364.5
113,政大,國際經營與貿易學系(B組),,48.09,264.5
113,政大,金融學系(社會組),財務金融,49.5,297.0
113,政大,金融學系(自然組),財務金融,49.44,222.5
113,政大,會計學系(A組),會計,47.08,306.0
113,政大,會計學系(B組),會計,47.91,263.5
113,政大,統計學系(A組),統計,45.93,321.5
113,政大,統計學系(B組),統計,44.36,310.5
113,政大,企業管理學系(A組),企業管理,49.83,299.0
113,政大,企業管理學系(B組),企業管理,45.75,183.0
113,政大,資訊管理學系(社會組),資訊管理,47.29,331.0
113,政大,資訊管理學系(自然組),資訊管理,47.2,236.0
113,政大,財務管理學系(A組),,53.27,293.0
113,政大,財務管理學系(B組),,50.5,202.0
113,政大,風險管理與保險學系(A組),,47.15,306.5
113,政大,風險管理與保險學系(B組),,46.82,257.5
113,政大,傳播學院大一大二不分系(社會組),,48.08,288.5
113,政大,傳播學院大一大二不分系(自然組),,45.3,226.5
113,政大,英國語文學系,外文,48.0,312.0
113,政大,阿拉伯語文學系,,46.04,287.75
113,政大,斯拉夫語文學系,,49.0,245.0
113,政大,日本語文學系,日文,51.6,258.0
113,政大,韓國語文學系,,47.83,287.0
113,政大,土耳其語文學系,,49.08,319.0
113,政大,歐洲語文學系法文組,,47.92,287.5
113,政大,歐洲語文學系德文組,,48.17,289.0
113,政大,歐洲語文學系西班牙文組,,48.17,289.0
113,政大,東南亞語文學系越文組,,49.75,298.5
113,政大,東南亞語文學系泰文組,,50.0,300.0
113,政大,東南亞語文學系印尼文組,,49.33,296.0
113,政大,法律學系,法律,51.5,309.0
113,政大,應用數學系,數學,41.4,207.0
113,政大,心理學系,心理,47.69,155.0
113,政大,資訊科學系,資訊工程,46.32,254.75
113,政大,資訊科學系(人工智慧組),資訊工程,46.89,211.0
113,政大,創新國際學院學士班,,49.25,295.5
114,政大,中國文學系,中文,48.37,229.75
114,政大,歷史學系,歷史,51.18,281.5
114,政大,哲學系,哲學,45.04,259.0
114,政大,教育學系,,46.43,325.0
114,政大,政治學系,政治,51.15,332.5
114,政大,社會學系,社會學,49.4,247.0
114,政大,財政學系,,51.63,206.5
114,政大,公共行政學系,,50.8,254.0
114,政大,地政學系土地資源規劃組,,50.08,325.5
114,政大,地政學系土地管理組,,50.69,329.5
114,政大,地政學系土地測量與資訊組,,42.59,287.5
114,政大,經濟學系(A組),經濟,53.33,240.0
114,政大,經濟學系(B組),經濟,52.33,235.5
114,政大,民族學系,,47.13,282.75
114,政大,外交學系,政治,51.76,323.5
114,政大,國際經營與貿易學系,,52.64,289.5
114,政大,金融學系(A組),財務金融,54.6,273.0
114,政大,金融學系(B組),財務金融,49.0,220.5
114,政大,會計學系,會計,51.38,334.0
114,政大,統計學系(A組),統計,51.86,363.0
114,政大,統計學系(B組),統計,45.93,321.5
114,政大,企業管理學系,企業管理,52.75,211.0
114,政大,資訊管理學系(A組),資訊管理,52.6,263.0
114,政大,資訊管理學系(B組),資訊管理,47.6,238.0
114,政大,財務管理學系,,55.22,248.5
114,政大,風險管理與保險學系,,51.88,207.5
114,政大,傳播學院大一大二不分系(社會組),,47.83,287.0
114,政大,傳播學院大一大二不分系(自然組),,45.5,227.5
114,政大,英國語文學系,外文,47.46,308.5
114,政大,阿拉伯語文學系,,47.48,249.25
114,政大,斯拉夫語文學系,,47.6,238.0
114,政大,日本語文學系,日文,50.6,253.0
114,政大,韓國語文學系,,46.92,281.5
114,政大,土耳其語文學系,,47.38,308.0
114,政大,歐洲語文學系法文組,,46.75,280.5
114,政大,歐洲語文學系德文組,,47.08,282.5
114,政大,歐洲語文學系西班牙文組,,47.42,284.5
114,政大,東南亞語文學系越文組,,47.33,284.0
114,政大,東南亞語文學系泰文組,,47.0,282.0
114,政大,東南亞語文學系印尼文組,,46.58,279.5
114,政大,法律學系,法律,51.67,310.0
114,政大,應用數學系,數學,42.8,214.0
114,政大,心理學系,心理,47.4,237.0
114,政大,資訊科學系,資訊工程,46.32,254.75
114,政大,創新國際學院學士班,,49.0,294.0
115,政大,中國文學系,中文,49.42,234.75
115,政大,歷史學系,歷史,51.91,285.5
115,政大,哲學系,哲學,50.26,238.75
115,政大,教育學系,,46.86,328.0
115,政大,政治學系,政治,51.65,335.75
115,政大,社會學系,社會學,50.0,250.0
115,政大,財政學系,,50.38,201.5
115,政大,公共行政學系,,50.2,251.0
115,政大,地政學系土地資源規劃組,,49.46,321.5
115,政大,地政學系土地管理組,,50.15,326.0
115,政大,地政學系土地測量與資訊組,,40.22,271.5
115,政大,經濟學系(A組),經濟,52.33,235.5
115,政大,經濟學系(B組),經濟,51.0,229.5
115,政大,民族學系,,48.88,293.25
115,政大,外交學系,政治,52.0,325.0
115,政大,國際經營與貿易學系,,51.73,284.5
115,政大,金融學系(A組),財務金融,53.6,268.0
115,政大,金融學系(B組),財務金融,48.22,217.0
115,政大,會計學系,會計,50.46,328.0
115,政大,統計學系(A組),統計,50.93,356.5
115,政大,統計學系(B組),統計,43.21,302.5
115,政大,企業管理學系,企業管理,51.0,204.0
115,政大,資訊管理學系(A組),資訊管理,51.8,259.0
115,政大,資訊管理學系(B組),資訊管理,45.0,225.0
115,政大,財務管理學系,,54.22,244.0
115,政大,風險管理與保險學系,,50.38,201.5
115,政大,傳播學院大一大二不分系(社會組),,48.92,293.5
115,政大,傳播學院大一大二不分系(自然組),,46.1,230.5
115,政大,英國語文學系,外文,47.38,308.0
115,政大,阿拉伯語文學系,,48.86,256.5
115,政大,斯拉夫語文學系,,49.2,246.0
115,政大,日本語文學系,日文,50.9,254.5
115,政大,韓國語文學系,,46.67,280.0
115,政大,土耳其語文學系,,48.46,315.0
115,政大,歐洲語文學系法文組,,47.42,284.5
115,政大,歐洲語文學系德文組,,47.08,282.5
115,政大,歐洲語文學系西班牙文組,,47.58,285.5
115,政大,東南亞語文學系越文組,,49.42,296.5
115,政大,東南亞語文學系泰文組,,49.75,298.5
115,政大,東南亞語文學系印尼文組,,49.0,294.0
115,政大,法律學系,法律,51.0,306.0
115,政大,應用數學系,數學,40.8,204.0
115,政大,心理學系,心理,45.6,228.0
115,政大,資訊科學系,資訊工程,44.0,253.0
115,政大,創新國際學院學士班,,47.5,285.0
101,高醫,醫學系,醫學,86.75,520.5
101,高醫,運動醫學系,,58.15,392.53
101,高醫,呼吸治療學系,,68.87,396.03
101,高醫,牙醫學系,牙醫,85.5,513.0
101,高醫,口腔衛生學系,,59.5,342.15
101,高醫,藥學系,藥學,81.05,547.1
101,高醫,香粧品學系,,64.47,419.05
101,高醫,護理學系,護理,63.36,380.13
101,高醫,醫學檢驗生物技術學系,醫檢,75.27,432.78
101,高醫,醫學影像暨放射科學系,,69.09,397.25
101,高醫,公共衛生學系,公共衛生,61.54,384.65
101,高醫,心理學系,心理,70.02,455.15
101,高醫,職能治療學系,職能治療,73.54,478.0
101,高醫,物理治療學系,物理治療,72.9,364.5
101,高醫,醫學社會學與社會工作學系,社會工作,57.92,376.5
101,高醫,醫務管理暨醫療資訊學系,,58.78,352.65
101,高醫,醫藥暨應用化學系醫藥化學組,化學,67.32,437.55
101,高醫,醫藥暨應用化學系應用化學組,化學,65.48,425.65
101,高醫,生物醫學暨環境生物學系,生命科學,66.16,413.53
101,高醫,生物科技學系,,70.16,438.48
102,高醫,醫學系,醫學,86.73,520.4
102,高醫,運動醫學系,,60.73,409.95
102,高醫,呼吸治療學系,,68.97,396.55
102,高醫,牙醫學系,牙醫,84.82,508.9
102,高醫,口腔衛生學系,,60.65,348.75
102,高醫,藥學系,藥學,82.7,558.25
102,高醫,香粧品學系,,64.33,418.15
102,高醫,護理學系,護理,63.13,378.78
102,高醫,醫學檢驗生物技術學系,醫檢,75.67,435.08
102,高醫,醫學影像暨放射科學系,,67.93,390.58
102,高醫,公共衛生學系,公共衛生,61.02,381.4
102,高醫,心理學系,心理,69.71,453.1
102,高醫,職能治療學系,職能治療,73.0,474.5
102,高醫,物理治療學系,物理治療,72.41,543.1
102,高醫,醫學社會學與社會工作學系,社會工作,59.26,399.98
102,高醫,醫務管理暨醫療資訊學系,,58.33,350.0
102,高醫,醫藥暨應用化學系醫藥化學組,化學,62.97,409.3
102,高醫,醫藥暨應用化學系應用化學組,化學,60.28,391.8
102,高醫,生物醫學暨環境生物學系,生命科學,64.98,406.13
102,高醫,生物科技學系,,68.07,425.45
103,高醫,醫學系,醫學,84.92,509.5
103,高醫,運動醫學系,,59.21,399.65
103,高醫,呼吸治療學系,,70.12,403.18
103,高醫,牙醫學系,牙醫,83.3,499.8
103,高醫,口腔衛生學系,,58.59,336.9
103,高醫,藥學系,藥學,80.43,542.9
103,高醫,香粧品學系,,62.04,403.25
103,高醫,護理學系,護理,62.76,392.23
103,高醫,醫學檢驗生物技術學系,醫檢,72.85,418.9
103,高醫,醫學影像暨放射科學系,,66.89,384.6
103,高醫,公共衛生學系,公共衛生,57.53,359.55
103,高醫,心理學系,心理,66.86,434.6
103,高醫,職能治療學系,職能治療,69.39,451.05
103,高醫,物理治療學系,物理治療,69.29,519.7
103,高醫,醫學社會學與社會工作學系,社會工作,54.24,366.15
103,高醫,醫務管理暨醫療資訊學系,,57.23,343.35
103,高醫,醫藥暨應用化學系醫藥化學組,化學,62.62,407.0
103,高醫,醫藥暨應用化學系應用化學組,化學,59.85,389.05
103,高醫,生物醫學暨環境生物學系,生命科學,62.73,392.05
103,高醫,生物科技學系,,65.12,407.03
104,高醫,醫學系,醫學,86.14,430.7
104,高醫,運動醫學系,,57.06,328.08
104,高醫,呼吸治療學系,,64.57,371.28
104,高醫,牙醫學系,牙醫,81.06,405.3
104,高醫,口腔衛生學系,,51.98,298.9
104,高醫,藥學系,藥學,80.2,461.15
104,高醫,香粧品學系,,54.76,355.95
104,高醫,護理學系,護理,56.62,353.88
104,高醫,醫學檢驗生物技術學系,醫檢,68.63,394.6
104,高醫,醫學影像暨放射科學系,,64.57,371.28
104,高醫,公共衛生學系,公共衛生,50.42,315.1
104,高醫,心理學系,心理,62.31,405.0
104,高醫,職能治療學系,職能治療,69.47,382.1
104,高醫,物理治療學系,物理治療,66.12,429.75
104,高醫,醫學社會學與社會工作學系,社會工作,48.39,326.65
104,高醫,醫務管理暨醫療資訊學系,,49.42,296.5
104,高醫,醫藥暨應用化學系醫藥化學組,化學,56.88,369.7
104,高醫,醫藥暨應用化學系應用化學組,化學,53.25,346.15
104,高醫,生物醫學暨環境生物學系,生命科學,56.12,350.75
104,高醫,生物科技學系,,58.43,365.18
105,高醫,醫學系,醫學,87.66,438.3
105,高醫,醫學系(公費),醫學,86.34,431.7
105,高醫,運動醫學系,,59.16,340.18
105,高醫,呼吸治療學系,,65.46,376.38
105,高醫,牙醫學系,牙醫,82.36,411.8
105,高醫,口腔衛生學系,,55.82,320.95
105,高醫,藥學系,藥學,81.1,446.05
105,高醫,香粧品學系,,56.64,354.03
105,高醫,護理學系,護理,59.43,371.43
105,高醫,醫學檢驗生物技術學系,醫檢,70.88,407.55
105,高醫,醫學影像暨放射科學系,,65.97,379.35
105,高醫,公共衛生學系,公共衛生,53.67,335.43
105,高醫,心理學系,心理,64.23,417.5
105,高醫,職能治療學系,職能治療,71.7,394.35
105,高醫,物理治療學系,物理治療,70.49,458.2
105,高醫,醫學社會學與社會工作學系,社會工作,49.93,337.0
105,高醫,醫務管理暨醫療資訊學系,,50.97,356.8
105,高醫,醫藥暨應用化學系醫藥化學組,化學,58.26,378.7
105,高醫,醫藥暨應用化學系應用化學組,化學,54.81,356.25
105,高醫,生物醫學暨環境生物學系,生命科學,58.75,367.2
105,高醫,生物科技學系,,60.78,395.1
106,高醫,醫學系,醫學,85.46,427.3
106,高醫,醫學系(公費),醫學,84.56,422.8
106,高醫,運動醫學系,,58.65,337.25
106,高醫,呼吸治療學系,,65.68,328.4
106,高醫,牙醫學系,牙醫,80.34,401.7
106,高醫,口腔衛生學系,,53.98,337.38
106,高醫,藥學系,藥學,80.64,443.5
106,高醫,香粧品學系,,55.69,389.8
106,高醫,護理學系,護理,56.9,355.63
106,高醫,醫學檢驗生物技術學系,醫檢,68.87,396.03
106,高醫,醫學影像暨放射科學系,,67.13,385.98
106,高醫,公共衛生學系,公共衛生,51.51,386.35
106,高醫,心理學系,心理,63.02,409.6
106,高醫,職能治療學系,職能治療,71.6,393.8
106,高醫,物理治療學系,物理治療,70.65,459.2
106,高醫,醫學社會學與社會工作學系,社會工作,48.26,325.75
106,高醫,醫務管理暨醫療資訊學系,,51.15,409.2
106,高醫,醫藥暨應用化學系醫藥化學組,化學,58.81,382.25
106,高醫,醫藥暨應用化學系應用化學組,化學,56.01,364.05
106,高醫,生物醫學暨環境生物學系,生命科學,57.59,359.93
106,高醫,生物科技學系,,60.07,375.45
107,高醫,醫學系(自費),醫學,86.45,432.25
107,高醫,醫學系(公費),醫學,85.14,425.7
107,高醫,運動醫學系,,57.66,345.93
107,高醫,呼吸治療學系,,63.01,315.05
107,高醫,牙醫學系,牙醫,83.36,416.8
107,高醫,口腔衛生學系,,56.25,351.55
107,高醫,藥學系,藥學,80.3,441.63
107,高醫,香粧品學系,,56.22,393.55
107,高醫,護理學系,護理,58.13,363.3
107,高醫,醫學檢驗生物技術學系,醫檢,67.49,388.09
107,高醫,醫學影像暨放射科學系,,64.73,372.2
107,高醫,公共衛生學系,公共衛生,53.71,402.8
107,高醫,心理學系,心理,65.4,425.1
107,高醫,職能治療學系,職能治療,70.21,386.18
107,高醫,物理治療學系,物理治療,70.41,457.68
107,高醫,醫學社會學與社會工作學系,社會工作,52.23,352.54
107,高醫,醫務管理暨醫療資訊學系,,55.68,417.6
107,高醫,醫藥暨應用化學系醫藥化學組,化學,62.37,405.43
107,高醫,醫藥暨應用化學系應用化學組,化學,59.56,387.13
107,高醫,生物醫學暨環境生物學系,生命科學,57.44,359.0
107,高醫,生物科技學系,,58.84,367.73
108,高醫,醫學系(自費),醫學,85.29,426.45
108,高醫,醫學系(公費),醫學,83.91,419.55
108,高醫,運動醫學系,,64.25,385.5
108,高醫,呼吸治療學系,,63.39,316.95
108,高醫,牙醫學系,牙醫,83.86,419.3
108,高醫,口腔衛生學系,,64.75,404.68
108,高醫,藥學系,藥學,84.16,462.88
108,高醫,香粧品學系,,62.41,436.85
108,高醫,護理學系,護理,64.6,403.73
108,高醫,醫學檢驗生物技術學系,醫檢,72.55,417.18
108,高醫,醫學影像暨放射科學系,,66.4,381.8
108,高醫,公共衛生學系,公共衛生,59.36,445.2
108,高醫,職能治療學系,職能治療,76.05,418.28
108,高醫,物理治療學系,物理治療,73.37,476.9
108,高醫,醫務管理暨醫療資訊學系,,59.36,445.2
108,高醫,醫藥暨應用化學系醫藥化學組,化學,65.27,359.0
108,高醫,醫藥暨應用化學系應用化學組,化學,62.13,341.7
108,高醫,生物醫學暨環境生物學系,生命科學,64.11,400.68
108,高醫,生物科技學系,,64.44,402.76
108,高醫,心理學系,心理,70.85,460.5
108,高醫,醫學社會學與社會工作學系,社會工作,60.12,405.8
109,高醫,醫學系(自費),醫學,84.09,420.45
109,高醫,醫學系(公費),醫學,82.93,414.65
109,高醫,運動醫學系,,56.72,340.3
109,高醫,呼吸治療學系,,58.51,336.45
109,高醫,牙醫學系,牙醫,83.07,415.35
109,高醫,口腔衛生學系,,56.37,352.29
109,高醫,藥學系,藥學,82.59,454.25
109,高醫,香粧品學系,,54.3,380.1
109,高醫,護理學系,護理,58.72,367.0
109,高醫,醫學檢驗生物技術學系,醫檢,68.35,393.04
109,高醫,醫學影像暨放射科學系,,60.44,362.65
109,高醫,公共衛生學系,公共衛生,56.42,437.28
109,高醫,職能治療學系,職能治療,70.8,389.4
109,高醫,物理治療學系,物理治療,66.66,433.28
109,高醫,醫務管理暨醫療資訊學系,,48.37,362.8
109,高醫,醫藥暨應用化學系醫藥化學組,化學,63.22,347.73
109,高醫,醫藥暨應用化學系應用化學組,化學,58.65,322.55
109,高醫,生物醫學暨環境生物學系,生命科學,58.24,364.0
109,高醫,生物科技學系,,59.63,372.71
109,高醫,心理學系,心理,63.58,413.3
109,高醫,醫學社會學與社會工作學系,社會工作,59.13,443.5
109,高醫,生命科學院學士班,,64.63,193.9
110,高醫,醫學系(自費),醫學,83.67,418.35
110,高醫,醫學系(公費),醫學,81.85,409.25
110,高醫,運動醫學系,,51.24,307.43
110,高醫,呼吸治療學系,,54.88,315.56
110,高醫,牙醫學系,牙醫,82.1,410.5
110,高醫,口腔衛生學系,,50.4,315.01
110,高醫,藥學系,藥學,79.84,439.1
110,高醫,香粧品學系,,48.51,339.6
110,高醫,護理學系,護理,57.02,356.4
110,高醫,醫學檢驗生物技術學系,醫檢,65.47,327.35
110,高醫,醫學影像暨放射科學系,,56.56,339.35
110,高醫,公共衛生學系,公共衛生,53.73,416.43
110,高醫,職能治療學系,職能治療,72.41,398.25
110,高醫,物理治療學系,物理治療,70.77,495.4
110,高醫,醫務管理暨醫療資訊學系,,47.11,259.1
110,高醫,生命科學院學士班,,59.7,179.1
110,高醫,醫藥暨應用化學系醫藥化學組,化學,59.52,327.38
110,高醫,醫藥暨應用化學系應用化學組,化學,50.93,280.1
110,高醫,生物醫學暨環境生物學系,生命科學,53.08,331.73
110,高醫,生物科技學系,,57.77,361.08
110,高醫,心理學系,心理,64.17,417.1
110,高醫,醫學社會學與社會工作學系,社會工作,57.48,431.1
111,高醫,醫學系(自費),醫學,52.2,261.0
111,高醫,醫學系(公費),醫學,50.2,251.0
111,高醫,運動醫學系,,21.8,136.25
111,高醫,呼吸治療學系,,27.58,131.0
111,高醫,牙醫學系,牙醫,50.8,254.0
111,高醫,口腔衛生學系,,13.4,83.75
111,高醫,藥學系,藥學,49.73,273.5
111,高醫,香粧品學系,,16.25,130.0
111,高醫,護理學系,護理,22.2,138.75
111,高醫,醫學檢驗生物技術學系,醫檢,40.0,160.0
111,高醫,醫學影像暨放射科學系,,28.67,172.0
111,高醫,公共衛生學系,公共衛生,16.45,127.5
111,高醫,職能治療學系,職能治療,41.0,225.5
111,高醫,物理治療學系,物理治療,40.36,282.5
111,高醫,醫務管理暨醫療資訊學系,,21.36,117.5
111,高醫,生命科學院學士班,,25.0,75.0
111,高醫,醫藥暨應用化學系醫藥化學組,化學,33.09,182.0
111,高醫,醫藥暨應用化學系應用化學組,化學,25.82,142.0
111,高醫,生物醫學暨環境生物學系,生命科學,19.76,123.5
111,高醫,生物科技學系,,26.71,140.25
111,高醫,心理學系,心理,41.5,166.0
111,高醫,醫學社會學與社會工作學系,社會工作,27.67,166.0
112,高醫,醫學系(自費),醫學,52.8,264.0
112,高醫,醫學系(公費),醫學,50.8,254.0
112,高醫,運動醫學系,,30.13,120.5
112,高醫,呼吸治療學系,,36.11,171.5
112,高醫,牙醫學系,牙醫,51.8,259.0
112,高醫,口腔衛生學系,,31.6,158.0
112,高醫,藥學系,藥學,51.14,281.25
112,高醫,香粧品學系,,30.13,241.0
112,高醫,護理學系,護理,36.6,228.75
112,高醫,醫學檢驗生物技術學系,醫檢,45.75,183.0
112,高醫,醫學影像暨放射科學系,,36.04,216.25
112,高醫,公共衛生學系,公共衛生,30.0,232.5
112,高醫,職能治療學系,職能治療,45.82,252.0
112,高醫,物理治療學系,物理治療,44.0,308.0
112,高醫,醫務管理暨醫療資訊學系,,29.45,162.0
112,高醫,醫藥暨應用化學系醫藥化學組,化學,35.09,193.0
112,高醫,醫藥暨應用化學系應用化學組,化學,31.45,173.0
112,高醫,生物醫學暨環境生物學系,生命科學,31.56,197.25
112,高醫,生物科技學系,,32.48,170.5
112,高醫,生命科學院學士班,,35.0,105.0
112,高醫,心理學系,心理,45.5,182.0
112,高醫,醫學社會學與社會工作學系,社會工作,36.0,216.0
113,高醫,醫學系(自費),醫學,53.6,268.0
113,高醫,醫學系(公費),醫學,52.2,261.0
113,高醫,運動醫學系,,34.8,174.0
113,高醫,呼吸治療學系,,41.31,165.25
113,高醫,牙醫學系,牙醫,53.2,266.0
113,高醫,口腔衛生學系,,36.9,184.5
113,高醫,藥學系,藥學,52.09,286.5
113,高醫,香粧品學系,,34.6,173.0
113,高醫,護理學系,護理,37.48,234.25
113,高醫,公共衛生學系,公共衛生,34.0,263.5
113,高醫,醫學檢驗生物技術學系,醫檢,46.25,185.0
113,高醫,醫學影像暨放射科學系,,37.08,222.5
113,高醫,職能治療學系,職能治療,48.8,244.0
113,高醫,物理治療學系,物理治療,45.64,319.5
113,高醫,醫務管理暨醫療資訊學系,,34.18,188.0
113,高醫,醫藥暨應用化學系應用化學組,化學,34.82,191.5
113,高醫,醫藥暨應用化學系醫藥化學組,化學,38.36,211.0
113,高醫,生物醫學暨環境生物學系,生命科學,36.48,228.0
113,高醫,生物科技學系,,38.82,165.0
113,高醫,生命科學院學士班,,37.0,111.0
113,高醫,心理學系,心理,46.75,187.0
113,高醫,醫學社會學與社會工作學系,社會工作,36.83,221.0
114,高醫,醫學系(自費),醫學,54.2,271.0
114,高醫,醫學系(公費),醫學,52.8,264.0
114,高醫,運動醫學系,,39.5,158.0
114,高醫,呼吸治療學系,,41.06,164.25
114,高醫,牙醫學系,牙醫,54.2,271.0
114,高醫,口腔衛生學系,,37.8,189.0
114,高醫,藥學系,藥學,52.95,291.25
114,高醫,香粧品學系,,37.0,148.0
114,高醫,護理學系,護理,37.6,188.0
114,高醫,公共衛生學系,公共衛生,32.9,255.0
114,高醫,醫學檢驗生物技術學系,醫檢,46.0,184.0
114,高醫,醫學影像暨放射科學系,,36.92,221.5
114,高醫,職能治療學系,職能治療,49.2,246.0
114,高醫,物理治療學系,物理治療,47.14,330.0
114,高醫,醫務管理暨醫療資訊學系,,34.7,173.5
114,高醫,醫藥暨應用化學系應用化學組,化學,36.09,198.5
114,高醫,醫藥暨應用化學系醫藥化學組,化學,37.36,205.5
114,高醫,生物醫學暨環境生物學系,生命科學,36.84,230.25
114,高醫,生物科技學系,,39.55,197.75
114,高醫,生命科學院學士班,,38.33,115.0
114,高醫,心理學系,心理,47.75,191.0
114,高醫,醫學社會學與社會工作學系,社會工作,36.67,220.0
115,高醫,醫學系,醫學,53.2,266.0
115,高醫,運動醫學系,,38.5,154.0
115,高醫,呼吸治療學系,,39.94,159.75
115,高醫,牙醫學系,牙醫,53.4,267.0
115,高醫,口腔衛生學系,,36.1,180.5
115,高醫,藥學系,藥學,51.0,280.5
115,高醫,香粧品學系,,35.0,140.0
115,高醫,護理學系,護理,39.75,159.0
115,高醫,公共衛生學系,公共衛生,32.19,169.0
115,高醫,醫學檢驗生物技術學系,醫檢,45.62,296.5
115,高醫,醫學影像暨放射科學系,,35.46,212.75
115,高醫,職能治療學系,職能治療,48.9,244.5
115,高醫,物理治療學系,物理治療,44.64,312.5
115,高醫,醫務管理暨醫療資訊學系,,32.8,164.0
115,高醫,醫藥暨應用化學系應用化學組,化學,35.0,192.5
115,高醫,醫藥暨應用化學系醫藥化學組,化學,34.18,188.0
115,高醫,生物醫學暨環境生物學系,生命科學,33.24,207.75
115,高醫,生物科技學系,,38.65,193.25
115,高醫,生命科學院學士班(英語組),,36.71,128.5
115,高醫,心理學系,心理,47.75,191.0
115,高醫,醫學社會學與社會工作學系,社會工作,36.33,218.0
101,中原,應用數學系,數學,50.75,203.0
101,中原,物理學系物理組,物理,55.78,251.0
101,中原,物理學系光電與材料科學組,光電,59.36,267.1
101,中原,化學系化學組,化學,56.83,341.0
101,中原,化學系材料化學組,材料,59.77,358.6
101,中原,心理學系,心理,51.24,281.8
101,中原,生物科技學系,,58.45,336.1
101,中原,化學工程學系,化學工程,52.8,343.2
101,中原,土木工程學系,土木工程,52.23,313.4
101,中原,機械工程學系,機械工程,57.28,372.35
101,中原,生物醫學工程學系,生醫工程,53.1,371.7
101,中原,生物環境工程學系,,49.24,369.3
101,中原,電機資訊學院學士班,,59.64,417.5
101,中原,工業與系統工程學系,工業工程,48.4,314.6
101,中原,電子工程學系,電子工程,57.84,289.2
101,中原,資訊工程學系,資訊工程,55.94,391.6
101,中原,電機工程學系,電機工程,62.53,250.1
101,中原,商學院不分系,,62.5,484.35
101,中原,企業管理學系,企業管理,59.62,462.05
101,中原,國際經營與貿易學系,,63.83,367.05
101,中原,會計學系,會計,60.9,471.95
101,中原,資訊管理學系,資訊管理,62.21,357.68
101,中原,財務金融學系,財務金融,63.69,493.63
101,中原,財經法律學系,法律,65.39,392.35
101,中原,建築學系,建築,68.52,531.0
101,中原,室內設計學系,,66.11,495.8
101,中原,商業設計學系,,63.37,475.3
101,中原,景觀學系,,64.89,486.65
101,中原,特殊教育學系,,56.61,367.95
101,中原,應用外國語文學系,外文,62.24,280.1
101,中原,應用華語文學系,,57.45,344.68
102,中原,應用數學系,數學,46.35,185.4
102,中原,物理學系物理組,物理,43.49,195.7
102,中原,物理學系光電與材料科學組,光電,46.22,208.0
102,中原,化學系化學組,化學,43.71,262.25
102,中原,化學系材料化學組,材料,47.24,283.45
102,中原,心理學系,心理,51.31,282.2
102,中原,生物科技學系,,56.07,322.4
102,中原,化學工程學系,化學工程,42.82,278.3
102,中原,土木工程學系,土木工程,47.63,285.8
102,中原,機械工程學系,機械工程,47.75,310.35
102,中原,生物醫學工程學系,生醫工程,45.57,319.0
102,中原,生物環境工程學系,,43.38,325.35
102,中原,電機資訊學院學士班,,48.13,336.9
102,中原,工業與系統工程學系,工業工程,43.69,284.0
102,中原,電子工程學系,電子工程,49.12,245.6
102,中原,資訊工程學系,資訊工程,48.23,337.6
102,中原,電機工程學系,電機工程,56.25,225.0
102,中原,商學院不分系,,61.74,478.48
102,中原,企業管理學系,企業管理,58.2,451.05
102,中原,國際經營與貿易學系,,60.37,347.13
102,中原,會計學系,會計,60.27,467.13
102,中原,資訊管理學系,資訊管理,58.55,336.68
102,中原,財務金融學系,財務金融,62.28,482.68
102,中原,財經法律學系,法律,64.95,422.15
102,中原,建築學系,建築,65.15,488.65
102,中原,室內設計學系,,67.76,508.2
102,中原,商業設計學系,,63.67,477.5
102,中原,景觀學系,,64.39,482.9
102,中原,特殊教育學系,,55.85,363.05
102,中原,應用外國語文學系,外文,63.85,351.15
102,中原,應用華語文學系,,58.98,353.88
103,中原,應用數學系,數學,40.6,182.68
103,中原,物理學系物理組,物理,39.73,178.8
103,中原,物理學系光電與材料科學組,光電,41.44,186.5
103,中原,化學系化學組,化學,43.26,259.55
103,中原,化學系材料化學組,材料,48.07,288.4
103,中原,心理學系,心理,47.08,258.95
103,中原,生物科技學系,,51.1,293.85
103,中原,化學工程學系,化學工程,42.95,279.2
103,中原,土木工程學系,土木工程,44.03,264.2
103,中原,機械工程學系,機械工程,43.56,283.15
103,中原,生物醫學工程學系,生醫工程,44.44,311.1
103,中原,生物環境工程學系,,42.57,319.25
103,中原,電機資訊學院學士班,,48.43,339.0
103,中原,工業與系統工程學系,工業工程,40.11,260.7
103,中原,電子工程學系,電子工程,48.32,241.6
103,中原,資訊工程學系,資訊工程,48.78,195.1
103,中原,電機工程學系,電機工程,54.7,218.8
103,中原,商學院不分系,,61.52,476.8
103,中原,企業管理學系,企業管理,58.36,452.3
103,中原,國際經營與貿易學系,,60.55,348.15
103,中原,會計學系,會計,60.01,465.1
103,中原,資訊管理學系,資訊管理,56.54,325.08
103,中原,財務金融學系,財務金融,63.04,488.53
103,中原,財經法律學系,法律,67.24,437.05
103,中原,建築學系,建築,61.86,463.93
103,中原,室內設計學系,,68.91,516.8
103,中原,商業設計學系,,65.57,491.8
103,中原,景觀學系,,66.84,501.3
103,中原,特殊教育學系,,55.35,359.75
103,中原,應用外國語文學系,外文,63.92,351.55
103,中原,應用華語文學系,,58.95,353.68
104,中原,應用數學系,數學,35.9,161.53
104,中原,物理學系物理組,物理,39.38,177.2
104,中原,物理學系光電與材料科學組,光電,39.89,179.5
104,中原,化學系化學組,化學,39.98,239.85
104,中原,化學系材料化學組,材料,41.79,250.75
104,中原,心理學系,心理,41.46,228.05
104,中原,生物科技學系,,46.69,268.45
104,中原,化學工程學系綠能製程組,化學工程,39.23,255.0
104,中原,化學工程學系生化工程組,化學工程,39.57,257.2
104,中原,化學工程學系材料工程組,化學工程,43.69,284.0
104,中原,土木工程學系,土木工程,41.18,247.1
104,中原,機械工程學系,機械工程,39.16,293.7
104,中原,生物醫學工程學系,生醫工程,35.99,251.9
104,中原,環境工程學系,,37.06,259.45
104,中原,電機資訊學院學士班,,44.73,178.9
104,中原,工業與系統工程學系工程組,工業工程,38.0,266.0
104,中原,工業與系統工程學系管理組,工業工程,50.98,280.4
104,中原,電子工程學系,電子工程,41.24,206.2
104,中原,資訊工程學系,資訊工程,46.5,186.0
104,中原,電機工程學系,電機工程,51.35,205.4
104,中原,商學院不分系,,54.23,420.3
104,中原,企業管理學系服務業管理組,企業管理,53.1,411.5
104,中原,企業管理學系高科技業管理組,企業管理,52.41,406.2
104,中原,企業管理學系工商管理組,企業管理,51.77,401.2
104,中原,國際經營與貿易學系,,50.66,291.28
104,中原,會計學系,會計,53.46,414.3
104,中原,資訊管理學系,資訊管理,48.2,277.15
104,中原,財務金融學系,財務金融,55.22,427.95
104,中原,財經法律學系,法律,60.31,392.0
104,中原,建築學系,建築,56.81,426.05
104,中原,室內設計學系,,66.11,495.8
104,中原,商業設計學系,,59.29,444.7
104,中原,景觀學系,,61.61,462.05
104,中原,特殊教育學系,,51.9,337.35
104,中原,應用外國語文學系,外文,57.17,314.45
104,中原,應用華語文學系,,55.97,335.83
105,中原,應用數學系,數學,31.66,142.48
105,中原,物理學系物理組,物理,35.38,159.2
105,中原,物理學系光電與材料科學組,光電,38.82,174.7
105,中原,化學系化學組,化學,41.01,246.05
105,中原,化學系材料化學組,材料,42.7,256.2
105,中原,心理學系,心理,44.64,245.5
105,中原,生物科技學系,,45.3,260.48
105,中原,化學工程學系綠能製程組,化學工程,38.12,247.8
105,中原,化學工程學系生化工程組,化學工程,40.77,265.0
105,中原,化學工程學系材料工程組,化學工程,48.43,314.8
105,中原,土木工程學系,土木工程,39.15,234.9
105,中原,機械工程學系,機械工程,35.93,287.4
105,中原,生物醫學工程學系,生醫工程,36.39,254.7
105,中原,環境工程學系,,36.76,275.7
105,中原,電機資訊學院學士班,,44.97,134.9
105,中原,工業與系統工程學系工程組,工業工程,31.49,220.4
105,中原,工業與系統工程學系管理組,工業工程,46.15,253.8
105,中原,電子工程學系,電子工程,36.14,180.7
105,中原,資訊工程學系,資訊工程,47.78,191.1
105,中原,電機工程學系,電機工程,52.65,210.6
105,中原,商學院不分系,,51.24,397.1
105,中原,企業管理學系服務業管理組,企業管理,50.17,388.8
105,中原,企業管理學系高科技業管理組,企業管理,48.98,379.58
105,中原,企業管理學系工商管理組,企業管理,48.61,376.7
105,中原,國際經營與貿易學系,,50.94,292.9
105,中原,會計學系,會計,51.09,395.98
105,中原,資訊管理學系,資訊管理,48.78,280.5
105,中原,財務金融學系,財務金融,52.73,408.65
105,中原,財經法律學系,法律,60.15,390.95
105,中原,建築學系,建築,58.87,441.55
105,中原,室內設計學系,,63.31,474.85
105,中原,商業設計學系,,56.37,422.75
105,中原,景觀學系,,58.77,440.75
105,中原,特殊教育學系,,49.94,324.6
105,中原,應用外國語文學系,外文,53.76,295.7
105,中原,應用華語文學系,,49.43,296.55
106,中原,應用數學系,數學,35.22,158.5
106,中原,物理學系物理組,物理,37.89,170.5
106,中原,物理學系光電與材料科學組,光電,37.07,166.8
106,中原,化學系化學組,化學,43.78,262.7
106,中原,化學系材料化學組,材料,43.37,260.2
106,中原,心理學系,心理,45.44,249.9
106,中原,生物科技學系,,48.19,277.1
106,中原,化學工程學系綠能製程組,化學工程,41.8,271.7
106,中原,化學工程學系生化工程組,化學工程,46.35,301.25
106,中原,化學工程學系材料工程組,化學工程,52.81,343.25
106,中原,土木工程學系,土木工程,37.78,226.7
106,中原,機械工程學系,機械工程,46.06,368.5
106,中原,生物醫學工程學系,生醫工程,36.96,258.7
106,中原,環境工程學系,,39.99,299.9
106,中原,電機資訊學院學士班,,47.33,142.0
106,中原,工業與系統工程學系工程組,工業工程,36.86,258.0
106,中原,工業與系統工程學系管理組,工業工程,52.33,287.8
106,中原,電子工程學系,電子工程,42.76,213.8
106,中原,資訊工程學系,資訊工程,51.48,205.9
106,中原,電機工程學系,電機工程,55.35,221.4
106,中原,商學院不分系,,52.69,408.33
106,中原,企業管理學系服務業管理組,企業管理,52.1,403.8
106,中原,企業管理學系高科技業管理組,企業管理,52.02,403.18
106,中原,企業管理學系工商管理組,企業管理,51.14,396.3
106,中原,國際經營與貿易學系,,52.33,300.88
106,中原,會計學系,會計,58.19,450.98
106,中原,資訊管理學系,資訊管理,51.94,298.63
106,中原,財務金融學系,財務金融,54.74,424.23
106,中原,財經法律學系,法律,63.4,412.1
106,中原,建築學系,建築,56.64,424.83
106,中原,室內設計學系,,64.57,484.3
106,中原,商業設計學系,,57.53,431.5
106,中原,景觀學系,,62.19,466.45
106,中原,特殊教育學系,,47.92,311.45
106,中原,應用外國語文學系,外文,55.53,305.4
106,中原,應用華語文學系,,53.05,318.3
107,中原,應用數學系,數學,48.51,218.29
107,中原,物理學系物理組,物理,47.27,212.7
107,中原,物理學系光電與材料科學組,光電,45.9,206.55
107,中原,化學系化學組,化學,53.83,322.95
107,中原,化學系材料化學組,材料,48.36,290.15
107,中原,心理學系,心理,49.58,272.7
107,中原,生物科技學系,,45.75,263.09
107,中原,化學工程學系綠能製程組,化學工程,48.17,313.13
107,中原,化學工程學系生化工程組,化學工程,52.64,342.13
107,中原,化學工程學系材料工程組,化學工程,55.66,361.78
107,中原,土木工程學系,土木工程,47.88,287.25
107,中原,機械工程學系,機械工程,53.43,427.4
107,中原,生物醫學工程學系,生醫工程,43.09,301.6
107,中原,環境工程學系,,44.93,336.98
107,中原,電機資訊學院學士班,,55.18,165.55
107,中原,工業與系統工程學系工程組,工業工程,44.73,313.1
107,中原,工業與系統工程學系管理組,工業工程,56.4,310.2
107,中原,電子工程學系,電子工程,51.01,255.05
107,中原,資訊工程學系,資訊工程,58.6,234.4
107,中原,電機工程學系,電機工程,58.75,176.25
107,中原,商學院不分系,,55.15,427.4
107,中原,企業管理學系服務業管理組,企業管理,54.75,424.3
107,中原,企業管理學系高科技業管理組,企業管理,54.38,421.46
107,中原,企業管理學系工商管理組,企業管理,54.23,420.25
107,中原,國際經營與貿易學系,,56.31,323.8
107,中原,會計學系,會計,59.6,461.9
107,中原,資訊管理學系,資訊管理,61.04,351.0
107,中原,財務金融學系,財務金融,57.61,446.5
107,中原,財經法律學系,法律,62.42,405.73
107,中原,建築學系,建築,61.13,458.49
107,中原,室內設計學系,,64.7,485.25
107,中原,商業設計學系,,56.38,422.85
107,中原,景觀學系,,58.96,442.18
107,中原,特殊教育學系,,50.98,331.4
107,中原,應用外國語文學系,外文,58.02,319.1
107,中原,應用華語文學系,,55.97,335.83
108,中原,應用數學系,數學,55.91,251.59
108,中原,物理學系物理組,物理,52.24,235.1
108,中原,物理學系光電與材料科學組,光電,51.66,232.45
108,中原,化學系化學組,化學,56.79,340.75
108,中原,化學系材料化學組,材料,55.12,330.7
108,中原,心理學系,心理,58.85,323.7
108,中原,生物科技學系,,56.36,324.05
108,中原,化學工程學系綠能製程組,化學工程,55.77,362.53
108,中原,化學工程學系生化工程組,化學工程,57.01,370.58
108,中原,化學工程學系材料工程組,化學工程,58.92,382.98
108,中原,土木工程學系,土木工程,57.86,347.15
108,中原,機械工程學系,機械工程,58.84,470.7
108,中原,生物醫學工程學系,生醫工程,50.69,354.85
108,中原,環境工程學系,,56.48,423.6
108,中原,電機資訊學院學士班,,56.93,170.8
108,中原,工業與系統工程學系工程組,工業工程,56.53,169.6
108,中原,工業與系統工程學系管理組,工業工程,67.53,202.6
108,中原,電子工程學系,電子工程,58.01,290.05
108,中原,資訊工程學系,資訊工程,62.73,250.9
108,中原,電機工程學系,電機工程,58.55,175.65
108,中原,商學院不分系,,61.83,479.2
108,中原,企業管理學系服務業管理組,企業管理,63.86,494.95
108,中原,企業管理學系高科技業管理組,企業管理,64.62,500.8
108,中原,企業管理學系工商管理組,企業管理,65.2,505.3
108,中原,國際經營與貿易學系,,70.9,407.7
108,中原,會計學系,會計,66.71,517.0
108,中原,資訊管理學系,資訊管理,71.7,412.3
108,中原,財務金融學系,財務金融,66.44,514.9
108,中原,財經法律學系,法律,69.71,453.1
108,中原,建築學系,建築,64.95,487.15
108,中原,室內設計學系,,71.31,534.8
108,中原,商業設計學系商業設計組,,63.49,476.2
108,中原,商業設計學系產品設計組,,55.01,385.1
108,中原,景觀學系,,63.06,472.93
108,中原,特殊教育學系,,59.66,387.78
108,中原,應用外國語文學系,外文,67.07,368.9
108,中原,應用華語文學系,,64.53,387.16
109,中原,應用數學系,數學,52.04,234.16
109,中原,物理學系物理組,物理,47.34,213.05
109,中原,物理學系光電與材料科學組,光電,45.41,204.35
109,中原,化學系化學組,化學,54.13,324.8
109,中原,化學系材料化學組,材料,51.03,306.2
109,中原,心理學系,心理,50.75,279.1
109,中原,生物科技學系,,49.7,285.75
109,中原,化學工程學系綠能製程組,化學工程,50.67,253.35
109,中原,化學工程學系生化工程組,化學工程,53.64,268.2
109,中原,化學工程學系材料工程組,化學工程,58.25,291.25
109,中原,土木工程學系,土木工程,41.89,293.2
109,中原,機械工程學系,機械工程,48.4,387.2
109,中原,生物醫學工程學系,生醫工程,42.49,297.4
109,中原,環境工程學系,,50.23,376.75
109,中原,電機資訊學院學士班,,52.12,156.35
109,中原,工業與系統工程學系工程組,工業工程,48.38,145.15
109,中原,工業與系統工程學系管理組,工業工程,58.67,176.0
109,中原,電子工程學系,電子工程,49.68,149.05
109,中原,資訊工程學系,資訊工程,55.9,223.6
109,中原,電機工程學系,電機工程,54.78,164.35
109,中原,企業管理學系服務業管理組,企業管理,55.35,429.0
109,中原,企業管理學系高科技業管理組,企業管理,55.6,430.9
109,中原,企業管理學系工商管理組,企業管理,57.06,442.2
109,中原,國際經營與貿易學系,,57.13,328.5
109,中原,會計學系,會計,60.7,349.0
109,中原,資訊管理學系,資訊管理,61.84,355.6
109,中原,財務金融學系,財務金融,59.35,460.0
109,中原,財經法律學系,法律,62.81,408.25
109,中原,建築學系,建築,59.47,446.01
109,中原,室內設計學系,,64.5,483.75
109,中原,商業設計學系商業設計組,,57.36,430.2
109,中原,商業設計學系產品設計組,,42.97,257.8
109,中原,景觀學系,,55.73,417.95
109,中原,特殊教育學系,,48.44,314.88
109,中原,應用外國語文學系,外文,65.36,359.5
109,中原,應用華語文學系,,56.82,340.9
110,中原,應用數學系,數學,39.52,177.86
110,中原,物理學系物理組,物理,34.46,155.05
110,中原,物理學系光電與材料科學組,光電,31.91,143.6
110,中原,化學系化學組,化學,45.99,275.95
110,中原,化學系材料化學組,材料,42.75,256.5
110,中原,心理學系,心理,49.78,273.8
110,中原,生物科技學系,,40.58,233.31
110,中原,化學工程學系綠能製程組,化學工程,42.74,213.7
110,中原,化學工程學系生化工程組,化學工程,46.25,231.25
110,中原,化學工程學系材料工程組,化學工程,53.82,269.1
110,中原,土木工程學系,土木工程,35.97,251.8
110,中原,機械工程學系,機械工程,37.28,298.25
110,中原,生物醫學工程學系,生醫工程,32.93,222.28
110,中原,環境工程學系,,39.35,295.1
110,中原,電機資訊學院學士班,,46.87,140.6
110,中原,工業與系統工程學系工程組,工業工程,43.1,129.3
110,中原,工業與系統工程學系管理組,工業工程,52.87,158.6
110,中原,電子工程學系,電子工程,45.08,135.25
110,中原,資訊工程學系,資訊工程,52.93,211.7
110,中原,電機工程學系,電機工程,50.15,150.45
110,中原,企業管理學系服務業管理組,企業管理,53.03,411.0
110,中原,企業管理學系高科技業管理組,企業管理,50.39,390.5
110,中原,企業管理學系工商管理組,企業管理,51.35,398.0
110,中原,國際經營與貿易學系,,52.24,300.4
110,中原,會計學系,會計,58.24,334.9
110,中原,資訊管理學系,資訊管理,60.47,347.7
110,中原,財務金融學系,財務金融,60.49,468.8
110,中原,財經法律學系,法律,64.03,416.2
110,中原,建築學系,建築,56.77,425.8
110,中原,室內設計學系,,68.38,512.85
110,中原,商業設計學系商業設計組,,53.63,402.25
110,中原,商業設計學系產品設計組,,39.82,238.9
110,中原,地景建築學系,建築,58.26,436.93
110,中原,特殊教育學系,,50.11,275.63
110,中原,應用外國語文學系,外文,65.45,360.0
110,中原,應用華語文學系,,53.33,319.98
111,中原,應用數學系,數學,12.5,56.25
111,中原,物理學系物理組,物理,8.56,38.5
111,中原,物理學系光電與材料科學組,光電,13.33,60.0
111,中原,化學系化學組,化學,15.25,91.5
111,中原,化學系材料化學組,材料,16.42,98.5
111,中原,心理學系,心理,26.64,146.5
111,中原,生物科技學系,,12.0,69.0
111,中原,化學工程學系綠能製程組,化學工程,13.8,69.0
111,中原,化學工程學系生化工程組,化學工程,20.4,102.0
111,中原,化學工程學系材料工程組,化學工程,26.0,130.0
111,中原,土木工程學系,土木工程,18.57,130.0
111,中原,機械工程學系,機械工程,20.0,160.0
111,中原,生物醫學工程學系,生醫工程,13.78,93.0
111,中原,環境工程學系,,17.4,130.5
111,中原,電機資訊學院學士班,,27.0,81.0
111,中原,工業與系統工程學系工程組,工業工程,19.0,57.0
111,中原,工業與系統工程學系管理組,工業工程,17.43,122.0
111,中原,電子工程學系,電子工程,26.0,78.0
111,中原,資訊工程學系,資訊工程,29.25,117.0
111,中原,電機工程學系,電機工程,30.0,90.0
111,中原,電機資訊學院智慧運算與大數據學士班,電機工程,23.67,71.0
111,中原,企業管理學系服務業管理組,企業管理,28.19,190.25
111,中原,企業管理學系高科技業管理組,企業管理,26.78,180.75
111,中原,企業管理學系工商管理組,企業管理,24.26,163.75
111,中原,國際經營與貿易學系,,23.05,109.5
111,中原,會計學系,會計,33.0,181.5
111,中原,資訊管理學系,資訊管理,31.25,125.0
111,中原,財務金融學系,財務金融,26.94,208.75
111,中原,財經法律學系,法律,34.23,222.5
111,中原,建築學系,建築,30.0,225.0
111,中原,室內設計學系,,39.69,258.0
111,中原,商業設計學系商業設計組,,32.46,211.0
111,中原,商業設計學系產品設計組,,20.75,83.0
111,中原,地景建築學系,建築,37.6,188.0
111,中原,特殊教育學系,,22.0,121.0
111,中原,應用外國語文學系,外文,23.82,131.0
111,中原,應用華語文學系,,25.79,154.75
112,中原,應用數學系,數學,25.24,107.25
112,中原,物理學系物理組,物理,24.67,111.0
112,中原,物理學系光電與材料科學組,光電,27.0,121.5
112,中原,化學系化學組,化學,25.4,127.0
112,中原,化學系材料化學組,材料,26.2,131.0
112,中原,心理學系,心理,29.91,164.5
112,中原,生物科技學系,,29.1,145.5
112,中原,化學工程學系綠能製程組,化學工程,28.4,142.0
112,中原,化學工程學系生化工程組,化學工程,30.4,152.0
112,中原,化學工程學系材料工程組,化學工程,33.2,166.0
112,中原,土木工程學系,土木工程,27.09,149.0
112,中原,機械工程學系,機械工程,28.38,227.0
112,中原,生物醫學工程學系,生醫工程,25.43,146.25
112,中原,環境工程學系,,29.83,179.0
112,中原,電機資訊學院學士班,,36.8,184.0
112,中原,工業與系統工程學系工程組,工業工程,30.67,92.0
112,中原,工業與系統工程學系管理組,工業工程,29.14,204.0
112,中原,電子工程學系,電子工程,34.75,139.0
112,中原,資訊工程學系,資訊工程,39.2,196.0
112,中原,電機工程學系,電機工程,37.5,150.0
112,中原,電機資訊學院智慧運算與大數據學士班,電機工程,32.67,98.0
112,中原,企業管理學系服務業管理組,企業管理,32.83,197.0
112,中原,企業管理學系高科技業管理組,企業管理,34.33,206.0
112,中原,企業管理學系工商管理組,企業管理,32.83,197.0
112,中原,國際經營與貿易學系,,33.53,159.25
112,中原,會計學系,會計,36.0,180.0
112,中原,資訊管理學系,資訊管理,37.63,150.5
112,中原,財務金融學系,財務金融,32.35,250.75
112,中原,財經法律學系財貿法組,法律,39.31,255.5
112,中原,財經法律學系科技法組,法律,39.31,255.5
112,中原,建築學系,建築,33.0,247.5
112,中原,室內設計學系,,43.85,285.0
112,中原,商業設計學系商業設計組,,35.15,228.5
112,中原,商業設計學系產品設計組甲類,,50.5,202.0
112,中原,商業設計學系產品設計組乙類,,33.0,132.0
112,中原,地景建築學系,建築,40.8,204.0
112,中原,特殊教育學系,,25.4,127.0
112,中原,應用外國語文學系,外文,30.44,137.0
112,中原,應用華語文學系,,30.55,152.75
113,中原,應用數學系,數學,33.71,143.25
113,中原,物理學系物理組,物理,32.22,145.0
113,中原,物理學系光電與材料科學組,光電,33.89,152.5
113,中原,化學系化學組,化學,33.6,168.0
113,中原,化學系材料化學組,材料,32.6,163.0
113,中原,心理學系,心理,34.36,189.0
113,中原,生物科技學系,,33.1,165.5
113,中原,化學工程學系綠能製程組,化學工程,34.2,171.0
113,中原,化學工程學系生化工程組,化學工程,36.4,182.0
113,中原,化學工程學系材料工程組,化學工程,37.8,189.0
113,中原,土木工程學系,土木工程,33.64,185.0
113,中原,機械工程學系,機械工程,34.14,239.0
113,中原,生物醫學工程學系,生醫工程,30.96,178.0
113,中原,環境工程學系,,34.17,205.0
113,中原,電機資訊學院學士班,,42.4,212.0
113,中原,工業與系統工程學系工程組,工業工程,36.67,110.0
113,中原,工業與系統工程學系管理組,工業工程,37.0,185.0
113,中原,電子工程學系,電子工程,38.5,154.0
113,中原,資訊工程學系,資訊工程,43.6,218.0
113,中原,電機工程學系,電機工程,40.75,163.0
113,中原,電機資訊學院智慧運算與大數據學士班,電機工程,39.67,119.0
113,中原,企業管理學系服務業管理組,企業管理,33.0,198.0
113,中原,企業管理學系高科技業管理組,企業管理,35.67,214.0
113,中原,企業管理學系工商管理組,企業管理,34.17,205.0
113,中原,國際經營與貿易學系,,33.84,160.75
113,中原,會計學系,會計,41.13,164.5
113,中原,資訊管理學系,資訊管理,39.13,156.5
113,中原,財務金融學系,財務金融,33.0,222.75
113,中原,財經法律學系財貿法組,法律,42.09,231.5
113,中原,財經法律學系科技法組,法律,43.45,239.0
113,中原,建築學系,建築,37.04,250.0
113,中原,室內設計學系,,41.92,272.5
113,中原,商業設計學系商業設計組,,36.23,235.5
113,中原,商業設計學系產品設計組甲類,,46.05,184.2
113,中原,商業設計學系產品設計組乙類,,33.25,133.0
113,中原,地景建築學系,建築,45.6,228.0
113,中原,特殊教育學系,,27.9,139.5
113,中原,應用外國語文學系,外文,31.56,142.0
113,中原,應用華語文學系,,29.5,147.5
114,中原,應用數學系,數學,33.82,143.75
114,中原,物理學系物理組,物理,37.33,168.0
114,中原,物理學系光電與材料科學組,光電,38.11,171.5
114,中原,化學系化學組,化學,36.4,182.0
114,中原,化學系材料化學組,材料,37.8,189.0
114,中原,心理學系,心理,37.0,203.5
114,中原,生物科技學系,,34.0,170.0
114,中原,化學工程學系綠能製程組,化學工程,37.6,188.0
114,中原,化學工程學系生化工程組,化學工程,38.8,194.0
114,中原,化學工程學系材料工程組,化學工程,39.6,198.0
114,中原,土木工程學系,土木工程,35.27,194.0
114,中原,機械工程學系,機械工程,38.75,155.0
114,中原,生物醫學工程學系,生醫工程,36.6,183.0
114,中原,環境工程學系,,38.8,194.0
114,中原,電機資訊學院學士班,,44.2,221.0
114,中原,工業與系統工程學系工程組,工業工程,37.0,111.0
114,中原,工業與系統工程學系管理組,工業工程,40.2,201.0
114,中原,電子工程學系,電子工程,40.5,162.0
114,中原,資訊工程學系,資訊工程,44.4,222.0
114,中原,電機工程學系,電機工程,41.75,167.0
114,中原,電機資訊學院智慧運算與大數據學士班,電機工程,41.0,123.0
114,中原,企業管理學系服務業管理組,企業管理,37.6,188.0
114,中原,企業管理學系高科技業管理組,企業管理,40.2,201.0
114,中原,企業管理學系工商管理組,企業管理,37.6,188.0
114,中原,國際經營與貿易學系,,33.0,189.75
114,中原,會計學系,會計,38.38,201.5
114,中原,資訊管理學系,資訊管理,40.5,162.0
114,中原,財務金融學系,財務金融,35.52,239.75
114,中原,財經法律學系財貿法組,法律,41.0,225.5
114,中原,財經法律學系科技法組,法律,40.64,223.5
114,中原,建築學系,建築,37.74,217.0
114,中原,室內設計學系,,39.38,256.0
114,中原,商業設計學系商業設計組,,34.0,221.0
114,中原,商業設計學系產品設計組甲類,,43.67,196.5
114,中原,商業設計學系產品設計組乙類,,41.33,186.0
114,中原,地景建築學系,建築,43.6,218.0
114,中原,特殊教育學系,,29.88,119.5
114,中原,應用外國語文學系,外文,30.78,138.5
114,中原,應用華語文學系,,29.65,148.25
115,中原,應用數學系,數學,34.24,145.5
115,中原,物理學系物理組,物理,37.67,169.5
115,中原,物理學系光電與材料科學組,光電,38.67,174.0
115,中原,化學系化學組,化學,37.0,185.0
115,中原,化學系材料化學組,材料,38.4,192.0
115,中原,心理學系,心理,34.82,191.5
115,中原,生物科技學系,,32.4,162.0
115,中原,化學工程學系綠能製程組,化學工程,37.6,188.0
115,中原,化學工程學系生化工程組,化學工程,38.6,193.0
115,中原,化學工程學系材料工程組,化學工程,40.0,200.0
115,中原,土木工程學系,土木工程,36.91,203.0
115,中原,機械工程學系,機械工程,38.0,152.0
115,中原,生物醫學工程學系,生醫工程,35.6,178.0
115,中原,環境工程學系,,40.8,204.0
115,中原,電機資訊學院學士班,,44.4,222.0
115,中原,工業與系統工程學系工程組,工業工程,40.0,240.0
115,中原,工業與系統工程學系管理組,工業工程,41.0,205.0
115,中原,電子工程學系,電子工程,40.25,161.0
115,中原,資訊工程學系,資訊工程,42.4,212.0
115,中原,電機工程學系,電機工程,41.75,167.0
115,中原,電機資訊學院智慧運算與大數據學士班,電機工程,39.33,118.0
115,中原,企業管理學系服務業管理組,企業管理,39.2,196.0
115,中原,企業管理學系高科技業管理組,企業管理,40.8,204.0
115,中原,企業管理學系工商管理組,企業管理,38.0,190.0
115,中原,國際經營與貿易學系,,35.68,169.5
115,中原,會計學系,會計,37.19,195.25
115,中原,資訊管理學系,資訊管理,38.88,155.5
115,中原,財務金融學系,財務金融,33.89,228.75
115,中原,財經法律學系財貿法組,法律,42.64,234.5
115,中原,財經法律學系科技法組,法律,42.45,233.5
115,中原,建築學系,建築,40.33,242.0
115,中原,室內設計學系,,43.77,284.5
115,中原,商業設計學系商業設計組,,37.08,241.0
115,中原,商業設計學系產品設計組甲類,,45.02,202.6
115,中原,商業設計學系產品設計組乙類,,36.11,162.5
115,中原,地景建築學系,建築,45.0,225.0
115,中原,特殊教育學系,,30.75,123.0
115,中原,應用外國語文學系,外文,35.33,159.0
115,中原,應用華語文學系,,32.2,161.0
115,中原,半導體產業學士學位學程,,38.75,155.0
101,東海,中國文學系,中文,57.41,301.4
101,東海,外國語文學系,外文,64.51,387.05
101,東海,歷史學系,歷史,57.01,327.78
101,東海,日本語言文化學系,化學,60.73,364.4
101,東海,哲學系,哲學,58.92,427.15
101,東海,物理學系物理組,物理,47.4,331.8
101,東海,物理學系應用物理組,物理,48.03,336.2
101,東海,化學系化學組,化學,49.94,349.55
101,東海,化學系化學生物組(A組),化學,50.81,355.7
101,東海,化學系化學生物組(B組),化學,54.78,383.45
101,東海,生命科學系生物醫學組,生命科學,62.6,438.2
101,東海,生命科學系生態生物多樣性組,生命科學,61.99,340.95
101,東海,應用數學系(A組),數學,49.86,274.25
101,東海,應用數學系(B組),數學,60.41,332.25
101,東海,化學工程與材料工程學系,化學工程,50.01,350.1
101,東海,工業工程與經營資訊系(A組),工業工程,50.26,351.8
101,東海,工業工程與經營資訊系(B組),工業工程,61.23,352.1
101,東海,環境科學與工程系(自然A組),,51.94,337.6
101,東海,環境科學與工程系(自然B組),,54.98,357.35
101,東海,資訊工程學系資電工程組,資訊工程,56.32,281.6
101,東海,資訊工程學系數位創意組,資訊工程,65.87,362.3
101,東海,資訊工程學系軟體工程組,資訊工程,56.81,312.45
101,東海,電機工程學系(A組),電機工程,58.1,406.7
101,東海,電機工程學系(B組),電機工程,56.69,396.8
101,東海,企業管理學系,企業管理,60.5,484.0
101,東海,國際經營與貿易學系,,64.59,371.4
101,東海,會計學系,會計,65.18,505.15
101,東海,財務金融學系,財務金融,67.61,388.75
101,東海,統計學系(自然組),統計,50.55,202.2
101,東海,統計學系(社會組),統計,66.22,264.9
101,東海,資訊管理學系,資訊管理,63.72,366.38
101,東海,經濟學系一般經濟組,經濟,60.39,452.9
101,東海,經濟學系產業經濟組,經濟,60.14,451.05
101,東海,政治學系政治理論組,政治,63.62,365.8
101,東海,政治學系國際關係組,政治,65.76,378.1
101,東海,行政管理暨政策學系,,66.15,363.8
101,東海,社會學系,社會學,62.41,374.45
101,東海,社會工作學系,社會工作,65.55,376.9
101,東海,畜產與生物科技學系(A組),,63.3,253.2
101,東海,畜產與生物科技學系(B組),,55.08,220.3
101,東海,畜產與生物科技學系(C組),,65.8,263.2
101,東海,食品科學系(A組),,56.56,452.5
101,東海,食品科學系(B組),,58.76,470.1
101,東海,餐旅管理學系,,62.41,468.1
101,東海,美術學系,,56.47,395.3
101,東海,音樂學系-鋼琴,,69.11,276.42
101,東海,音樂學系-聲樂,,64.41,257.62
101,東海,音樂學系-絃樂、銅管、木管,,54.45,217.8
101,東海,建築學系,建築,73.01,492.8
101,東海,工業設計學系,,64.97,438.53
101,東海,景觀學系(社會組),,65.46,327.3
101,東海,景觀學系(自然A組),,62.34,311.7
101,東海,景觀學系(自然B組),,61.69,339.3
101,東海,法律學系,法律,69.01,414.05
102,東海,中國文學系,中文,61.37,322.18
102,東海,外國語文學系,外文,67.44,404.65
102,東海,歷史學系,歷史,60.49,347.8
102,東海,日本語言文化學系,化學,61.29,367.75
102,東海,哲學系,哲學,57.57,417.35
102,東海,應用物理學系材料及奈米科技組,物理,41.12,267.25
102,東海,應用物理學系光電組,物理,39.3,255.48
102,東海,化學系化學組,化學,41.8,292.6
102,東海,化學系化學生物組(A組),化學,45.32,317.25
102,東海,化學系化學生物組(B組),化學,53.55,374.85
102,東海,生命科學系生物醫學組,生命科學,64.14,432.93
102,東海,生命科學系生態暨生物多樣性組,生命科學,66.62,383.05
102,東海,應用數學系(A組),數學,49.43,271.85
102,東海,應用數學系(B組),數學,58.13,319.7
102,東海,化學工程與材料工程學系,化學工程,41.47,290.3
102,東海,工業工程與經營資訊學系(A組),工業工程,47.36,331.5
102,東海,工業工程與經營資訊學系(B組),工業工程,58.6,336.95
102,東海,環境科學與工程學系(自然A組),,46.76,303.95
102,東海,環境科學與工程學系(自然B組),,57.55,374.1
102,東海,資訊工程學系資電工程組,資訊工程,47.83,287.0
102,東海,資訊工程學系數位創意組,資訊工程,62.47,343.6
102,東海,資訊工程學系軟體工程組,資訊工程,52.66,289.65
102,東海,電機工程學系IC設計與無線通訊組,電機工程,51.46,360.2
102,東海,電機工程學系奈米電子與能源技術組,電機工程,49.03,343.2
102,東海,企業管理學系(甲組),企業管理,48.26,277.5
102,東海,企業管理學系(乙組),企業管理,59.02,339.35
102,東海,國際經營與貿易學系,,61.91,356.0
102,東海,會計學系,會計,64.97,503.5
102,東海,財務金融學系,財務金融,65.82,378.48
102,東海,統計學系(自然組),統計,47.0,188.0
102,東海,統計學系(社會組),統計,61.58,246.3
102,東海,資訊管理學系,資訊管理,59.73,343.43
102,東海,經濟學系一般經濟組,經濟,59.3,444.75
102,東海,經濟學系產業經濟組,經濟,58.75,440.6
102,東海,政治學系政治理論組,政治,62.68,360.4
102,東海,政治學系國際關係組,政治,65.5,376.6
102,東海,行政管理暨政策學系,,63.67,350.2
102,東海,社會學系,社會學,59.33,355.95
102,東海,社會工作學系,社會工作,62.73,360.7
102,東海,畜產與生物科技學系(A組),,67.45,269.8
102,東海,畜產與生物科技學系(B組),,52.58,210.3
102,東海,畜產與生物科技學系(C組),,63.68,254.7
102,東海,食品科學系(A組),,56.6,452.8
102,東海,食品科學系(B組),,58.51,468.1
102,東海,餐旅管理學系,,63.4,475.5
102,東海,美術學系,,60.5,423.5
102,東海,音樂學系-鋼琴,,63.23,252.9
102,東海,音樂學系-絃樂、銅管樂、木管樂、擊樂,,58.48,233.9
102,東海,建築學系,建築,71.07,479.73
102,東海,工業設計學系,,60.29,406.95
102,東海,景觀學系(社會組),,65.36,326.8
102,東海,景觀學系(自然A組),,63.16,315.8
102,東海,景觀學系(自然B組),,65.27,359.0
102,東海,法律學系,法律,69.68,418.1
103,東海,中國文學系,中文,59.19,310.75
103,東海,外國語文學系,外文,69.52,417.15
103,東海,歷史學系,歷史,60.09,345.53
103,東海,日本語言文化學系,化學,60.33,362.0
103,東海,哲學系,哲學,57.01,413.35
103,東海,應用物理學系材料及奈米科技組,物理,38.12,247.75
103,東海,應用物理學系光電組,物理,38.99,253.45
103,東海,化學系化學組,化學,41.56,290.95
103,東海,化學系化學生物組(A組),化學,45.68,319.75
103,東海,化學系化學生物組(B組),化學,51.25,358.75
103,東海,生命科學系生物醫學組,生命科學,60.27,406.85
103,東海,生命科學系生態暨生物多樣性組,生命科學,56.18,323.03
103,東海,應用數學系(A組),數學,43.25,237.85
103,東海,應用數學系(B組),數學,55.77,306.75
103,東海,化學工程與材料工程學系,化學工程,40.6,284.2
103,東海,工業工程與經營資訊學系(A組),工業工程,44.86,314.0
103,東海,工業工程與經營資訊學系(B組),工業工程,56.7,326.0
103,東海,環境科學與工程學系(自然A組),,44.85,291.5
103,東海,環境科學與工程學系(自然B組),,47.55,309.1
103,東海,資訊工程學系資電工程組,資訊工程,50.43,277.35
103,東海,資訊工程學系數位創意組,資訊工程,61.16,336.4
103,東海,資訊工程學系軟體工程組,資訊工程,51.26,281.95
103,東海,電機工程學系IC設計與無線通訊組,電機工程,47.62,309.5
103,東海,電機工程學系奈米電子與能源技術組,電機工程,47.15,306.5
103,東海,企業管理學系(行銷與數位經營組),企業管理,59.56,327.6
103,東海,企業管理學系(綠色與永續發展組),企業管理,57.96,318.8
103,東海,企業管理學系(創業與組織領導組),企業管理,59.76,463.15
103,東海,國際經營與貿易學系,,61.59,354.13
103,東海,會計學系,會計,66.22,513.23
103,東海,財務金融學系,財務金融,65.92,379.03
103,東海,統計學系(自然組),統計,45.08,180.3
103,東海,統計學系(社會組),統計,60.65,242.6
103,東海,資訊管理學系,資訊管理,58.75,337.83
103,東海,經濟學系一般經濟組,經濟,58.99,442.45
103,東海,經濟學系產業經濟組,經濟,57.93,434.45
103,東海,政治學系政治理論組,政治,61.95,356.2
103,東海,政治學系國際關係組,政治,64.38,370.2
103,東海,行政管理暨政策學系,,65.2,358.6
103,東海,社會學系,社會學,57.71,346.25
103,東海,社會工作學系,社會工作,63.57,365.5
103,東海,畜產與生物科技學系(A組),,60.83,243.3
103,東海,畜產與生物科技學系(B組),,54.13,216.5
103,東海,畜產與生物科技學系(C組),,63.05,252.2
103,東海,食品科學系(A組),,55.46,443.7
103,東海,食品科學系(B組),,53.95,431.6
103,東海,餐旅管理學系,,64.96,487.2
103,東海,美術學系,,58.63,410.4
103,東海,音樂學系-鋼琴,,61.4,245.58
103,東海,音樂學系-聲樂,,57.47,229.86
103,東海,音樂學系-弦樂.銅管.木管.擊樂,,58.25,233.0
103,東海,建築學系,建築,67.62,490.25
103,東海,工業設計學系,,58.36,393.9
103,東海,景觀學系(社會組),,65.8,329.0
103,東海,景觀學系(自然A組),,61.44,307.2
103,東海,景觀學系(自然B組),,63.47,349.1
103,東海,法律學系,法律,70.8,424.8
103,東海,國際經營管理學位學程(英語專班),外文,68.95,293.03
104,東海,中國文學系,中文,56.67,325.83
104,東海,外國語文學系,外文,63.93,383.6
104,東海,歷史學系,歷史,58.38,335.7
104,東海,日本語言文化學系,化學,56.56,339.35
104,東海,哲學系,哲學,53.01,384.35
104,東海,應用物理學系材料及奈米科技組,物理,34.27,222.78
104,東海,應用物理學系光電組,物理,34.65,225.23
104,東海,化學系化學組,化學,38.44,288.3
104,東海,化學系化學生物組(A組),化學,39.17,293.8
104,東海,化學系化學生物組(B組),化學,46.23,358.3
104,東海,生命科學系生物醫學組,生命科學,54.9,370.6
104,東海,生命科學系生態暨生物多樣性組,生命科學,54.09,311.0
104,東海,應用數學系(A組),數學,37.95,208.7
104,東海,應用數學系(B組),數學,47.44,260.9
104,東海,化學工程與材料工程學系,化學工程,35.73,250.1
104,東海,工業工程與經營資訊學系(A組),工業工程,38.9,272.3
104,東海,工業工程與經營資訊學系(B組),工業工程,49.74,286.0
104,東海,環境科學與工程學系(自然A組),,41.84,271.95
104,東海,環境科學與工程學系(自然B組),,45.18,293.7
104,東海,資訊工程學系資電工程組,資訊工程,42.07,231.4
104,東海,資訊工程學系數位創意組,資訊工程,53.42,293.8
104,東海,資訊工程學系軟體工程組,資訊工程,42.76,235.2
104,東海,電機工程學系IC設計與無線通訊組,電機工程,43.04,215.2
104,東海,電機工程學系奈米電子與能源技術組,電機工程,40.32,201.6
104,東海,企業管理學系(行銷與數位經營組),企業管理,51.05,280.8
104,東海,企業管理學系(綠色與永續發展組),企業管理,49.51,272.28
104,東海,企業管理學系(創業與組織領導組),企業管理,54.44,421.93
104,東海,國際經營與貿易學系,,51.08,255.4
104,東海,會計學系,會計,58.02,449.68
104,東海,財務金融學系,財務金融,54.28,312.1
104,東海,統計學系(自然組),統計,35.55,142.2
104,東海,統計學系(社會組),統計,51.4,205.6
104,東海,資訊管理學系,資訊管理,49.43,284.23
104,東海,經濟學系一般經濟組,經濟,52.6,394.5
104,東海,經濟學系產業經濟組,經濟,51.51,386.35
104,東海,政治學系政治理論組,政治,54.3,312.25
104,東海,政治學系國際關係組,政治,56.96,327.53
104,東海,行政管理暨政策學系,,57.09,314.0
104,東海,社會學系,社會學,52.33,313.95
104,東海,社會工作學系,社會工作,56.8,326.6
104,東海,畜產與生物科技學系(A組),,56.45,225.8
104,東海,畜產與生物科技學系(B組),,49.1,196.4
104,東海,畜產與生物科技學系(C組),,51.75,207.0
104,東海,食品科學系(A組),,48.74,389.9
104,東海,食品科學系(B組),,47.53,380.2
104,東海,餐旅管理學系,,56.63,424.7
104,東海,美術學系,,54.24,379.7
104,東海,音樂學系-聲樂,,60.11,240.44
104,東海,音樂學系-綜合樂器,,50.75,203.0
104,東海,建築學系,建築,62.59,453.8
104,東海,工業設計學系,,52.87,356.85
104,東海,景觀學系(社會組),,55.96,279.8
104,東海,景觀學系(自然A組),,51.88,259.4
104,東海,景觀學系(自然B組),,53.39,293.65
104,東海,法律學系,法律,64.05,384.3
104,東海,國際經營管理學位學程(英語專班),外文,58.89,250.3
105,東海,中國文學系,中文,50.56,290.7
105,東海,外國語文學系,外文,57.85,289.25
105,東海,歷史學系,歷史,51.23,294.58
105,東海,日本語言文化學系,化學,53.99,323.95
105,東海,哲學系,哲學,47.35,343.3
105,東海,應用物理學系材料及奈米科技組,物理,30.56,152.8
105,東海,應用物理學系光電組,物理,29.74,148.7
105,東海,化學系化學組,化學,35.21,246.45
105,東海,化學系化學生物組(A組),化學,37.51,262.55
105,東海,化學系化學生物組(B組),化學,45.84,320.9
105,東海,生命科學系生物醫學組,生命科學,54.14,365.43
105,東海,生命科學系生態暨生物多樣性組,生命科學,52.37,301.1
105,東海,應用數學系(A組),數學,35.43,194.85
105,東海,應用數學系(B組),數學,45.34,249.35
105,東海,化學工程與材料工程學系,化學工程,32.63,261.0
105,東海,工業工程與經營資訊學系(A組),工業工程,34.63,242.4
105,東海,工業工程與經營資訊學系(B組),工業工程,45.72,262.9
105,東海,環境科學與工程學系(自然A組),,38.58,250.8
105,東海,環境科學與工程學系(自然B組),,41.02,266.65
105,東海,資訊工程學系資電工程組,資訊工程,41.38,227.6
105,東海,資訊工程學系數位創意組,資訊工程,48.65,267.6
105,東海,資訊工程學系軟體工程組,資訊工程,41.9,230.45
105,東海,電機工程學系IC設計與無線通訊組,電機工程,37.14,204.25
105,東海,電機工程學系奈米電子與能源技術組,電機工程,35.41,194.75
105,東海,企業管理學系(行銷與數位經營組),企業管理,52.03,299.2
105,東海,企業管理學系(永續與服務創新組),企業管理,50.75,393.3
105,東海,企業管理學系(創業與組織領導組),企業管理,52.41,406.18
105,東海,國際經營與貿易學系,,50.14,250.7
105,東海,會計學系,會計,57.73,447.4
105,東海,財務金融學系,財務金融,57.17,328.7
105,東海,統計學系(自然組),統計,31.64,142.4
105,東海,統計學系(社會組),統計,53.17,239.25
105,東海,資訊管理學系(物聯網與大數據應用組),資訊管理,52.18,300.03
105,東海,資訊管理學系(數位行銷與電子商務應用組),資訊管理,51.3,295.0
105,東海,經濟學系一般經濟組,經濟,49.57,322.2
105,東海,經濟學系產業經濟組,經濟,48.82,317.35
105,東海,政治學系政治理論組,政治,49.53,284.78
105,東海,政治學系國際關係組,政治,52.18,300.03
105,東海,行政管理暨政策學系,,53.49,294.2
105,東海,社會學系,社會學,49.44,296.65
105,東海,社會工作學系,社會工作,50.37,289.6
105,東海,畜產與生物科技學系(A組),,55.08,220.3
105,東海,畜產與生物科技學系(B組),,44.25,177.0
105,東海,畜產與生物科技學系(C組),,57.93,231.7
105,東海,食品科學系(A組),,48.1,384.8
105,東海,食品科學系(B組),,46.59,372.7
105,東海,餐旅管理學系,,53.29,399.7
105,東海,美術學系,,53.31,373.2
105,東海,音樂學系-鋼琴,,60.43,241.7
105,東海,音樂學系-聲樂,,54.62,218.48
105,東海,音樂學系-綜合樂器,,54.98,219.9
105,東海,建築學系,建築,64.23,465.7
105,東海,工業設計學系,,53.7,362.5
105,東海,景觀學系(社會組),,56.64,283.2
105,東海,景觀學系(自然A組),,57.6,288.0
105,東海,景觀學系(自然B組),,57.7,317.35
105,東海,法律學系,法律,64.88,389.25
105,東海,國際經營管理學位學程(英語專班),外文,65.11,276.7
105,東海,永續科學與工程學士學位學程,,26.43,105.7
106,東海,中國文學系,中文,51.18,294.28
106,東海,外國語文學系,外文,57.16,285.8
106,東海,歷史學系,歷史,53.37,306.85
106,東海,日本語言文化學系,化學,55.08,330.5
106,東海,哲學系,哲學,47.99,347.95
106,東海,應用物理學系(A組),物理,35.17,105.5
106,東海,應用物理學系(B組),物理,42.63,127.9
106,東海,化學系化學組,化學,34.79,243.5
106,東海,化學系化學生物組(A組),化學,37.09,259.6
106,東海,化學系化學生物組(B組),化學,44.27,309.9
106,東海,生命科學系生物醫學組,生命科學,50.84,343.2
106,東海,生命科學系生態暨生物多樣性組,生命科學,49.78,286.25
106,東海,應用數學系(A組),數學,33.5,184.25
106,東海,應用數學系(B組),數學,45.9,252.45
106,東海,化學工程與材料工程學系(製程及能源工程組),化學工程,32.41,226.9
106,東海,化學工程與材料工程學系(材料工程組),化學工程,33.16,232.1
106,東海,化學工程與材料工程學系(生化工程組),化學工程,36.38,181.9
106,東海,工業工程與經營資訊學系(A組),工業工程,33.77,236.4
106,東海,工業工程與經營資訊學系(B組),工業工程,43.17,248.2
106,東海,環境科學與工程學系(自然A組),,35.8,232.7
106,東海,環境科學與工程學系(自然B組),,40.11,260.7
106,東海,資訊工程學系資電工程組,資訊工程,39.82,219.0
106,東海,資訊工程學系數位創意組,資訊工程,53.09,292.0
106,東海,資訊工程學系軟體工程組,資訊工程,41.34,227.35
106,東海,電機工程學系IC設計與無線通訊組,電機工程,39.34,216.35
106,東海,電機工程學系奈米電子與能源技術組,電機工程,37.65,207.1
106,東海,企業管理學系(行銷與數位經營組),企業管理,49.51,247.55
106,東海,企業管理學系(永續與服務創新組),企業管理,46.54,232.7
106,東海,企業管理學系(創業與組織領導組),企業管理,49.18,245.9
106,東海,國際經營與貿易學系,,46.82,234.1
106,東海,會計學系,會計,57.29,443.98
106,東海,財務金融學系,財務金融,55.07,316.68
106,東海,統計學系(大數據與資料科學組),統計,31.3,140.85
106,東海,統計學系(大數據與決策管理組),統計,53.09,238.9
106,東海,資訊管理學系(物聯網與大數據應用組),資訊管理,51.9,298.45
106,東海,資訊管理學系(數位行銷與電子商務應用組),資訊管理,49.77,286.2
106,東海,經濟學系一般經濟組,經濟,49.77,323.5
106,東海,經濟學系產業經濟組,經濟,48.93,318.05
106,東海,政治學系政治理論組,政治,49.45,284.33
106,東海,政治學系國際關係組,政治,52.33,300.9
106,東海,行政管理暨政策學系,,54.4,299.2
106,東海,社會學系,社會學,48.06,288.35
106,東海,社會工作學系,社會工作,52.17,300.0
106,東海,畜產與生物科技學系(A組),,55.0,220.0
106,東海,畜產與生物科技學系(B組),,44.35,177.4
106,東海,畜產與生物科技學系(C組),,58.73,234.9
106,東海,食品科學系(A組),,45.04,202.7
106,東海,食品科學系(B組),,49.81,224.15
106,東海,餐旅管理學系,,54.27,407.0
106,東海,美術學系,,54.43,381.0
106,東海,音樂學系-鋼琴,,52.8,211.2
106,東海,音樂學系-聲樂,,54.85,219.4
106,東海,音樂學系-綜合樂器,,59.98,239.9
106,東海,建築學系,建築,64.86,470.25
106,東海,工業設計學系,,49.79,336.05
106,東海,景觀學系(社會組),,57.0,285.0
106,東海,景觀學系(自然A組),,52.52,262.6
106,東海,景觀學系(自然B組),,53.0,291.5
106,東海,法律學系,法律,65.95,395.7
106,東海,國際經營管理學位學程(英語專班),外文,65.22,277.2
106,東海,永續科學與工程學士學位學程,,26.48,132.4
107,東海,中國文學系,中文,51.55,296.39
107,東海,外國語文學系,外文,45.53,193.5
107,東海,歷史學系,歷史,52.31,300.81
107,東海,日本語言文化學系,化學,55.08,330.5
107,東海,哲學系,哲學,49.45,358.48
107,東海,應用物理學系(A組),物理,48.25,144.75
107,東海,應用物理學系(B組),物理,48.87,146.6
107,東海,化學系化學組,化學,42.25,295.73
107,東海,化學系化學生物組(A組),化學,40.26,281.8
107,東海,化學系化學生物組(B組),化學,45.3,317.13
107,東海,生命科學系生物醫學組,生命科學,50.14,338.44
107,東海,生命科學系生態暨生物多樣性組,生命科學,50.78,292.0
107,東海,應用數學系(A組),數學,45.43,249.86
107,東海,應用數學系(B組),數學,49.29,271.11
107,東海,化學工程與材料工程學系(製程及能源工程組),化學工程,39.11,312.9
107,東海,化學工程與材料工程學系(材料工程組),化學工程,41.59,332.7
107,東海,化學工程與材料工程學系(生化工程組),化學工程,42.84,299.9
107,東海,工業工程與經營資訊學系(智慧設計與生產組),工業工程,43.34,303.4
107,東海,工業工程與經營資訊學系(智慧經營與管理組),工業工程,48.51,278.95
107,東海,環境科學與工程學系(自然A組),,40.72,264.65
107,東海,環境科學與工程學系(自然B組),,43.93,285.53
107,東海,資訊工程學系資電工程組,資訊工程,49.58,272.7
107,東海,資訊工程學系數位創意組,資訊工程,58.91,324.0
107,東海,資訊工程學系軟體工程組,資訊工程,50.24,276.3
107,東海,電機工程學系IC設計與無線通訊組,電機工程,53.05,225.45
107,東海,電機工程學系奈米電子與能源技術組,電機工程,55.13,248.1
107,東海,企業管理學系(行銷與數位經營組),企業管理,51.49,283.2
107,東海,企業管理學系(服務創新與經營組),企業管理,48.62,243.1
107,東海,企業管理學系(創業與組織領導組),企業管理,51.18,281.5
107,東海,國際經營與貿易學系,,50.02,250.1
107,東海,會計學系,會計,56.44,437.4
107,東海,財務金融學系,財務金融,56.07,322.4
107,東海,統計學系(巨量資料管理組),統計,44.49,200.2
107,東海,統計學系(決策管理組),統計,53.9,242.55
107,東海,資訊管理學系(物聯網與大數據應用組),資訊管理,55.37,318.35
107,東海,資訊管理學系(數位行銷與電子商務應用組),資訊管理,53.26,306.25
107,東海,經濟學系一般經濟組,經濟,50.63,329.1
107,東海,經濟學系產業經濟組,經濟,50.24,326.55
107,東海,政治學系政治理論組,政治,52.09,299.5
107,東海,政治學系國際關係組,政治,53.29,306.4
107,東海,行政管理暨政策學系,,54.04,297.2
107,東海,社會學系,社會學,49.57,297.4
107,東海,社會工作學系,社會工作,50.63,291.1
107,東海,畜產與生物科技學系(A組),,52.84,211.35
107,東海,畜產與生物科技學系(B組),,44.55,178.2
107,東海,畜產與生物科技學系(C組),,57.83,231.3
107,東海,食品科學系(A組),,45.0,360.0
107,東海,食品科學系(B組),,45.34,362.7
107,東海,餐旅管理學系,,50.77,380.8
107,東海,美術學系,,56.06,392.45
107,東海,音樂學系,,59.25,236.98
107,東海,建築學系,建築,66.58,482.7
107,東海,工業設計學系,,51.84,349.9
107,東海,景觀學系(社會組),,57.64,288.2
107,東海,景觀學系(自然A組),,55.78,278.9
107,東海,景觀學系(自然B組),,54.46,299.55
107,東海,法律學系,法律,64.95,389.7
107,東海,國際經營管理學位學程(英語專班),外文,59.74,253.9
107,東海,永續科學與工程學士學位學程,,27.53,151.4
108,東海,中國文學系,中文,60.02,345.1
108,東海,外國語文學系,外文,61.76,262.5
108,東海,歷史學系,歷史,61.44,353.28
108,東海,日本語言文化學系,化學,62.95,330.5
108,東海,哲學系,哲學,59.37,430.45
108,東海,應用物理學系(A組),物理,55.47,166.4
108,東海,應用物理學系(B組),物理,62.25,186.75
108,東海,化學系化學組,化學,50.3,301.78
108,東海,化學系化學生物組(A組),化學,50.22,301.33
108,東海,化學系化學生物組(B組),化學,55.09,330.55
108,東海,生命科學系生物醫學組,生命科學,63.29,427.2
108,東海,生命科學系生態暨生物多樣性組,生命科學,62.66,360.3
108,東海,應用數學系(A組),數學,54.52,299.88
108,東海,應用數學系(B組),數學,65.76,361.66
108,東海,化學工程與材料工程學系(製程及能源工程組),化學工程,52.43,419.45
108,東海,化學工程與材料工程學系(材料工程組),化學工程,51.84,414.7
108,東海,化學工程與材料工程學系(生化工程組),化學工程,53.56,374.95
108,東海,工業工程與經營資訊學系(智慧設計與生產組),工業工程,55.05,302.8
108,東海,工業工程與經營資訊學系(智慧經營與管理組),工業工程,60.73,334.03
108,東海,環境科學與工程學系(自然A組),,55.49,360.7
108,東海,環境科學與工程學系(自然B組),,55.91,363.4
108,東海,資訊工程學系資電工程組,資訊工程,58.87,323.8
108,東海,資訊工程學系數位創意組,資訊工程,66.56,366.1
108,東海,資訊工程學系軟體工程組,資訊工程,57.35,315.4
108,東海,電機工程學系,電機工程,61.45,276.53
108,東海,企業管理學系(行銷與數位經營組),企業管理,60.3,346.7
108,東海,企業管理學系(服務創新與經營組),企業管理,59.2,340.4
108,東海,企業管理學系(創業與組織領導組),企業管理,59.44,341.8
108,東海,國際經營與貿易學系,,58.96,294.8
108,東海,會計學系,會計,64.7,323.5
108,東海,財務金融學系,財務金融,64.66,371.8
108,東海,統計學系(巨量資料管理組),統計,54.26,244.18
108,東海,統計學系(決策管理組),統計,64.8,291.6
108,東海,資訊管理學系(物聯網與大數據應用組),資訊管理,65.22,375.0
108,東海,資訊管理學系(數位行銷與電子商務應用組),資訊管理,63.82,366.95
108,東海,經濟學系一般經濟組,經濟,57.69,374.98
108,東海,經濟學系產業經濟組,經濟,57.52,373.85
108,東海,政治學系政治理論組,政治,65.86,378.7
108,東海,政治學系國際關係組,政治,67.55,388.4
108,東海,行政管理暨政策學系,,66.35,364.9
108,東海,社會學系,社會學,65.04,325.2
108,東海,社會工作學系,社會工作,63.51,365.2
108,東海,畜產與生物科技學系(A組),,61.71,246.85
108,東海,畜產與生物科技學系(B組),,55.43,221.7
108,東海,食品科學系(A組),,53.01,424.1
108,東海,食品科學系(B組),,53.54,428.3
108,東海,餐旅管理學系,,56.87,426.5
108,東海,美術學系,,57.19,400.35
108,東海,音樂學系,,60.7,242.78
108,東海,建築學系,建築,69.16,501.4
108,東海,工業設計學系,,56.07,378.5
108,東海,景觀學系,,64.66,355.65
108,東海,法律學系,法律,69.11,414.68
108,東海,國際經營管理學位學程(英語專班),外文,66.0,280.5
108,東海,永續科學與工程學士學位學程,,40.09,220.5
109,東海,中國文學系,中文,54.25,311.96
109,東海,外國語文學系,外文,57.81,245.7
109,東海,歷史學系,歷史,54.93,315.83
109,東海,日本語言文化學系,化學,55.17,289.65
109,東海,哲學系,哲學,50.96,369.48
109,東海,應用物理學系(A組),物理,45.43,136.3
109,東海,應用物理學系(B組),物理,46.42,139.25
109,東海,化學系化學組,化學,43.93,263.6
109,東海,化學系化學生物組(A組),化學,43.02,258.13
109,東海,化學系化學生物組(B組),化學,46.7,280.2
109,東海,生命科學系生物醫學組,生命科學,51.31,333.5
109,東海,生命科學系生態暨生物多樣性組,生命科學,50.0,287.5
109,東海,應用數學系(A組),數學,41.97,230.81
109,東海,應用數學系(B組),數學,47.85,263.16
109,東海,化學工程與材料工程學系(製程及能源工程組),化學工程,44.63,357.05
109,東海,化學工程與材料工程學系(材料工程組),化學工程,42.41,339.3
109,東海,化學工程與材料工程學系(生化工程組),化學工程,42.29,296.05
109,東海,工業工程與經營資訊學系(智慧設計與生產組),工業工程,44.07,242.4
109,東海,工業工程與經營資訊學系(智慧經營與管理組),工業工程,46.62,256.4
109,東海,環境科學與工程學系(自然A組),,45.19,293.75
109,東海,環境科學與工程學系(自然B組),,44.07,286.43
109,東海,資訊工程學系(資電工程組),資訊工程,49.31,271.2
109,東海,資訊工程學系(人工智慧組),資訊工程,49.29,271.1
109,東海,資訊工程學系(軟體工程組),資訊工程,48.55,267.0
109,東海,電機工程學系,電機工程,48.22,216.99
109,東海,企業管理學系(行銷與數位經營組),企業管理,46.87,269.5
109,東海,企業管理學系(服務創新與經營組),企業管理,45.2,259.9
109,東海,企業管理學系(創業與組織領導組),企業管理,45.78,263.24
109,東海,國際經營與貿易學系,,45.34,226.7
109,東海,會計學系,會計,53.21,212.83
109,東海,財務金融學系,財務金融,53.89,242.5
109,東海,統計學系(巨量資料管理組),統計,40.52,182.35
109,東海,統計學系(決策管理組),統計,50.44,227.0
109,東海,資訊管理學系(物聯網與大數據應用組),資訊管理,53.22,306.0
109,東海,資訊管理學系(數位行銷與電子商務應用組),資訊管理,52.32,300.85
109,東海,經濟學系一般經濟組,經濟,43.36,216.8
109,東海,經濟學系產業經濟組,經濟,43.3,216.5
109,東海,政治學系政治理論組,政治,57.43,330.2
109,東海,政治學系國際關係組,政治,59.86,344.2
109,東海,行政管理暨政策學系,,56.38,310.1
109,東海,社會學系,社會學,57.51,287.53
109,東海,社會工作學系,社會工作,54.85,315.4
109,東海,畜產與生物科技學系(A組),,49.46,197.85
109,東海,畜產與生物科技學系(B組),,44.28,177.1
109,東海,食品科學系(A組),,43.91,351.3
109,東海,食品科學系(B組),,42.91,343.3
109,東海,餐旅管理學系,,47.84,358.8
109,東海,美術學系,,52.31,366.15
109,東海,音樂學系,,52.37,209.48
109,東海,建築學系,建築,63.36,459.33
109,東海,工業設計學系,,43.3,292.3
109,東海,高齡健康與運動科學學士學位學程,,41.17,123.5
109,東海,景觀學系,,48.62,267.4
109,東海,法律學系,法律,62.95,377.7
109,東海,國際學院國際經營管理學位學程,,50.4,214.2
109,東海,永續科學與工程學士學位學程,,34.29,188.6
110,東海,中國文學系,中文,47.53,273.31
110,東海,外國語文學系,外文,46.26,196.6
110,東海,歷史學系,歷史,51.51,296.21
110,東海,日本語言文化學系,化學,49.76,261.25
110,東海,哲學系,哲學,43.56,315.78
110,東海,應用物理學系(A組),物理,35.63,106.9
110,東海,應用物理學系(B組),物理,45.12,135.35
110,東海,化學系化學組,化學,27.57,165.4
110,東海,化學系化學生物組(A組),化學,26.75,160.5
110,東海,化學系化學生物組(B組),化學,33.41,200.43
110,東海,生命科學系生物醫學組,生命科學,40.86,265.6
110,東海,生命科學系生態暨生物多樣性組,生命科學,41.41,238.1
110,東海,應用數學系(A組),數學,31.9,175.45
110,東海,應用數學系(B組),數學,42.03,231.19
110,東海,化學工程與材料工程學系(製程及能源工程組),化學工程,27.66,179.8
110,東海,化學工程與材料工程學系(材料工程組),化學工程,31.19,233.95
110,東海,化學工程與材料工程學系(生化工程組),化學工程,31.79,230.45
110,東海,工業工程與經營資訊學系(智慧設計與生產組),工業工程,35.84,206.1
110,東海,工業工程與經營資訊學系(智慧經營與管理組),工業工程,43.25,248.7
110,東海,環境科學與工程學系(自然A組),,32.65,212.23
110,東海,環境科學與工程學系(自然B組),,35.67,231.88
110,東海,資訊工程學系(資電工程組),資訊工程,37.33,205.3
110,東海,資訊工程學系(人工智慧組),資訊工程,41.58,228.7
110,東海,資訊工程學系(軟體工程組),資訊工程,52.84,290.6
110,東海,電機工程學系,電機工程,41.16,185.2
110,東海,企業管理學系,企業管理,41.16,226.4
110,東海,國際經營與貿易學系,,40.86,204.3
110,東海,會計學系,會計,48.27,193.08
110,東海,財務金融學系,財務金融,51.48,296.0
110,東海,統計學系(巨量資料管理組),統計,33.06,148.75
110,東海,統計學系(決策管理組),統計,48.56,218.5
110,東海,資訊管理學系(物聯網與大數據應用組),資訊管理,51.79,297.8
110,東海,資訊管理學系(數位行銷與電子商務應用組),資訊管理,49.16,344.1
110,東海,經濟學系一般經濟組,經濟,41.12,205.6
110,東海,經濟學系產業經濟組,經濟,41.0,205.0
110,東海,政治學系政治理論組,政治,49.01,281.8
110,東海,政治學系國際關係組,政治,48.09,276.5
110,東海,行政管理暨政策學系,,52.56,289.08
110,東海,社會學系,社會學,45.61,250.85
110,東海,社會工作學系,社會工作,44.0,253.0
110,東海,畜產與生物科技學系(A組),,45.05,180.2
110,東海,畜產與生物科技學系(B組),,31.65,126.6
110,東海,食品科學系(A組),,31.63,253.0
110,東海,食品科學系(B組),,29.65,237.2
110,東海,餐旅管理學系,,44.76,335.7
110,東海,美術學系,,50.58,252.9
110,東海,音樂學系,,58.0,232.0
110,東海,建築學系,建築,61.24,428.7
110,東海,工業設計學系,,31.72,214.1
110,東海,高齡健康與運動科學學士學位學程,,39.0,117.0
110,東海,景觀學系,,39.51,217.3
110,東海,法律學系,法律,63.39,380.35
110,東海,國際學院國際經營管理學位學程,,44.24,188.0
110,東海,永續科學與工程學士學位學程,,26.53,145.9
111,東海,中國文學系,中文,27.75,111.0
111,東海,外國語文學系,外文,22.75,91.0
111,東海,歷史學系,歷史,26.0,104.0
111,東海,日本語言文化學系,化學,21.14,111.0
111,東海,哲學系,哲學,21.8,136.25
111,東海,應用物理學系(A組),物理,18.33,55.0
111,東海,應用物理學系(B組),物理,22.0,66.0
111,東海,化學系化學組,化學,10.22,46.0
111,東海,化學系化學生物組(A組),化學,25.78,116.0
111,東海,化學系化學生物組(B組),化學,21.3,106.5
111,東海,生命科學系生物醫學組,生命科學,15.38,100.0
111,東海,生命科學系生態暨生物多樣性組,生命科學,28.17,162.0
111,東海,應用數學系,數學,15.76,82.75
111,東海,化學工程與材料工程學系(製程及能源工程組),化學工程,11.27,62.0
111,東海,化學工程與材料工程學系(材料工程組),化學工程,11.38,74.0
111,東海,化學工程與材料工程學系(生化工程組),化學工程,11.52,60.5
111,東海,工業工程與經營資訊學系(智慧設計與生產組),工業工程,26.6,133.0
111,東海,工業工程與經營資訊學系(智慧經營與管理組),工業工程,22.43,129.0
111,東海,環境科學與工程學系(自然A組),,11.75,47.0
111,東海,環境科學與工程學系(自然B組),,22.0,88.0
111,東海,資訊工程學系(資電工程組),資訊工程,19.73,108.5
111,東海,資訊工程學系(人工智慧組),資訊工程,9.64,53.0
111,東海,資訊工程學系(軟體工程組),資訊工程,20.18,111.0
111,東海,電機工程學系,電機工程,15.09,83.0
111,東海,企業管理學系,企業管理,17.58,105.5
111,東海,國際經營與貿易學系,,17.97,130.25
111,東海,會計學系,會計,19.92,129.5
111,東海,財務金融學系,財務金融,15.37,103.75
111,東海,統計學系(巨量資料管理組),統計,16.73,92.0
111,東海,統計學系(決策管理組),統計,27.45,151.0
111,東海,資訊管理學系(物聯網與大數據應用組),資訊管理,18.11,122.25
111,東海,資訊管理學系(數位行銷與電子商務應用組),資訊管理,20.7,139.75
111,東海,經濟學系一般經濟組,經濟,23.67,71.0
111,東海,經濟學系產業經濟組,經濟,22.0,66.0
111,東海,政治學系政治理論組,政治,24.43,140.5
111,東海,政治學系國際關係組,政治,20.7,119.0
111,東海,行政管理暨政策學系,,23.82,131.0
111,東海,社會學系,社會學,19.67,88.5
111,東海,社會工作學系,社會工作,18.96,109.0
111,東海,畜產與生物科技學系(A組),,16.75,67.0
111,東海,畜產與生物科技學系(B組),,17.5,70.0
111,東海,食品科學系(A組),,16.63,133.0
111,東海,食品科學系(B組),,13.13,105.0
111,東海,餐旅管理學系,,19.0,71.25
111,東海,美術學系,,39.87,239.2
111,東海,音樂學系,,47.82,191.28
111,東海,建築學系(A組),建築,32.82,180.5
111,東海,建築學系(B組),建築,42.27,232.5
111,東海,工業設計學系(A組),,20.2,101.0
111,東海,工業設計學系(B組),,26.4,132.0
111,東海,景觀學系,,24.82,136.5
111,東海,高齡健康與運動科學學士學位學程,,23.67,88.75
111,東海,法律學系,法律,33.45,184.0
111,東海,國際學院國際經營管理學位學程,,22.06,93.75
111,東海,永續科學與管理學士學位學程,,16.22,73.0
112,東海,中國文學系,中文,32.75,131.0
112,東海,外國語文學系,外文,26.75,107.0
112,東海,歷史學系,歷史,38.0,171.0
112,東海,日本語言文化學系,化學,32.84,156.0
112,東海,哲學系,哲學,31.25,125.0
112,東海,應用物理學系,物理,25.67,77.0
112,東海,化學系化學組,化學,28.25,113.0
112,東海,化學系化學生物組,化學,25.75,103.0
112,東海,生命科學系生物醫學組,生命科學,27.64,152.0
112,東海,生命科學系生態暨生物多樣性組,生命科學,30.3,174.25
112,東海,應用數學系,數學,25.25,101.0
112,東海,化學工程與材料工程學系,化學工程,20.8,104.0
112,東海,工業工程與經營資訊學系(智慧設計與生產組),工業工程,31.6,158.0
112,東海,工業工程與經營資訊學系(智慧經營與管理組),工業工程,28.0,161.0
112,東海,環境科學與工程學系,,24.62,160.0
112,東海,資訊工程學系(資電工程組),資訊工程,28.0,154.0
112,東海,資訊工程學系(人工智慧組),資訊工程,27.91,153.5
112,東海,資訊工程學系(軟體工程組),資訊工程,32.09,176.5
112,東海,電機工程學系,電機工程,36.25,145.0
112,東海,企業管理學系,企業管理,32.78,147.5
112,東海,國際經營與貿易學系,,30.62,199.0
112,東海,會計學系,會計,30.2,151.0
112,東海,財務金融學系,財務金融,30.44,137.0
112,東海,統計學系(巨量資料管理組),統計,23.25,93.0
112,東海,統計學系(決策管理組),統計,28.75,115.0
112,東海,資訊管理學系,資訊管理,28.3,162.75
112,東海,經濟學系一般經濟組,經濟,28.2,141.0
112,東海,經濟學系產業經濟組,經濟,27.4,137.0
112,東海,政治學系政治理論組,政治,33.52,192.75
112,東海,政治學系國際關係組,政治,33.48,192.5
112,東海,行政管理暨政策學系,,38.0,152.0
112,東海,社會學系,社會學,35.57,204.5
112,東海,社會工作學系,社會工作,32.6,163.0
112,東海,畜產與生物科技學系,,30.25,121.0
112,東海,食品科學系(A組),,31.67,142.5
112,東海,食品科學系(B組),,29.22,131.5
112,東海,餐旅管理學系,,20.13,75.5
112,東海,美術學系,,44.4,266.4
112,東海,音樂學系,,35.46,177.28
112,東海,建築學系(A組),建築,38.64,212.5
112,東海,建築學系(B組),建築,40.64,223.5
112,東海,工業設計學系(A組),,35.2,176.0
112,東海,工業設計學系(B組),,32.8,164.0
112,東海,景觀學系(A組),,30.0,105.0
112,東海,景觀學系(B組),,27.71,97.0
112,東海,高齡健康與運動科學學士學位學程,,27.67,103.75
112,東海,法律學系,法律,43.09,237.0
112,東海,國際學院國際經營管理學位學程,,24.8,124.0
112,東海,永續科學與管理學士學位學程,,20.25,81.0
113,東海,中國文學系,中文,36.0,144.0
113,東海,外國語文學系,外文,28.75,115.0
113,東海,歷史學系,歷史,41.8,209.0
113,東海,日本語言文化學系,化學,33.89,161.0
113,東海,哲學系,哲學,35.63,142.5
113,東海,應用物理學系(A組),物理,32.67,98.0
113,東海,應用物理學系(B組),物理,33.0,99.0
113,東海,化學系化學組,化學,35.75,143.0
113,東海,化學系化學生物組,化學,33.0,132.0
113,東海,生命科學系生物醫學組,生命科學,31.27,172.0
113,東海,生命科學系生態暨生物多樣性組,生命科學,34.91,200.75
113,東海,智慧計算暨應用數學系,數學,32.0,160.0
113,東海,化學工程與材料工程學系,化學工程,28.4,142.0
113,東海,工業工程與經營資訊學系(智慧設計與生產組),工業工程,33.56,151.0
113,東海,工業工程與經營資訊學系(智慧經營與管理組),工業工程,31.89,143.5
113,東海,環境科學與工程學系,,29.91,172.0
113,東海,資訊工程學系(資電工程組),資訊工程,33.82,186.0
113,東海,資訊工程學系(人工智慧組),資訊工程,32.64,179.5
113,東海,資訊工程學系(軟體工程組),資訊工程,35.36,194.5
113,東海,電機工程學系(A組),電機工程,39.5,158.0
113,東海,電機工程學系(B組),電機工程,39.25,157.0
113,東海,企業管理學系,企業管理,33.89,152.5
113,東海,國際經營與貿易學系,,31.62,205.5
113,東海,會計學系,會計,32.2,161.0
113,東海,財務金融學系,財務金融,33.86,118.5
113,東海,統計學系(巨量資料管理組),統計,29.5,118.0
113,東海,統計學系(決策管理組),統計,32.0,128.0
113,東海,資訊管理學系,資訊管理,28.91,166.25
113,東海,經濟學系,經濟,32.0,160.0
113,東海,政治學系,政治,36.35,209.0
113,東海,行政管理暨政策學系,,42.22,190.0
113,東海,社會學系,社會學,38.09,219.0
113,東海,社會工作學系,社會工作,37.44,168.5
113,東海,畜產與生物科技學系,,33.0,132.0
113,東海,食品科學系,,34.78,156.5
113,東海,餐旅管理學系,,22.2,83.25
113,東海,高齡健康與運動科學學士學位學程,,30.4,114.0
113,東海,美術學系,,42.7,256.2
113,東海,音樂學系,,51.32,205.28
113,東海,建築學系(A組),建築,39.18,215.5
113,東海,建築學系(B組),建築,42.36,233.0
113,東海,工業設計學系(A組),,40.4,202.0
113,東海,工業設計學系(B組),,37.4,187.0
113,東海,景觀學系(A組),,31.29,109.5
113,東海,景觀學系(B組),,33.0,115.5
113,東海,法律學系,法律,43.45,239.0
113,東海,國際學院國際經營管理學位學程,,28.25,113.0
113,東海,永續科學與管理學士學位學程,,29.75,119.0
114,東海,中國文學系,中文,33.5,134.0
114,東海,外國語文學系,外文,29.75,119.0
114,東海,歷史學系,歷史,42.6,213.0
114,東海,日本語言文化學系,化學,30.84,146.5
114,東海,哲學系,哲學,35.5,142.0
114,東海,應用物理學系,物理,34.0,102.0
114,東海,化學系化學組,化學,39.0,156.0
114,東海,化學系化學生物組,化學,35.75,143.0
114,東海,生命科學系生物醫學組,生命科學,32.0,176.0
114,東海,生命科學系生態暨生物多樣性組,生命科學,35.0,201.25
114,東海,智慧計算暨應用數學系,數學,32.6,163.0
114,東海,化學工程與材料工程學系,化學工程,30.0,150.0
114,東海,工業工程與經營資訊學系(智慧設計與生產組),工業工程,31.89,143.5
114,東海,工業工程與經營資訊學系(智慧經營與管理組),工業工程,32.0,144.0
114,東海,環境科學與工程學系,,32.4,162.0
114,東海,資訊工程學系,資訊工程,33.18,182.5
114,東海,電機工程學系,電機工程,39.25,157.0
114,東海,企業管理學系,企業管理,35.11,158.0
114,東海,國際經營與貿易學系,,29.77,193.5
114,東海,會計學系,會計,31.8,159.0
114,東海,財務金融學系,財務金融,31.71,111.0
114,東海,統計學系(巨量資料管理組),統計,30.5,122.0
114,東海,統計學系(決策管理組),統計,33.5,134.0
114,東海,資訊管理學系,資訊管理,38.0,190.0
114,東海,經濟學系,經濟,31.2,156.0
114,東海,政治學系,政治,33.61,193.25
114,東海,行政管理暨政策學系,,40.33,181.5
114,東海,社會學系,社會學,36.65,210.75
114,東海,社會工作學系,社會工作,35.11,158.0
114,東海,畜產與生物科技學系,,32.75,131.0
114,東海,食品科學系,,36.78,165.5
114,東海,餐旅管理學系,,23.0,86.25
114,東海,高齡健康與運動科學學士學位學程,,27.27,102.25
114,東海,美術學系,,42.75,256.5
114,東海,音樂學系,,25.5,102.0
114,東海,建築學系(A組),建築,38.73,213.0
114,東海,建築學系(B組),建築,44.55,245.0
114,東海,工業設計學系(A組),,39.2,196.0
114,東海,工業設計學系(B組),,36.4,182.0
114,東海,景觀學系(A組),,30.86,108.0
114,東海,景觀學系(B組),,34.43,120.5
114,東海,法律學系,法律,42.45,233.5
114,東海,國際學院國際經營管理學位學程,,26.88,114.25
114,東海,永續科學與管理學士學位學程,,32.75,131.0
115,東海,中國文學系,中文,36.75,147.0
115,東海,外國語文學系,外文,32.0,128.0
115,東海,歷史學系,歷史,45.6,228.0
115,東海,日本語言文化學系,化學,31.21,148.25
115,東海,哲學系,哲學,36.75,147.0
115,東海,應用物理學系(A組),物理,34.33,103.0
115,東海,應用物理學系(B組),物理,36.0,108.0
115,東海,化學系化學組,化學,38.75,155.0
115,東海,化學系化學生物組,化學,35.75,143.0
115,東海,生命科學系(生物醫學組),生命科學,31.36,172.5
115,東海,生命科學系(生態暨生物多樣性組),生命科學,33.13,190.5
115,東海,智慧計算暨應用數學系(A組),數學,33.2,166.0
115,東海,智慧計算暨應用數學系(B組),數學,36.2,181.0
115,東海,化學工程與材料工程學系,化學工程,30.2,151.0
115,東海,工業工程與經營資訊學系(智慧設計與生產組),工業工程,31.44,141.5
115,東海,工業工程與經營資訊學系(智慧經營與管理組),工業工程,34.67,156.0
115,東海,環境科學與工程學系,,32.1,160.5
115,東海,資訊工程學系,資訊工程,32.36,178.0
115,東海,電機工程學系,電機工程,37.0,166.5
115,東海,企業管理學系,企業管理,39.6,198.0
115,東海,國際經營與貿易學系,,35.1,175.5
115,東海,會計學系,會計,31.4,157.0
115,東海,財務金融學系,財務金融,29.71,104.0
115,東海,統計學系(巨量資料管理組),統計,30.16,143.25
115,東海,統計學系(決策管理組),統計,30.47,144.75
115,東海,資訊管理學系,資訊管理,36.2,181.0
115,東海,經濟學系,經濟,30.2,151.0
115,東海,政治學系,政治,36.61,210.5
115,東海,行政管理暨政策學系,,42.33,190.5
115,東海,社會學系,社會學,38.17,219.5
115,東海,社會工作學系,社會工作,36.44,164.0
115,東海,畜產與生物科技學系,,30.5,122.0
115,東海,食品科學系,,36.22,163.0
115,東海,餐旅管理學系,,31.93,119.75
115,東海,高齡健康與運動科學學士學位學程,,27.6,103.5
115,東海,美術學系,,36.17,217.0
115,東海,音樂學系,,36.0,144.0
115,東海,建築學系(A組),建築,39.82,219.0
115,東海,建築學系(B組),建築,40.18,221.0
115,東海,工業設計學系(A組),,37.0,185.0
115,東海,工業設計學系(B組),,40.0,200.0
115,東海,景觀學系,,30.0,105.0
115,東海,法律學系,法律,43.55,239.5
115,東海,國際學院國際經營管理學位學程,,32.0,128.0
115,東海,永續科學與管理學士學位學程,,32.0,128.0
101,清大,數學系純粹數學組,數學,78.56,392.8
101,清大,數學系應用數學組,數學,79.56,397.8
101,清大,物理學系物理組,物理,81.6,408.0
101,清大,物理學系光電物理組,光電,82.86,414.3
101,清大,化學系,化學,80.4,402.0
101,清大,生醫工程與環境科學系,生醫工程,79.44,397.2
101,清大,工程與系統科學系甲組,,80.38,401.9
101,清大,工程與系統科學系乙組,,80.12,400.6
101,清大,化學工程學系,化學工程,81.74,408.7
101,清大,動力機械工程學系甲組,機械工程,81.82,409.1
101,清大,動力機械工程學系乙組,機械工程,80.38,401.9
101,清大,材料科學工程學系,材料,82.7,413.5
101,清大,工業工程與工程管理學系,工業工程,79.3,396.5
101,清大,電機工程學系,電機工程,83.48,417.4
101,清大,資訊工程系甲組(電子資訊組),資訊工程,82.9,414.5
101,清大,資訊工程系乙組(資訊工程組),資訊工程,80.54,402.7
101,清大,生命科學系,生命科學,78.83,532.13
101,清大,計量財務金融學系甲組,財務金融,82.04,328.15
101,清大,計量財務金融學系乙組,財務金融,85.54,342.15
101,清大,經濟學系第1組,經濟,80.77,565.4
101,清大,經濟學系第2組,經濟,84.96,424.8
101,清大,中國文學系,中文,75.2,432.4
101,清大,外國語文學系,外文,78.85,473.1
101,清大,人文社會學院學士班,,77.44,542.05
101,清大,科技管理學院學士班,,80.8,242.4
101,清大,理學院學士班,,81.66,408.3
101,清大,工學院學士班,,82.3,411.5
101,清大,生命科學院學士班,,79.93,479.6
101,清大,電機資訊學院學士班,,83.82,419.1
101,清大,原子科學院學士班,,80.72,403.6
101,清大,醫學科學系,,80.06,520.4
102,清大,中國文學系,中文,77.49,445.55
102,清大,外國語文學系,外文,80.72,484.3
102,清大,人文社會學院學士班,,78.96,552.7
102,清大,經濟學系第1組,經濟,81.94,573.6
102,清大,經濟學系第2組,經濟,84.44,422.2
102,清大,科技管理學院學士班,,77.09,539.6
102,清大,計量財務金融學系甲組,財務金融,81.99,327.95
102,清大,計量財務金融學系乙組,財務金融,85.14,340.55
102,清大,數學系數學組,數學,76.28,476.73
102,清大,數學系應用數學組,數學,75.77,473.55
102,清大,物理學系物理組,物理,78.18,390.9
102,清大,物理學系光電物理組,光電,80.86,404.3
102,清大,化學系,化學,76.66,383.3
102,清大,理學院學士班,,77.82,389.1
102,清大,生醫工程與環境科學系,生醫工程,75.5,377.5
102,清大,工程與系統科學系甲組,,76.76,383.8
102,清大,工程與系統科學系乙組,,76.5,382.5
102,清大,原子科學院學士班,,76.82,384.1
102,清大,化學工程學系,化學工程,79.02,395.1
102,清大,動力機械工程學系甲組,機械工程,81.1,405.5
102,清大,動力機械工程學系乙組,機械工程,78.2,391.0
102,清大,材料科學工程學系,材料,80.68,403.4
102,清大,工業工程與工程管理學系,工業工程,75.18,375.9
102,清大,工學院學士班,,80.02,400.1
102,清大,電機工程學系甲組,電機工程,82.56,412.8
102,清大,電機工程學系乙組,電機工程,82.48,536.1
102,清大,資訊工程學系甲組(電子資訊組),資訊工程,81.0,405.0
102,清大,資訊工程學系乙組(資訊工程組),資訊工程,76.6,383.0
102,清大,電機資訊學院學士班,,81.94,409.7
102,清大,生命科學系,生命科學,76.57,516.85
102,清大,醫學科學系,,77.8,505.7
102,清大,生命科學院學士班,,77.25,463.5
103,清大,中國文學系,中文,78.48,451.25
103,清大,外國語文學系,外文,81.47,488.8
103,清大,人文社會學院學士班,,79.61,557.3
103,清大,經濟學系第1組,經濟,83.54,584.8
103,清大,經濟學系第2組,經濟,86.04,430.2
103,清大,科技管理學院學士班,,74.86,524.0
103,清大,計量財務金融學系甲組,財務金融,77.16,308.65
103,清大,計量財務金融學系乙組,財務金融,85.8,343.2
103,清大,數學系數學組,數學,73.61,460.05
103,清大,數學系應用數學組,數學,73.87,461.68
103,清大,物理學系物理組,物理,76.32,381.6
103,清大,物理學系光電物理組,光電,78.46,392.3
103,清大,化學系,化學,75.46,377.3
103,清大,理學院學士班,,76.12,380.6
103,清大,生醫工程與環境科學系,生醫工程,73.9,369.5
103,清大,工程與系統科學系甲組,,75.34,376.7
103,清大,工程與系統科學系乙組,,74.12,370.6
103,清大,原子科學院學士班,,74.78,373.9
103,清大,化學工程學系,化學工程,77.94,389.7
103,清大,動力機械工程學系甲組,機械工程,79.5,397.5
103,清大,動力機械工程學系乙組,機械工程,77.5,387.5
103,清大,材料科學工程學系,材料,79.3,396.5
103,清大,工業工程與工程管理學系,工業工程,74.01,444.05
103,清大,工學院學士班,,78.8,394.0
103,清大,電機工程學系甲組,電機工程,82.08,410.4
103,清大,電機工程學系乙組,電機工程,80.75,524.85
103,清大,資訊工程學系甲組(電子資訊組),資訊工程,79.0,395.0
103,清大,資訊工程學系乙組(資訊工程組),資訊工程,75.68,378.4
103,清大,電機資訊學院學士班,,79.18,395.9
103,清大,生命科學系,生命科學,74.81,504.98
103,清大,醫學科學系,,76.13,494.85
103,清大,生命科學院學士班,,74.97,449.8
104,清大,中國文學系,中文,72.17,414.95
104,清大,外國語文學系,外文,75.75,454.5
104,清大,人文社會學院學士班,,73.99,443.95
104,清大,經濟學系第1組,經濟,75.56,528.9
104,清大,經濟學系第2組,經濟,75.02,375.1
104,清大,科技管理學院學士班,,72.04,504.3
104,清大,計量財務金融學系甲組,財務金融,73.69,294.75
104,清大,計量財務金融學系乙組,財務金融,77.04,308.15
104,清大,數學系數學組,數學,72.8,455.03
104,清大,數學系應用數學組,數學,72.42,452.6
104,清大,物理學系物理組,物理,75.08,375.4
104,清大,物理學系光電物理組,光電,75.86,379.3
104,清大,化學系,化學,73.54,367.7
104,清大,理學院學士班,,74.82,374.1
104,清大,生醫工程與環境科學系,生醫工程,72.0,360.0
104,清大,工程與系統科學系甲組,,73.36,366.8
104,清大,工程與系統科學系乙組,,72.88,364.4
104,清大,原子科學院學士班,,72.22,361.1
104,清大,化學工程學系,化學工程,75.6,378.0
104,清大,動力機械工程學系甲組,機械工程,77.58,387.9
104,清大,動力機械工程學系乙組,機械工程,76.34,381.7
104,清大,材料科學工程學系,材料,77.1,385.5
104,清大,工業工程與工程管理學系,工業工程,71.24,427.45
104,清大,工學院學士班,,76.46,382.3
104,清大,電機工程學系甲組,電機工程,79.98,399.9
104,清大,電機工程學系乙組,電機工程,78.18,508.2
104,清大,資訊工程學系甲組(電子資訊組),資訊工程,77.56,387.8
104,清大,資訊工程學系乙組(資訊工程組),資訊工程,74.4,372.0
104,清大,電機資訊學院學士班,,77.12,385.6
104,清大,生命科學系,生命科學,72.97,419.6
104,清大,醫學科學系,,76.26,419.43
104,清大,生命科學院學士班,,72.96,364.8
105,清大,中國文學系,中文,73.12,420.45
105,清大,外國語文學系,外文,77.35,464.1
105,清大,人文社會學院學士班,,75.34,452.05
105,清大,經濟學系第1組,經濟,79.06,553.4
105,清大,經濟學系第2組,經濟,82.2,411.0
105,清大,科技管理學院學士班,,73.59,515.1
105,清大,計量財務金融學系甲組,財務金融,75.85,303.4
105,清大,計量財務金融學系乙組,財務金融,83.66,334.65
105,清大,數學系數學組,數學,74.46,465.35
105,清大,數學系應用數學組,數學,74.8,467.48
105,清大,物理學系物理組,物理,77.54,387.7
105,清大,物理學系光電物理組,光電,77.28,386.4
105,清大,化學系,化學,75.48,377.4
105,清大,理學院學士班,,76.44,382.2
105,清大,生醫工程與環境科學系,生醫工程,74.22,371.1
105,清大,工程與系統科學系甲組,,75.58,377.9
105,清大,工程與系統科學系乙組,,75.42,377.1
105,清大,原子科學院學士班,,74.94,374.7
105,清大,化學工程學系,化學工程,77.48,387.4
105,清大,動力機械工程學系甲組,機械工程,79.74,398.7
105,清大,動力機械工程學系乙組,機械工程,78.56,392.8
105,清大,材料科學工程學系,材料,79.4,397.0
105,清大,工業工程與工程管理學系,工業工程,74.13,444.8
105,清大,工學院學士班,,78.7,393.5
105,清大,電機工程學系甲組,電機工程,82.34,411.7
105,清大,電機工程學系乙組,電機工程,80.05,520.35
105,清大,資訊工程學系甲組(電子資訊組),資訊工程,79.96,399.8
105,清大,資訊工程學系乙組(資訊工程組),資訊工程,77.12,385.6
105,清大,電機資訊學院學士班,,79.85,519.0
105,清大,生命科學系,生命科學,75.52,434.25
105,清大,醫學科學系,,80.33,522.15
105,清大,生命科學院學士班,,76.36,381.8
106,清大,中國文學系甲組(一般組),中文,75.73,435.43
106,清大,中國文學系乙組(華語文教學組),中文,75.96,455.75
106,清大,外國語文學系,外文,78.8,472.8
106,清大,人文社會學院學士班,,76.73,460.4
106,清大,教育與學習科技學系,,74.62,410.4
106,清大,教育與學習科技學系(公費)-新竹市,,86.43,475.35
106,清大,幼兒教育學系,,71.11,373.33
106,清大,幼兒教育學系(公費)-新竹市,,80.89,647.1
106,清大,特殊教育學系,,70.76,513.0
106,清大,教育心理與諮商學系,心理,75.84,379.2
106,清大,環境與文化資源學系,,75.61,491.45
106,清大,英語教學系,外文,73.48,514.35
106,清大,經濟學系第1組,經濟,81.91,573.4
106,清大,經濟學系第2組,經濟,83.28,416.4
106,清大,科技管理學院學士班,,73.34,513.35
106,清大,計量財務金融學系甲組,財務金融,73.89,295.55
106,清大,計量財務金融學系乙組,財務金融,84.2,336.8
106,清大,數學系數學組,數學,73.83,461.45
106,清大,數學系應用數學組,數學,75.48,471.75
106,清大,物理學系物理組(一般組),物理,75.06,375.3
106,清大,物理學系物理組(天文物理組),物理,76.04,380.2
106,清大,物理學系光電物理組,光電,74.76,373.8
106,清大,化學系,化學,73.96,369.8
106,清大,理學院學士班,,75.58,377.9
106,清大,生醫工程與環境科學系,生醫工程,73.24,366.2
106,清大,工程與系統科學系甲組,,74.58,372.9
106,清大,工程與系統科學系乙組,,74.4,372.0
106,清大,原子科學院學士班,,73.98,369.9
106,清大,化學工程學系,化學工程,75.58,377.9
106,清大,動力機械工程學系甲組,機械工程,77.8,389.0
106,清大,動力機械工程學系乙組,機械工程,76.76,383.8
106,清大,材料科學工程學系甲組,材料,79.34,396.7
106,清大,材料科學工程學系乙組,材料,76.2,381.0
106,清大,工業工程與工程管理學系,工業工程,73.43,440.55
106,清大,工學院學士班,,76.86,384.3
106,清大,電機工程學系甲組,電機工程,80.96,404.8
106,清大,電機工程學系乙組,電機工程,81.0,526.5
106,清大,資訊工程學系甲組(電子資訊組),資訊工程,79.6,398.0
106,清大,資訊工程學系乙組(資訊工程組),資訊工程,77.32,386.6
106,清大,電機資訊學院學士班,,79.41,555.85
106,清大,生命科學系,生命科學,74.5,428.35
106,清大,醫學科學系,,77.07,500.95
106,清大,生命科學院學士班,,74.9,374.5
107,清大,中國文學系甲組(一般組),中文,75.6,434.68
107,清大,中國文學系乙組(華語文教學組),中文,74.98,449.85
107,清大,外國語文學系,外文,78.63,471.8
107,清大,人文社會學院學士班,,75.88,455.3
107,清大,教育與學習科技學系(自費),,73.97,517.8
107,清大,教育與學習科技學系(公費)-臺中市,,83.77,586.4
107,清大,幼兒教育學系,,72.88,437.28
107,清大,特殊教育學系,,71.66,465.8
107,清大,教育心理與諮商學系,心理,78.16,390.8
107,清大,環境與文化資源學系,,74.78,486.1
107,清大,英語教學系,外文,73.9,517.3
107,清大,竹師教育學院學士班,,78.84,394.2
107,清大,經濟學系第1組,經濟,80.94,566.6
107,清大,經濟學系第2組,經濟,83.6,418.0
107,清大,科技管理學院學士班,,76.51,535.6
107,清大,計量財務金融學系甲組,財務金融,80.26,321.03
107,清大,計量財務金融學系乙組,財務金融,85.9,343.6
107,清大,數學系數學組,數學,76.72,479.53
107,清大,數學系應用數學組,數學,78.94,493.4
107,清大,物理學系物理組(甲組一般組),物理,79.21,396.05
107,清大,物理學系物理組(乙組天文物理組),物理,80.26,401.3
107,清大,物理學系光電物理組,光電,78.22,391.1
107,清大,化學系,化學,77.14,385.7
107,清大,理學院學士班,,78.76,393.8
107,清大,生醫工程與環境科學系,生醫工程,75.53,377.67
107,清大,工程與系統科學系甲組,,77.99,389.95
107,清大,工程與系統科學系乙組,,77.95,389.73
107,清大,原子科學院學士班,,77.31,386.55
107,清大,化學工程學系,化學工程,78.63,393.15
107,清大,動力機械工程學系甲組,機械工程,81.42,407.1
107,清大,動力機械工程學系乙組,機械工程,80.33,401.65
107,清大,材料科學工程學系甲組,材料,82.19,410.95
107,清大,材料科學工程學系乙組,材料,80.47,402.35
107,清大,工業工程與工程管理學系,工業工程,76.37,458.2
107,清大,工學院學士班,,80.58,402.9
107,清大,電機工程學系甲組,電機工程,85.35,426.75
107,清大,電機工程學系乙組,電機工程,82.6,536.88
107,清大,資訊工程學系甲組(電子資訊組),資訊工程,83.39,416.95
107,清大,資訊工程學系乙組(資訊工程組),資訊工程,80.7,403.5
107,清大,電機資訊學院學士班,,84.38,421.9
107,清大,生命科學系,生命科學,71.24,409.65
107,清大,醫學科學系,,74.5,484.28
107,清大,生命科學院學士班,,73.69,368.45
107,清大,藝術與設計學系設計組,,74.83,299.3
107,清大,藝術與設計學系創作組,,72.81,291.25
108,清大,中國文學系甲組(一般組),中文,77.34,444.71
108,清大,中國文學系乙組(華語文教學組),中文,76.74,460.43
108,清大,外國語文學系,外文,80.13,480.8
108,清大,人文社會學院學士班,,79.06,474.35
108,清大,教育與學習科技學系,,78.48,470.9
108,清大,幼兒教育學系,,77.44,387.18
108,清大,特殊教育學系,,77.0,539.0
108,清大,教育心理與諮商學系,心理,81.9,409.5
108,清大,英語教學系,外文,77.91,506.4
108,清大,體育學系,,79.5,357.75
108,清大,竹師教育學院學士班甲組(雙專長組),,82.84,414.2
108,清大,竹師教育學院學士班乙組(永續發展教育組),,82.1,410.5
108,清大,經濟學系第1組,經濟,82.19,575.3
108,清大,經濟學系第2組,經濟,86.6,433.0
108,清大,科技管理學院學士班,,77.31,541.2
108,清大,計量財務金融學系甲組,財務金融,79.75,318.98
108,清大,計量財務金融學系乙組,財務金融,89.27,357.08
108,清大,數學系甲組(數學組),數學,76.64,536.45
108,清大,數學系乙組(應用數學組),數學,76.07,532.5
108,清大,物理學系物理組(甲組一般組),物理,78.72,393.58
108,清大,物理學系物理組(乙組天文物理組),物理,79.24,396.2
108,清大,物理學系光電物理組,光電,78.33,391.65
108,清大,化學系,化學,77.08,385.4
108,清大,理學院學士班,,78.16,390.8
108,清大,生醫工程與環境科學系,生醫工程,76.49,382.45
108,清大,工程與系統科學系甲組(低碳綠能組),,77.52,387.6
108,清大,工程與系統科學系乙組(智慧奈米系統組),,78.09,390.45
108,清大,原子科學院學士班,,77.22,386.1
108,清大,化學工程學系,化學工程,78.62,393.1
108,清大,動力機械工程學系甲組,機械工程,79.44,397.2
108,清大,動力機械工程學系乙組,機械工程,79.05,395.25
108,清大,材料科學工程學系甲組,材料,81.27,406.35
108,清大,材料科學工程學系乙組,材料,80.78,403.9
108,清大,工業工程與工程管理學系,工業工程,75.95,455.68
108,清大,工學院學士班,,80.69,403.45
108,清大,電機工程學系甲組,電機工程,84.32,421.6
108,清大,電機工程學系乙組,電機工程,83.15,540.45
108,清大,資訊工程學系甲組(電子資訊組),資訊工程,83.78,418.9
108,清大,資訊工程學系乙組(資訊工程組),資訊工程,81.66,408.3
108,清大,資訊工程學系丙組(人工智慧組),資訊工程,82.23,411.15
108,清大,電機資訊學院學士班,,84.02,420.08
108,清大,生命科學系,生命科學,72.24,415.39
108,清大,醫學科學系,,76.53,497.45
108,清大,生命科學院學士班,,75.74,378.7
108,清大,藝術與設計學系創作組,,77.94,311.75
108,清大,藝術與設計學系設計組,,79.16,316.65
108,清大,藝術學院學士班,,83.41,354.5
109,清大,中國文學系甲組(一般組),中文,72.01,414.05
109,清大,中國文學系乙組(華語文教學組),中文,71.91,431.43
109,清大,外國語文學系,外文,76.13,456.8
109,清大,人文社會學院學士班,,74.69,448.13
109,清大,教育與學習科技學系(自費),,72.83,437.0
109,清大,教育與學習科技學系(公費)-臺中市,,76.59,612.7
109,清大,幼兒教育學系,,71.6,358.0
109,清大,特殊教育學系,,72.27,505.9
109,清大,教育心理與諮商學系,心理,77.0,385.0
109,清大,英語教學系(自費),外文,73.37,476.9
109,清大,英語教學系(公費)-新竹縣,外文,77.0,500.5
109,清大,運動科學系,,79.44,357.5
109,清大,竹師教育學院學士班甲組(雙專長組),,79.26,396.3
109,清大,竹師教育學院學士班乙組(永續發展教育組),,77.98,389.9
109,清大,經濟學系第1組,經濟,79.23,554.6
109,清大,經濟學系第2組,經濟,84.28,421.4
109,清大,科技管理學院學士班,,75.13,525.9
109,清大,計量財務金融學系甲組,財務金融,75.35,301.4
109,清大,計量財務金融學系乙組,財務金融,86.45,345.78
109,清大,數學系甲組(數學組),數學,73.56,514.9
109,清大,數學系乙組(應用數學組),數學,72.58,508.05
109,清大,物理學系物理組(甲組一般組),物理,76.59,382.95
109,清大,物理學系物理組(乙組天文物理組),物理,77.96,389.8
109,清大,物理學系光電物理組,光電,76.12,380.6
109,清大,化學系,化學,74.26,371.3
109,清大,理學院學士班,,77.51,387.55
109,清大,生醫工程與環境科學系,生醫工程,73.26,366.3
109,清大,工程與系統科學系甲組(低碳綠能組),,75.06,375.3
109,清大,工程與系統科學系乙組(智慧奈米系統組),,76.41,382.05
109,清大,原子科學院學士班,,75.05,375.25
109,清大,化學工程學系,化學工程,77.24,386.2
109,清大,動力機械工程學系甲組,機械工程,78.7,393.5
109,清大,動力機械工程學系乙組,機械工程,76.71,383.55
109,清大,材料科學工程學系甲組,材料,82.14,533.88
109,清大,材料科學工程學系乙組,材料,80.17,521.1
109,清大,工業工程與工程管理學系,工業工程,73.16,438.93
109,清大,工學院學士班,,78.12,390.6
109,清大,電機工程學系甲組,電機工程,83.09,415.45
109,清大,電機工程學系乙組,電機工程,80.54,523.5
109,清大,資訊工程學系甲組(電子資訊組),資訊工程,81.77,408.87
109,清大,資訊工程學系乙組(資訊工程組),資訊工程,80.11,400.55
109,清大,資訊工程學系丙組(人工智慧組),資訊工程,80.6,403.0
109,清大,電機資訊學院學士班甲組,,83.61,418.05
109,清大,電機資訊學院學士班乙組,,82.11,410.55
109,清大,生命科學系,生命科學,72.73,418.2
109,清大,醫學科學系,,77.81,505.75
109,清大,生命科學院學士班,,72.36,361.8
109,清大,藝術與設計學系創作組,,76.04,304.15
109,清大,藝術與設計學系設計組,,77.14,308.55
109,清大,藝術學院學士班,,79.38,317.53
110,清大,中國文學系甲組(一般組),中文,76.18,438.06
110,清大,中國文學系乙組(華語文教學組),中文,75.78,454.68
110,清大,外國語文學系,外文,80.42,482.5
110,清大,人文社會學院學士班,,77.31,463.83
110,清大,教育與學習科技學系,,76.78,460.7
110,清大,幼兒教育學系,,75.18,375.88
110,清大,特殊教育學系,,72.87,510.1
110,清大,教育心理與諮商學系,心理,79.78,398.9
110,清大,英語教學系,外文,77.12,501.3
110,清大,運動科學系,,79.33,357.0
110,清大,竹師教育學院學士班甲組(雙專長組),,73.55,294.2
110,清大,竹師教育學院學士班乙組(永續發展教育組),,78.56,392.8
110,清大,經濟學系第1組,經濟,82.51,577.6
110,清大,經濟學系第2組,經濟,84.02,420.1
110,清大,科技管理學院學士班,,71.29,499.0
110,清大,計量財務金融學系甲組,財務金融,78.03,312.1
110,清大,計量財務金融學系乙組,財務金融,87.6,350.38
110,清大,數學系甲組(數學組),數學,68.79,481.55
110,清大,數學系乙組(應用數學組),數學,68.34,478.4
110,清大,物理學系物理組(甲組一般組),物理,73.54,367.7
110,清大,物理學系物理組(乙組天文物理組),物理,74.24,371.2
110,清大,物理學系光電物理組,光電,73.56,367.8
110,清大,化學系,化學,71.9,359.5
110,清大,理學院學士班,,74.37,371.85
110,清大,生醫工程與環境科學系,生醫工程,69.34,346.7
110,清大,工程與系統科學系甲組(低碳綠能組),,73.02,365.1
110,清大,工程與系統科學系乙組(智慧奈米系統組),,73.66,368.3
110,清大,原子科學院學士班,,72.58,362.9
110,清大,化學工程學系,化學工程,74.52,372.6
110,清大,動力機械工程學系甲組,機械工程,74.74,373.7
110,清大,動力機械工程學系乙組,機械工程,73.12,365.6
110,清大,材料科學工程學系甲組,材料,80.2,521.28
110,清大,材料科學工程學系乙組,材料,76.37,496.38
110,清大,工業工程與工程管理學系,工業工程,70.76,424.58
110,清大,工學院學士班,,74.67,373.35
110,清大,電機工程學系甲組,電機工程,80.86,404.3
110,清大,電機工程學系乙組,電機工程,77.32,502.6
110,清大,資訊工程學系甲組(電子資訊組),資訊工程,79.52,397.6
110,清大,資訊工程學系乙組(資訊工程組),資訊工程,76.66,383.3
110,清大,資訊工程學系丙組(人工智慧組),資訊工程,77.8,389.0
110,清大,電機資訊學院學士班甲組,,82.78,413.9
110,清大,電機資訊學院學士班乙組,,79.63,398.15
110,清大,生命科學系,生命科學,70.26,403.98
110,清大,醫學科學系,,74.56,484.65
110,清大,生命科學院學士班,,71.83,359.15
110,清大,藝術與設計學系創作組,,76.7,306.8
110,清大,藝術與設計學系設計組,,78.9,315.6
110,清大,藝術學院學士班,,79.06,316.25
111,清大,中國文學系甲組(一般組),中文,45.22,260.0
111,清大,中國文學系乙組(華語文教學組),中文,44.33,266.0
111,清大,外國語文學系,外文,45.83,275.0
111,清大,人文社會學院學士班,,46.83,281.0
111,清大,教育與學習科技學系,,45.33,272.0
111,清大,幼兒教育學系,,41.54,270.0
111,清大,特殊教育學系,,45.17,271.0
111,清大,教育心理與諮商學系,心理,47.25,283.5
111,清大,英語教學系,外文,44.0,286.0
111,清大,運動科學系,,44.11,198.5
111,清大,竹師教育學院學士班甲組(雙專長組),,47.85,311.0
111,清大,竹師教育學院學士班乙組(永續發展教育組),,45.59,330.5
111,清大,經濟學系第1組,經濟,44.0,220.0
111,清大,經濟學系第2組,經濟,43.86,307.0
111,清大,科技管理學院學士班,,41.0,143.5
111,清大,計量財務金融學系,財務金融,46.25,185.0
111,清大,數學系甲組(數學組),數學,39.36,275.5
111,清大,數學系乙組(應用數學組),數學,39.0,273.0
111,清大,物理學系物理組(甲組一般組),物理,44.92,269.5
111,清大,物理學系物理組(乙組天文物理組),物理,45.0,270.0
111,清大,物理學系光電物理組,光電,45.25,271.5
111,清大,化學系,化學,44.6,223.0
111,清大,理學院學士班,,44.2,221.0
111,清大,生醫工程與環境科學系,生醫工程,42.6,213.0
111,清大,工程與系統科學系甲組(低碳綠能組),,45.6,228.0
111,清大,工程與系統科學系乙組(智慧奈米系統組),,47.0,235.0
111,清大,原子科學院學士班,,44.6,223.0
111,清大,化學工程學系,化學工程,44.0,132.0
111,清大,動力機械工程學系甲組,機械工程,47.4,237.0
111,清大,動力機械工程學系乙組,機械工程,45.4,227.0
111,清大,材料科學工程學系甲組,材料,49.33,148.0
111,清大,材料科學工程學系乙組,材料,46.67,140.0
111,清大,工業工程與工程管理學系,工業工程,43.17,259.0
111,清大,工學院學士班,,47.0,235.0
111,清大,電機工程學系甲組,電機工程,53.25,213.0
111,清大,電機工程學系乙組,電機工程,49.33,148.0
111,清大,資訊工程學系甲組(電子資訊組),資訊工程,51.2,256.0
111,清大,資訊工程學系乙組(資訊工程組),資訊工程,49.0,245.0
111,清大,資訊工程學系丙組(人工智慧組),資訊工程,49.8,249.0
111,清大,電機資訊學院學士班甲組,,53.6,268.0
111,清大,電機資訊學院學士班乙組,,50.4,252.0
111,清大,生命科學系,生命科學,39.17,225.25
111,清大,醫學科學系,,43.23,281.0
111,清大,生命科學院學士班,,35.25,141.0
111,清大,藝術與設計學系創作組,,46.0,184.0
111,清大,藝術與設計學系設計組,,47.13,188.5
111,清大,藝術學院學士班,,42.67,192.0
112,清大,中國文學系甲組(一般組),中文,46.7,268.5
112,清大,中國文學系乙組(華語文教學組),中文,45.83,275.0
112,清大,外國語文學系,外文,47.0,305.5
112,清大,人文社會學院學士班,,45.54,296.0
112,清大,教育與學習科技學系,,46.17,277.0
112,清大,幼兒教育學系,,47.6,357.0
112,清大,特殊教育學系,,46.67,280.0
112,清大,教育心理與諮商學系甲組,心理,47.67,286.0
112,清大,教育心理與諮商學系乙組,心理,49.0,294.0
112,清大,英語教學系,外文,45.85,298.0
112,清大,運動科學系,,46.72,210.25
112,清大,竹師教育學院學士班甲組(雙專長組),,48.31,314.0
112,清大,竹師教育學院學士班乙組(永續發展教育組),,45.97,333.25
112,清大,經濟學系第1組,經濟,45.0,225.0
112,清大,經濟學系第2組,經濟,46.71,327.0
112,清大,科技管理學院學士班,,44.89,202.0
112,清大,計量財務金融學系,財務金融,47.0,188.0
112,清大,數學系甲組(數學組),數學,45.5,318.5
112,清大,數學系乙組(應用數學組),數學,45.14,316.0
112,清大,物理學系物理組(甲組一般組),物理,47.25,283.5
112,清大,物理學系物理組(乙組天文物理組),物理,47.5,285.0
112,清大,物理學系光電物理組,光電,48.17,289.0
112,清大,化學系,化學,46.6,233.0
112,清大,理學院學士班,,46.4,232.0
112,清大,生醫工程與環境科學系,生醫工程,45.6,228.0
112,清大,工程與系統科學系甲組(低碳綠能組),,47.4,237.0
112,清大,工程與系統科學系乙組(智慧奈米系統組),,48.2,241.0
112,清大,原子科學院學士班,,46.6,233.0
112,清大,化學工程學系,化學工程,48.0,240.0
112,清大,動力機械工程學系甲組,機械工程,49.8,249.0
112,清大,動力機械工程學系乙組,機械工程,47.4,237.0
112,清大,材料科學工程學系甲組,材料,50.5,202.0
112,清大,材料科學工程學系乙組,材料,49.25,197.0
112,清大,工業工程與工程管理學系,工業工程,45.17,271.0
112,清大,工學院學士班,,48.8,244.0
112,清大,電機工程學系甲組,電機工程,55.5,222.0
112,清大,電機工程學系乙組,電機工程,51.67,155.0
112,清大,資訊工程學系甲組(電子資訊組),資訊工程,52.8,264.0
112,清大,資訊工程學系乙組(資訊工程組),資訊工程,50.4,252.0
112,清大,資訊工程學系丙組(人工智慧組),資訊工程,51.0,255.0
112,清大,電機資訊學院學士班甲組,,54.4,272.0
112,清大,電機資訊學院學士班乙組,,52.0,260.0
112,清大,生命科學系,生命科學,42.96,247.0
112,清大,醫學科學系,,44.77,291.0
112,清大,生命科學暨醫學院學士班,,41.5,166.0
112,清大,藝術與設計學系創作組,,51.31,307.86
112,清大,藝術與設計學系設計組,,49.0,196.0
112,清大,藝術學院學士班,,46.7,233.5
113,清大,中國文學系甲組(一般組),中文,44.52,256.0
113,清大,中國文學系乙組(華語文教學組),中文,44.33,266.0
113,清大,外國語文學系,外文,46.69,303.5
113,清大,人文社會學院學士班,,45.69,297.0
113,清大,教育與學習科技學系,,45.5,273.0
113,清大,幼兒教育學系,,47.33,355.0
113,清大,特殊教育學系,,47.17,283.0
113,清大,教育心理與諮商學系甲組,心理,48.08,288.5
113,清大,教育心理與諮商學系乙組,心理,49.42,296.5
113,清大,英語教學系,外文,44.46,289.0
113,清大,運動科學系,,47.39,213.25
113,清大,竹師教育學院學士班甲組(雙專長組),,51.56,232.0
113,清大,竹師教育學院學士班乙組(永續發展教育組),,46.45,336.75
113,清大,經濟學系第1組,經濟,47.2,236.0
113,清大,經濟學系第2組,經濟,46.14,323.0
113,清大,科技管理學院學士班,,45.89,206.5
113,清大,計量財務金融學系,財務金融,48.63,194.5
113,清大,數學系甲組(數學組),數學,46.36,324.5
113,清大,數學系乙組(應用數學組),數學,46.64,326.5
113,清大,物理學系物理組(甲組一般組),物理,48.92,293.5
113,清大,物理學系物理組(乙組天文物理組),物理,49.83,299.0
113,清大,物理學系光電物理組,光電,50.17,301.0
113,清大,化學系,化學,48.2,241.0
113,清大,理學院學士班,,49.04,282.0
113,清大,生醫工程與環境科學系,生醫工程,46.6,233.0
113,清大,工程與系統科學系甲組(低碳綠能組),,49.2,246.0
113,清大,工程與系統科學系乙組(智慧奈米系統組),,50.0,250.0
113,清大,原子科學院學士班,,48.6,243.0
113,清大,化學工程學系,化學工程,49.6,248.0
113,清大,動力機械工程學系甲組,機械工程,50.8,254.0
113,清大,動力機械工程學系乙組,機械工程,49.4,247.0
113,清大,材料科學工程學系甲組,材料,53.5,214.0
113,清大,材料科學工程學系乙組,材料,50.75,203.0
113,清大,工業工程與工程管理學系,工業工程,46.8,234.0
113,清大,工學院學士班,,50.4,252.0
113,清大,電機工程學系甲組,電機工程,56.0,224.0
113,清大,電機工程學系乙組,電機工程,54.0,162.0
113,清大,資訊工程學系甲組(電子資訊組),資訊工程,53.0,265.0
113,清大,資訊工程學系乙組(資訊工程組),資訊工程,52.2,261.0
113,清大,資訊工程學系丙組(人工智慧組),資訊工程,52.2,261.0
113,清大,電機資訊學院學士班甲組,,54.4,272.0
113,清大,電機資訊學院學士班乙組,,52.8,264.0
113,清大,生命科學系,生命科學,44.65,256.75
113,清大,醫學科學系,,48.38,314.5
113,清大,生命科學暨醫學院學士班,,44.5,178.0
113,清大,藝術與設計學系創作組,,48.48,290.88
113,清大,藝術與設計學系設計組,,49.13,196.5
113,清大,藝術學院學士班,,46.9,234.5
114,清大,中國文學系甲組(一般組),中文,43.61,250.75
114,清大,中國文學系乙組(華語文教學組),中文,43.83,263.0
114,清大,外國語文學系,外文,46.46,302.0
114,清大,人文社會學院學士班,,46.46,302.0
114,清大,教育與學習科技學系,,45.5,273.0
114,清大,幼兒教育學系,,46.53,349.0
114,清大,特殊教育學系,,46.33,278.0
114,清大,教育心理與諮商學系甲組,心理,49.83,299.0
114,清大,教育心理與諮商學系乙組,心理,49.33,296.0
114,清大,英語教學系,外文,44.08,286.5
114,清大,運動科學系,,48.11,216.5
114,清大,竹師教育學院學士班,,51.22,230.5
114,清大,環境與文化資源學系,,46.14,334.5
114,清大,經濟學系第1組,經濟,48.0,240.0
114,清大,經濟學系第2組,經濟,47.14,330.0
114,清大,科技管理學院學士班,,48.0,192.0
114,清大,計量財務金融學系甲組,財務金融,50.63,202.5
114,清大,計量財務金融學系乙組,財務金融,54.38,217.5
114,清大,數學系甲組(數學組),數學,47.5,285.0
114,清大,數學系乙組(應用數學組),數學,48.08,288.5
114,清大,物理學系物理組(甲組一般組),物理,50.5,303.0
114,清大,物理學系物理組(乙組天文物理組),物理,53.33,320.0
114,清大,物理學系光電物理組,光電,51.0,306.0
114,清大,化學系,化學,49.6,248.0
114,清大,理學院學士班,,50.78,292.0
114,清大,生醫工程與環境科學系,生醫工程,48.0,240.0
114,清大,工程與系統科學系甲組(低碳綠能組),,50.4,252.0
114,清大,工程與系統科學系乙組(智慧奈米系統組),,51.0,255.0
114,清大,原子科學院學士班,,50.2,251.0
114,清大,化學工程學系,化學工程,50.6,253.0
114,清大,動力機械工程學系甲組,機械工程,51.6,258.0
114,清大,動力機械工程學系乙組,機械工程,50.6,253.0
114,清大,材料科學工程學系甲組,材料,54.25,217.0
114,清大,材料科學工程學系乙組,材料,52.25,209.0
114,清大,工業工程與工程管理學系,工業工程,48.4,242.0
114,清大,工學院學士班,,51.4,257.0
114,清大,電機工程學系甲組,電機工程,56.75,227.0
114,清大,電機工程學系乙組,電機工程,56.33,169.0
114,清大,資訊工程學系甲組(電子資訊組),資訊工程,54.0,270.0
114,清大,資訊工程學系乙組(資訊工程組),資訊工程,52.4,262.0
114,清大,資訊工程學系丙組(人工智慧組),資訊工程,52.4,262.0
114,清大,電機資訊學院學士班甲組,,55.4,277.0
114,清大,電機資訊學院學士班乙組,,53.6,268.0
114,清大,生命科學系,生命科學,46.65,268.25
114,清大,醫學科學系,,49.69,323.0
114,清大,生命科學暨醫學院學士班,,46.75,187.0
114,清大,藝術與設計學系創作組,,50.13,300.76
114,清大,藝術與設計學系設計組,,47.88,191.5
114,清大,藝術學院學士班,,48.63,194.5
115,清大,中國文學系甲組(一般組),中文,45.26,260.25
115,清大,中國文學系乙組(華語文教學組),中文,44.92,269.5
115,清大,外國語文學系,外文,47.23,307.0
115,清大,人文社會學院學士班,,47.62,309.5
115,清大,教育與學習科技學系,,45.67,274.0
115,清大,幼兒教育學系,,47.4,355.5
115,清大,特殊教育學系,,47.0,282.0
115,清大,教育心理與諮商學系甲組,心理,47.42,284.5
115,清大,教育心理與諮商學系乙組,心理,49.58,297.5
115,清大,英語教學系,外文,45.0,292.5
115,清大,運動科學系,,46.56,209.5
115,清大,竹師教育學院學士班,,50.67,228.0
115,清大,環境與文化資源學系,,46.79,339.25
115,清大,經濟學系第1組,經濟,46.4,232.0
115,清大,經濟學系第2組,經濟,48.0,336.0
115,清大,科技管理學院學士班,,46.0,184.0
115,清大,計量財務金融學系甲組,財務金融,49.63,198.5
115,清大,計量財務金融學系乙組,財務金融,54.13,216.5
115,清大,數學系甲組(數學組),數學,44.83,269.0
115,清大,數學系乙組(應用數學組),數學,45.17,271.0
115,清大,物理學系物理組(甲組一般組),物理,48.33,290.0
115,清大,物理學系物理組(乙組天文物理組),物理,49.92,299.5
115,清大,物理學系光電物理組,光電,50.0,300.0
115,清大,化學系,化學,48.2,241.0
115,清大,理學院學士班,,48.39,278.25
115,清大,生醫工程與環境科學系,生醫工程,46.4,232.0
115,清大,工程與系統科學系甲組(低碳綠能組),,48.8,244.0
115,清大,工程與系統科學系乙組(智慧奈米系統組),,49.4,247.0
115,清大,原子科學院學士班,,48.4,242.0
115,清大,化學工程學系,化學工程,49.6,248.0
115,清大,動力機械工程學系甲組,機械工程,50.2,251.0
115,清大,動力機械工程學系乙組,機械工程,48.6,243.0
115,清大,材料科學工程學系甲組,材料,54.25,217.0
115,清大,材料科學工程學系乙組,材料,51.0,204.0
115,清大,工業工程與工程管理學系,工業工程,47.6,238.0
115,清大,工學院學士班,,50.0,250.0
115,清大,電機工程學系甲組,電機工程,56.86,398.0
115,清大,電機工程學系乙組,電機工程,55.25,221.0
115,清大,資訊工程學系甲組(電子資訊組),資訊工程,52.0,260.0
115,清大,資訊工程學系乙組(資訊工程組),資訊工程,50.8,254.0
115,清大,資訊工程學系丙組(人工智慧組),資訊工程,50.4,252.0
115,清大,電機資訊學院學士班,,52.6,263.0
115,清大,生命科學系,生命科學,44.3,254.75
115,清大,醫學科學系,,47.54,309.0
115,清大,生命科學暨醫學院學士班,,45.0,180.0
115,清大,藝術與設計學系創作組,,50.32,301.94
115,清大,藝術與設計學系設計組,,48.5,194.0
115,清大,藝術學院學士班,,48.88,195.5
101,中國醫,牙醫學系,牙醫,85.45,512.7
101,中國醫,醫學系,醫學,86.43,518.6
101,中國醫,中醫學系甲組,中醫,86.02,559.15
101,中國醫,中醫學系乙組,中醫,85.67,556.85
101,中國醫,藥學系,藥學,79.8,518.73
101,中國醫,公共衛生學系,公共衛生,63.53,476.5
101,中國醫,護理學系(男),護理,62.47,374.8
101,中國醫,護理學系(女),護理,64.4,386.4
101,中國醫,醫學檢驗生物技術學系,醫檢,75.76,435.6
101,中國醫,營養學系,,68.47,547.8
101,中國醫,物理治療學系,物理治療,73.43,532.35
101,中國醫,生物科技學系,,67.96,407.73
101,中國醫,運動醫學系,,59.35,400.58
101,中國醫,中國藥學暨中藥資源學系,藥學,72.02,468.1
101,中國醫,醫務管理學系,,62.17,357.5
101,中國醫,職業安全與衛生學系,,55.51,416.3
101,中國醫,藥用化妝品學系,,65.21,423.85
101,中國醫,健康風險管理學系,,56.22,365.4
101,中國醫,生物醫學影像暨放射科學學系,生命科學,70.47,528.55
101,中國醫,口腔衛生學系,,63.2,363.4
102,中國醫,牙醫學系,牙醫,84.55,507.3
102,中國醫,醫學系,醫學,86.32,517.9
102,中國醫,中醫學系甲組,中醫,84.97,552.3
102,中國醫,中醫學系乙組,中醫,84.63,550.1
102,中國醫,藥學系,藥學,80.43,542.93
102,中國醫,公共衛生學系,公共衛生,64.64,484.8
102,中國醫,護理學系,護理,68.1,408.58
102,中國醫,醫學檢驗生物技術學系,醫檢,76.77,537.38
102,中國醫,營養學系,,69.68,557.4
102,中國醫,物理治療學系,物理治療,72.23,523.65
102,中國醫,生物科技學系,,67.21,403.25
102,中國醫,運動醫學系,,59.12,399.05
102,中國醫,中國藥學暨中藥資源學系,藥學,71.78,466.6
102,中國醫,醫務管理學系,,63.12,362.93
102,中國醫,職業安全與衛生學系,,56.11,420.8
102,中國醫,藥用化妝品學系,,65.18,423.7
102,中國醫,健康風險管理學系,,57.09,371.1
102,中國醫,生物醫學影像暨放射科學學系,生命科學,68.37,512.8
102,中國醫,口腔衛生學系,,62.03,356.7
103,中國醫,牙醫學系,牙醫,83.13,498.8
103,中國醫,醫學系,醫學,84.38,506.3
103,中國醫,中醫學系甲組,中醫,83.37,541.9
103,中國醫,中醫學系乙組,中醫,82.66,537.3
103,中國醫,藥學系,藥學,79.18,534.45
103,中國醫,公共衛生學系,公共衛生,61.53,461.5
103,中國醫,護理學系,護理,64.72,453.05
103,中國醫,醫學檢驗生物技術學系,醫檢,74.18,519.23
103,中國醫,營養學系,,69.28,554.2
103,中國醫,物理治療學系,物理治療,70.54,511.45
103,中國醫,生物科技學系,,64.55,387.3
103,中國醫,運動醫學系,,59.48,401.48
103,中國醫,中國藥學暨中藥資源學系,藥學,69.95,454.65
103,中國醫,醫務管理學系,,60.17,345.98
103,中國醫,職業安全與衛生學系,,55.23,414.2
103,中國醫,藥用化妝品學系,,64.02,416.15
103,中國醫,健康風險管理學系,,57.91,376.4
103,中國醫,生物醫學影像暨放射科學學系,生命科學,66.11,495.85
103,中國醫,口腔衛生學系,,59.28,340.85
104,中國醫,牙醫學系,牙醫,81.08,405.4
104,中國醫,醫學系,醫學,85.32,426.6
104,中國醫,中醫學系甲組,中醫,81.35,447.4
104,中國醫,中醫學系乙組,中醫,80.13,440.7
104,中國醫,藥學系,藥學,75.92,436.55
104,中國醫,公共衛生學系,公共衛生,58.01,435.1
104,中國醫,護理學系,護理,58.22,407.55
104,中國醫,醫學檢驗生物技術學系,醫檢,70.34,492.35
104,中國醫,營養學系,,65.04,520.3
104,中國醫,物理治療學系,物理治療,67.48,421.75
104,中國醫,生物科技學系,,58.95,353.7
104,中國醫,運動醫學系,,52.1,351.7
104,中國醫,中國藥學暨中藥資源學系,藥學,65.6,426.4
104,中國醫,醫務管理學系,,50.05,287.8
104,中國醫,職業安全與衛生學系,,50.52,378.9
104,中國醫,藥用化妝品學系,,56.91,369.9
104,中國醫,健康風險管理學系,,50.87,330.65
104,中國醫,生物醫學影像暨放射科學學系,生命科學,64.07,480.5
104,中國醫,口腔衛生學系,,53.98,310.4
105,中國醫,牙醫學系,牙醫,82.68,413.4
105,中國醫,醫學系,醫學,86.82,434.1
105,中國醫,中醫學系甲組,中醫,82.11,451.6
105,中國醫,中醫學系乙組,中醫,81.53,448.4
105,中國醫,藥學系,藥學,77.8,389.0
105,中國醫,公共衛生學系,公共衛生,58.17,436.3
105,中國醫,護理學系,護理,59.36,415.5
105,中國醫,醫學檢驗生物技術學系,醫檢,69.98,437.35
105,中國醫,營養學系,,65.51,524.1
105,中國醫,物理治療學系,物理治療,70.12,403.2
105,中國醫,生物科技學系,,60.2,361.18
105,中國醫,運動醫學系,,56.22,379.5
105,中國醫,中國藥學暨中藥資源學系,藥學,67.08,436.05
105,中國醫,醫務管理學系,,51.46,295.88
105,中國醫,職業安全與衛生學系,,50.72,380.4
105,中國醫,藥用化妝品學系,,58.56,380.65
105,中國醫,生物醫學影像暨放射科學學系,生命科學,62.29,436.0
106,中國醫,牙醫學系,牙醫,84.4,422.0
106,中國醫,醫學系,醫學,85.64,428.2
106,中國醫,中醫學系甲組,中醫,81.29,447.1
106,中國醫,中醫學系乙組,中醫,80.31,441.7
106,中國醫,藥學系,藥學,75.92,379.6
106,中國醫,公共衛生學院大一不分系,,57.48,459.8
106,中國醫,護理學系,護理,57.0,399.0
106,中國醫,醫學檢驗生物技術學系,醫檢,72.74,309.13
106,中國醫,營養學系,,65.63,525.0
106,中國醫,物理治療學系,物理治療,70.61,405.98
106,中國醫,生物科技學系,,61.43,368.6
106,中國醫,運動醫學系,,57.09,385.35
106,中國醫,中國藥學暨中藥資源學系,藥學,65.06,422.9
106,中國醫,藥用化妝品學系,,60.58,393.75
106,中國醫,生物醫學影像暨放射科學學系,生命科學,69.11,483.75
107,中國醫,牙醫學系,牙醫,85.22,426.1
107,中國醫,醫學系,醫學,86.35,431.75
107,中國醫,中醫學系甲組,中醫,84.23,463.27
107,中國醫,中醫學系乙組,中醫,83.36,458.5
107,中國醫,藥學系,藥學,79.87,399.35
107,中國醫,公共衛生學院大一不分系,,57.43,459.4
107,中國醫,護理學系,護理,58.15,377.95
107,中國醫,醫學檢驗生物技術學系,醫檢,71.04,443.98
107,中國醫,營養學系,,65.46,523.7
107,中國醫,物理治療學系,物理治療,72.3,415.7
107,中國醫,生物科技學系,,61.49,368.95
107,中國醫,運動醫學系,,57.65,389.13
107,中國醫,中國藥學暨中藥資源學系,藥學,68.34,444.23
107,中國醫,藥用化妝品學系,,60.43,392.8
107,中國醫,生物醫學影像暨放射科學學系,生命科學,68.17,409.03
108,中國醫,牙醫學系,牙醫,84.24,421.2
108,中國醫,醫學系,醫學,85.55,427.75
108,中國醫,中醫學系甲組,中醫,85.12,468.15
108,中國醫,中醫學系乙組,中醫,84.35,463.95
108,中國醫,藥學系,藥學,81.79,408.95
108,中國醫,公共衛生學院大一不分系,,68.4,478.8
108,中國醫,護理學系,護理,68.62,343.1
108,中國醫,醫學檢驗生物技術學系,醫檢,79.24,416.0
108,中國醫,營養學系,,73.94,517.6
108,中國醫,物理治療學系,物理治療,73.13,347.35
108,中國醫,生物科技學系,,69.08,345.39
108,中國醫,運動醫學系,,63.05,362.53
108,中國醫,中國藥學暨中藥資源學系,藥學,75.91,417.48
108,中國醫,藥用化妝品學系,,66.89,468.2
108,中國醫,生物醫學影像暨放射科學學系,生命科學,67.04,335.2
109,中國醫,牙醫學系,牙醫,83.19,415.95
109,中國醫,醫學系,醫學,84.05,420.25
109,中國醫,中醫學系甲組,中醫,82.09,451.5
109,中國醫,中醫學系乙組,中醫,81.41,447.75
109,中國醫,藥學系,藥學,78.93,394.65
109,中國醫,護理學系,護理,61.14,244.55
109,中國醫,醫學檢驗生物技術學系,醫檢,75.93,246.78
109,中國醫,營養學系,,69.74,488.2
109,中國醫,物理治療學系,物理治療,70.49,334.85
109,中國醫,生物科技學系,,66.15,330.74
109,中國醫,運動醫學系,,64.69,307.3
109,中國醫,中國藥學暨中藥資源學系,藥學,76.38,420.1
109,中國醫,藥用化妝品學系,,62.54,437.8
109,中國醫,生物醫學影像暨放射科學學系,生命科學,57.62,259.3
109,中國醫,公共衛生學院大一不分系,,63.69,445.8
110,中國醫,牙醫學系,牙醫,82.15,410.75
110,中國醫,醫學系,醫學,83.43,417.15
110,中國醫,中醫學系甲組,中醫,82.8,455.4
110,中國醫,中醫學系乙組,中醫,82.35,452.9
110,中國醫,藥學系,藥學,79.64,398.2
110,中國醫,護理學系,護理,58.79,235.15
110,中國醫,醫學檢驗生物技術學系,醫檢,72.03,234.1
110,中國醫,營養學系,,64.14,449.0
110,中國醫,物理治療學系,物理治療,69.22,328.78
110,中國醫,生物科技學系,,63.63,318.15
110,中國醫,運動醫學系,,67.47,320.5
110,中國醫,中國藥學暨中藥資源學系,藥學,72.86,400.73
110,中國醫,藥用化妝品學系,,54.96,384.7
110,中國醫,生物醫學影像暨放射科學學系,生命科學,57.58,259.1
110,中國醫,公共衛生學院大一不分系,,58.84,411.9
111,中國醫,牙醫學系,牙醫,50.8,254.0
111,中國醫,醫學系,醫學,53.0,265.0
111,中國醫,中醫學系甲組,中醫,51.91,285.5
111,中國醫,中醫學系乙組,中醫,51.64,284.0
111,中國醫,藥學系,藥學,50.0,250.0
111,中國醫,護理學系,護理,23.25,93.0
111,中國醫,醫學檢驗生物技術學系,醫檢,40.71,142.5
111,中國醫,營養學系,,31.14,218.0
111,中國醫,物理治療學系,物理治療,41.53,155.75
111,中國醫,生物科技學系,,31.05,155.25
111,中國醫,運動醫學系,,29.2,146.0
111,中國醫,中國藥學暨中藥資源學系,藥學,45.71,160.0
111,中國醫,藥用化妝品學系,,27.0,189.0
111,中國醫,生物醫學影像暨放射科學學系,生命科學,36.0,108.0
111,中國醫,公共衛生學院大一不分系,,28.86,202.0
111,中國醫,生物醫學工程學系,生醫工程,36.0,108.0
112,中國醫,牙醫學系,牙醫,51.6,258.0
112,中國醫,醫學系,醫學,53.6,268.0
112,中國醫,中醫學系甲組,中醫,51.77,284.75
112,中國醫,中醫學系乙組,中醫,51.55,283.5
112,中國醫,藥學系,藥學,51.2,256.0
112,中國醫,護理學系,護理,40.0,120.0
112,中國醫,醫學檢驗生物技術學系,醫檢,43.21,151.25
112,中國醫,營養學系,,40.6,203.0
112,中國醫,物理治療學系,物理治療,46.8,175.5
112,中國醫,生物科技學系,,40.56,162.25
112,中國醫,運動醫學系,,37.6,188.0
112,中國醫,中國藥學暨中藥資源學系,藥學,44.13,176.5
112,中國醫,藥用化妝品學系,,34.33,103.0
112,中國醫,生物醫學影像暨放射科學學系,生命科學,41.33,124.0
112,中國醫,公共衛生學院大一不分系,,38.0,114.0
112,中國醫,生物醫學工程學系,生醫工程,45.38,181.5
113,中國醫,牙醫學系,牙醫,52.8,264.0
113,中國醫,醫學系,醫學,54.6,273.0
113,中國醫,中醫學系甲組,中醫,53.68,295.25
113,中國醫,中醫學系乙組,中醫,53.32,293.25
113,中國醫,藥學系,藥學,52.8,264.0
113,中國醫,護理學系,護理,42.0,126.0
113,中國醫,醫學檢驗生物技術學系,醫檢,46.79,163.75
113,中國醫,營養學系,,44.0,220.0
113,中國醫,物理治療學系,物理治療,47.67,178.75
113,中國醫,生物科技學系,,43.88,175.5
113,中國醫,運動醫學系,,42.2,211.0
113,中國醫,中國藥學暨中藥資源學系,藥學,47.63,190.5
113,中國醫,藥用化妝品學系,,37.33,112.0
113,中國醫,生物醫學影像暨放射科學學系,生命科學,40.67,122.0
113,中國醫,公共衛生學院大一不分系,,41.67,125.0
113,中國醫,生物醫學工程學系,生醫工程,48.13,192.5
113,中國醫,醫療資訊學系,,38.43,134.5
114,中國醫,牙醫學系,牙醫,54.24,284.75
114,中國醫,醫學系,醫學,54.6,273.0
114,中國醫,中醫學系甲組,中醫,53.09,292.0
114,中國醫,中醫學系乙組,中醫,52.91,291.0
114,中國醫,藥學系,藥學,52.4,262.0
114,中國醫,護理學系,護理,42.33,127.0
114,中國醫,醫學檢驗生物技術學系,醫檢,47.71,167.0
114,中國醫,營養學系,,43.8,219.0
114,中國醫,物理治療學系,物理治療,49.8,186.75
114,中國醫,生物科技學系,,45.13,180.5
114,中國醫,運動醫學系,,43.0,215.0
114,中國醫,中國藥學暨中藥資源學系,藥學,48.63,194.5
114,中國醫,藥用化妝品學系,,38.0,114.0
114,中國醫,生物醫學影像暨放射科學學系,生命科學,47.33,142.0
114,中國醫,公共衛生學院大一不分系,,42.27,232.5
114,中國醫,生物醫學工程學系,生醫工程,48.0,192.0
114,中國醫,醫療資訊學系,,36.71,128.5
115,中國醫,牙醫學系,牙醫,53.05,278.5
115,中國醫,醫學系,醫學,53.0,265.0
115,中國醫,中醫學系甲組,中醫,52.27,287.5
115,中國醫,中醫學系乙組,中醫,52.14,286.75
115,中國醫,藥學系,藥學,51.2,256.0
115,中國醫,護理學系,護理,42.67,128.0
115,中國醫,醫學檢驗生物技術學系,醫檢,45.57,159.5
115,中國醫,營養學系,,42.5,170.0
115,中國醫,物理治療學系,物理治療,49.13,184.25
115,中國醫,生物科技學系,,44.5,178.0
115,中國醫,運動醫學系,,43.6,218.0
115,中國醫,中國藥學暨中藥資源學系,藥學,50.5,202.0
115,中國醫,藥用化妝品學系,,36.0,108.0
115,中國醫,生物醫學影像暨放射科學學系,生命科學,47.67,143.0
115,中國醫,公共衛生學院大一不分系,,41.55,228.5
115,中國醫,生物醫學工程學系,生醫工程,47.5,190.0
115,中國醫,醫療資訊學系,,35.07,122.75
101,交大,電機資訊學士班,電機工程,84.84,424.2
101,交大,奈米科學及工程學士學位學程,,81.12,405.6
101,交大,理學院科學學士學位學程甲組,,80.9,404.5
101,交大,電子工程學系甲組,電子工程,84.28,421.4
101,交大,電子工程學系乙組,電子工程,82.74,413.7
101,交大,電機工程學系甲組,電機工程,84.26,421.3
101,交大,電機工程學系乙組,電機工程,84.27,505.6
101,交大,光電工程學系,光電,82.26,411.3
101,交大,資訊工程學系資電工程組,資訊工程,82.5,412.5
101,交大,資訊工程學系資訊工程組,資訊工程,81.5,407.5
101,交大,資訊工程學系網路多媒體組,資訊工程,80.58,402.9
101,交大,材料科學與工程學系,材料,80.7,403.5
101,交大,機械工程學系,機械工程,79.4,397.0
101,交大,土木工程學系,土木工程,77.7,388.5
101,交大,電子物理學系光電奈米組,光電,81.1,405.5
101,交大,電子物理學系電子物理組,物理,80.52,402.6
101,交大,應用數學系,數學,79.24,435.8
101,交大,應用化學系,化學,79.34,396.7
101,交大,生物科技學系,,80.61,503.8
101,交大,資訊與財金管理學系甲組,財務金融,85.52,427.6
101,交大,資訊與財金管理學系乙組,財務金融,87.0,435.0
101,交大,管理科學系,,85.6,428.0
101,交大,運輸科技與管理學系,,79.8,399.0
101,交大,工業工程與管理學系,工業工程,79.13,474.75
101,交大,外國語文學系,外文,77.36,502.85
101,交大,傳播與科技學系,新聞傳播,77.03,462.2
101,交大,人文社會學系,社會學,77.74,388.7
102,交大,電機資訊學士班,電機工程,82.54,412.7
102,交大,奈米科學及工程學士學位學程,,77.82,389.1
102,交大,理學院科學學士學位學程甲組,,77.56,387.8
102,交大,電子工程學系甲組,電子工程,81.98,409.9
102,交大,電子工程學系乙組,電子工程,81.22,406.1
102,交大,電機工程學系甲組,電機工程,82.04,410.2
102,交大,電機工程學系乙組,電機工程,80.74,484.45
102,交大,光電工程學系,光電,79.12,395.6
102,交大,資訊工程學系資電工程組,資訊工程,79.24,396.2
102,交大,資訊工程學系資訊工程組,資訊工程,77.94,389.7
102,交大,資訊工程學系網路與多媒體工程組,資訊工程,77.1,385.5
102,交大,材料科學與工程學系,材料,77.66,388.3
102,交大,機械工程學系,機械工程,75.72,378.6
102,交大,土木工程學系,土木工程,73.86,369.3
102,交大,電子物理學系光電與奈米科學組,光電,77.66,388.3
102,交大,電子物理學系電子物理組,物理,77.48,387.4
102,交大,應用數學系,數學,74.59,410.25
102,交大,應用化學系,化學,75.38,376.9
102,交大,生物科技學系,,77.76,486.0
102,交大,資訊管理與財務金融學系資訊管理組,資訊管理,83.68,418.4
102,交大,資訊管理與財務金融學系財務金融組,資訊管理,87.06,435.3
102,交大,管理科學系,,84.96,424.8
102,交大,運輸與物流管理學系,,75.77,378.85
102,交大,工業工程與管理學系,工業工程,74.69,448.15
102,交大,外國語文學系,外文,79.19,514.75
102,交大,傳播與科技學系,新聞傳播,79.48,476.9
102,交大,人文社會學系,社會學,79.3,396.5
103,交大,電機資訊學士班,電機工程,79.64,398.2
103,交大,奈米科學及工程學士學位學程,,75.94,379.7
103,交大,電子工程學系甲組,電子工程,81.06,405.3
103,交大,電子工程學系乙組,電子工程,79.64,398.2
103,交大,電機工程學系甲組,電機工程,82.26,411.3
103,交大,電機工程學系乙組,電機工程,79.52,477.1
103,交大,光電工程學系,光電,77.15,424.3
103,交大,資訊工程學系資電工程組,資訊工程,78.24,391.2
103,交大,資訊工程學系資訊工程組,資訊工程,76.86,384.3
103,交大,資訊工程學系網路與多媒體工程組,資訊工程,76.28,381.4
103,交大,材料科學與工程學系,材料,76.0,380.0
103,交大,機械工程學系,機械工程,74.4,372.0
103,交大,土木工程學系,土木工程,72.2,361.0
103,交大,理學院科學學士學位學程甲組,,75.6,378.0
103,交大,電子物理學系光電與奈米科學組,光電,76.78,383.9
103,交大,電子物理學系電子物理組,物理,75.68,378.4
103,交大,應用化學系,化學,73.94,369.7
103,交大,應用數學系,數學,72.04,396.2
103,交大,生物科技學系,,75.97,474.83
103,交大,資訊管理與財務金融學系資訊管理組,資訊管理,77.88,389.4
103,交大,資訊管理與財務金融學系財務金融組,資訊管理,87.96,439.8
103,交大,管理科學系,,86.12,430.6
103,交大,運輸與物流管理學系,,71.78,358.9
103,交大,工業工程與管理學系,工業工程,72.68,436.1
103,交大,外國語文學系,外文,79.91,519.4
103,交大,傳播與科技學系,新聞傳播,79.73,478.35
103,交大,人文社會學系,社會學,80.74,403.7
104,交大,電機資訊學士班,電機工程,81.58,530.3
104,交大,奈米科學及工程學士學位學程,,74.22,371.1
104,交大,電子工程學系甲組,電子工程,80.42,522.75
104,交大,電子工程學系乙組,電子工程,78.38,509.5
104,交大,電機工程學系甲組,電機工程,80.52,402.6
104,交大,電機工程學系乙組,電機工程,81.08,527.0
104,交大,光電工程學系,光電,74.63,410.45
104,交大,資訊工程學系資電工程組,資訊工程,76.72,383.6
104,交大,資訊工程學系資訊工程組,資訊工程,75.16,375.8
104,交大,資訊工程學系網路與多媒體工程組,資訊工程,74.48,372.4
104,交大,材料科學與工程學系,材料,74.28,371.4
104,交大,機械工程學系,機械工程,73.12,365.6
104,交大,土木工程學系,土木工程,69.44,347.2
104,交大,理學院科學學士學位學程甲組,,73.84,369.2
104,交大,電子物理學系光電與奈米科學組,光電,75.24,376.2
104,交大,電子物理學系電子物理組,物理,74.16,370.8
104,交大,應用化學系,化學,71.3,356.5
104,交大,應用數學系,數學,69.85,384.2
104,交大,生物科技學系,,71.65,447.83
104,交大,資訊管理與財務金融學系資訊管理組,資訊管理,72.98,364.9
104,交大,資訊管理與財務金融學系財務金融組,資訊管理,78.46,392.3
104,交大,管理科學系,,75.36,376.8
104,交大,運輸與物流管理學系,,68.54,342.7
104,交大,工業工程與管理學系,工業工程,69.06,414.35
104,交大,外國語文學系,外文,74.38,483.45
104,交大,傳播與科技學系,新聞傳播,74.37,446.2
104,交大,人文社會學系,社會學,73.02,365.1
105,交大,電機資訊學士班,電機工程,83.2,624.0
105,交大,奈米科學及工程學士學位學程,,76.5,382.5
105,交大,電子工程學系甲組,電子工程,81.4,407.0
105,交大,電子工程學系乙組,電子工程,83.08,540.05
105,交大,電機工程學系甲組,電機工程,82.44,412.2
105,交大,電機工程學系乙組,電機工程,85.91,558.4
105,交大,光電工程學系,光電,76.98,500.4
105,交大,資訊工程學系資電工程組,資訊工程,79.66,398.3
105,交大,資訊工程學系資訊工程組,資訊工程,78.0,390.0
105,交大,資訊工程學系網路與多媒體工程組,資訊工程,77.54,387.7
105,交大,材料科學與工程學系,材料,76.78,383.9
105,交大,機械工程學系,機械工程,75.26,376.3
105,交大,土木工程學系,土木工程,71.9,359.5
105,交大,理學院科學學士學位學程甲組,,75.7,378.5
105,交大,電子物理學系光電與奈米科學組,光電,76.62,383.1
105,交大,電子物理學系電子物理組,物理,75.92,379.6
105,交大,應用化學系,化學,74.06,370.3
105,交大,應用數學系,數學,72.84,400.6
105,交大,生物科技學系,,74.41,465.08
105,交大,資訊管理與財務金融學系資訊管理組,資訊管理,76.24,381.2
105,交大,資訊管理與財務金融學系財務金融組,資訊管理,84.66,423.3
105,交大,管理科學系,,81.88,409.4
105,交大,運輸與物流管理學系,,71.92,359.6
105,交大,工業工程與管理學系,工業工程,72.04,432.25
105,交大,外國語文學系,外文,75.41,490.15
105,交大,傳播與科技學系,新聞傳播,75.4,452.4
105,交大,人文社會學系,社會學,74.42,372.1
106,交大,電機資訊學士班,電機工程,82.25,616.9
106,交大,奈米科學及工程學士學位學程,,74.86,374.3
106,交大,電子工程學系甲組,電子工程,80.6,403.0
106,交大,電子工程學系乙組,電子工程,80.17,601.3
106,交大,電機工程學系甲組,電機工程,81.2,406.0
106,交大,電機工程學系乙組,電機工程,85.46,555.5
106,交大,光電工程學系,光電,76.84,499.45
106,交大,資訊工程學系資電工程組,資訊工程,78.7,393.5
106,交大,資訊工程學系資訊工程組,資訊工程,77.84,389.2
106,交大,資訊工程學系網路與多媒體工程組,資訊工程,76.96,384.8
106,交大,材料科學與工程學系,材料,75.4,377.0
106,交大,機械工程學系,機械工程,73.48,367.4
106,交大,土木工程學系,土木工程,70.38,351.9
106,交大,理學院科學學士學位學程甲組,,74.24,371.2
106,交大,電子物理學系光電與奈米科學組,光電,75.76,378.8
106,交大,電子物理學系電子物理組,物理,74.94,374.7
106,交大,應用化學系,化學,72.58,362.9
106,交大,應用數學系,數學,71.95,395.7
106,交大,生物科技學系,,72.91,455.68
106,交大,資訊管理與財務金融學系資訊管理組,資訊管理,76.98,384.9
106,交大,資訊管理與財務金融學系財務金融組,資訊管理,86.9,434.5
106,交大,管理科學系,,83.0,415.0
106,交大,運輸與物流管理學系,,70.58,352.9
106,交大,工業工程與管理學系,工業工程,71.19,427.15
106,交大,外國語文學系,外文,77.17,501.6
106,交大,傳播與科技學系,新聞傳播,77.19,463.15
106,交大,人文社會學系,社會學,76.82,384.1
107,交大,電機資訊學士班,電機工程,85.43,640.75
107,交大,奈米科學及工程學士學位學程,,79.31,396.55
107,交大,電子工程學系甲組,電子工程,84.55,422.75
107,交大,電子工程學系乙組,電子工程,85.09,553.1
107,交大,電機工程學系甲組,電機工程,85.01,425.05
107,交大,電機工程學系乙組,電機工程,83.53,417.65
107,交大,光電工程學系,光電,79.38,515.95
107,交大,資訊工程學系資電工程組,資訊工程,81.98,409.9
107,交大,資訊工程學系資訊工程組,資訊工程,81.57,407.85
107,交大,資訊工程學系網路與多媒體工程組,資訊工程,80.74,403.7
107,交大,材料科學與工程學系,材料,78.64,393.2
107,交大,機械工程學系,機械工程,77.39,386.95
107,交大,土木工程學系,土木工程,73.15,365.75
107,交大,理學院科學學士學位學程甲組,,77.73,388.65
107,交大,電子物理學系光電與奈米科學組,光電,79.63,398.15
107,交大,電子物理學系電子物理組,物理,78.49,392.45
107,交大,應用化學系,化學,75.69,378.45
107,交大,應用數學系,數學,75.89,417.4
107,交大,生物科技學系,,70.32,439.49
107,交大,資訊管理與財務金融學系資訊管理組,資訊管理,83.14,415.7
107,交大,資訊管理與財務金融學系財務金融組,資訊管理,88.76,443.8
107,交大,管理科學系,,83.14,415.7
107,交大,運輸與物流管理學系,,74.88,374.38
107,交大,工業工程與管理學系,工業工程,74.21,445.23
107,交大,外國語文學系,外文,77.46,503.5
107,交大,傳播與科技學系,新聞傳播,77.6,465.6
107,交大,人文社會學系,社會學,74.53,372.65
108,交大,電機工程學系甲組,電機工程,84.37,421.85
108,交大,電機工程學系乙組,電機工程,82.99,539.43
108,交大,光電工程學系,光電,78.19,508.23
108,交大,資訊工程學系甲組,資訊工程,83.98,419.9
108,交大,資訊工程學系乙組,資訊工程,81.85,409.25
108,交大,奈米科學及工程學士學位學程,,79.02,395.1
108,交大,材料科學與工程學系甲組,材料,81.88,409.4
108,交大,材料科學與工程學系乙組,材料,79.4,397.0
108,交大,機械工程學系,機械工程,77.08,385.4
108,交大,土木工程學系,土木工程,73.96,369.8
108,交大,理學院科學學士學位學程甲組,,78.01,390.05
108,交大,電子物理學系光電與奈米科學組,光電,79.15,395.75
108,交大,電子物理學系電子物理組,物理,78.51,392.53
108,交大,應用化學系,化學,76.27,381.35
108,交大,應用數學系,數學,76.08,418.45
108,交大,生物科技學系,,70.76,442.25
108,交大,資訊管理與財務金融學系資訊管理組,資訊管理,83.44,417.2
108,交大,資訊管理與財務金融學系財務金融組,資訊管理,90.82,454.1
108,交大,管理科學系,,85.78,428.9
108,交大,運輸與物流管理學系,,74.37,371.85
108,交大,工業工程與管理學系,工業工程,75.01,450.08
108,交大,外國語文學系,外文,80.03,520.2
108,交大,傳播與科技學系,新聞傳播,79.39,476.35
108,交大,人文社會學系,社會學,78.13,390.65
109,交大,電機工程學系甲組,電機工程,83.38,416.9
109,交大,電機工程學系乙組,電機工程,80.2,521.28
109,交大,光電工程學系,光電,75.97,493.78
109,交大,資訊工程學系甲組,資訊工程,83.0,415.0
109,交大,資訊工程學系乙組,資訊工程,80.69,403.45
109,交大,奈米科學及工程學士學位學程,,76.41,382.05
109,交大,材料科學與工程學系甲組,材料,80.32,401.6
109,交大,材料科學與工程學系乙組,材料,78.23,391.15
109,交大,機械工程學系,機械工程,74.26,371.3
109,交大,土木工程學系,土木工程,71.32,356.6
109,交大,理學院科學學士學位學程甲組,,75.73,378.65
109,交大,電子物理學系光電與奈米科學組,光電,77.38,386.9
109,交大,電子物理學系電子物理組,物理,76.79,383.95
109,交大,應用化學系,化學,73.79,368.95
109,交大,應用數學系,數學,72.45,398.45
109,交大,生物科技學系,,71.11,444.44
109,交大,資訊管理與財務金融學系資訊管理組,資訊管理,76.82,384.1
109,交大,資訊管理與財務金融學系財務金融組,資訊管理,88.56,442.8
109,交大,管理科學系,,82.34,411.7
109,交大,運輸與物流管理學系,,69.77,348.83
109,交大,工業工程與管理學系,工業工程,71.68,430.08
109,交大,外國語文學系,外文,75.97,493.8
109,交大,傳播與科技學系,新聞傳播,75.96,455.75
109,交大,人文社會學系,社會學,72.31,361.55
110,交大,電機工程學系甲組,電機工程,81.34,406.7
110,交大,電機工程學系乙組,電機工程,77.38,580.38
110,交大,光電工程學系,光電,73.63,368.15
110,交大,資訊工程學系甲組,資訊工程,80.54,402.7
110,交大,資訊工程學系乙組,資訊工程,78.0,390.0
110,交大,奈米科學及工程學士學位學程,,73.26,366.3
110,交大,材料科學與工程學系甲組,材料,77.9,389.5
110,交大,材料科學與工程學系乙組,材料,76.02,380.1
110,交大,機械工程學系,機械工程,69.58,347.9
110,交大,土木工程學系,土木工程,66.48,332.38
110,交大,理學院科學學士學位學程甲組,,72.98,364.9
110,交大,電子物理學系光電與奈米科學組,光電,75.21,376.05
110,交大,電子物理學系電子物理組,物理,74.37,371.85
110,交大,應用化學系,化學,70.01,350.05
110,交大,應用數學系,數學,70.28,386.55
110,交大,生物科技學系甲組,,70.47,422.8
110,交大,生物科技學系乙組,,67.18,386.3
110,交大,資訊管理與財務金融學系資訊管理組,資訊管理,81.98,409.9
110,交大,資訊管理與財務金融學系財務金融組,資訊管理,89.22,446.1
110,交大,管理科學系,,83.48,417.4
110,交大,運輸與物流管理學系,,66.65,333.23
110,交大,工業工程與管理學系,工業工程,68.78,412.65
110,交大,外國語文學系,外文,79.23,515.0
110,交大,傳播與科技學系,新聞傳播,78.09,468.53
110,交大,人文社會學系,社會學,75.15,375.75
111,陽明交大,電機工程學系甲組,電機工程,53.6,268.0
111,陽明交大,電機工程學系乙組,電機工程,50.42,302.5
111,陽明交大,光電工程學系,光電,46.0,184.0
111,陽明交大,資訊工程學系甲組,資訊工程,52.4,262.0
111,陽明交大,資訊工程學系乙組,資訊工程,50.0,250.0
111,陽明交大,奈米科學及工程學士學位學程甲組(主修半導體),,46.0,276.0
111,陽明交大,奈米科學及工程學士學位學程乙組(主修奈米),,45.4,227.0
111,陽明交大,材料科學與工程學系甲組,材料,53.5,214.0
111,陽明交大,材料科學與工程學系乙組,材料,52.0,208.0
111,陽明交大,機械工程學系,機械工程,40.75,163.0
111,陽明交大,土木工程學系,土木工程,39.25,157.0
111,陽明交大,理學院科學學士學位學程甲組,,45.0,180.0
111,陽明交大,電子物理學系光電與奈米科學組,光電,47.25,189.0
111,陽明交大,電子物理學系電子物理組,物理,47.0,188.0
111,陽明交大,應用化學系,化學,43.91,241.5
111,陽明交大,應用數學系,數學,43.83,263.0
111,陽明交大,生物科技學系甲組,,40.83,245.0
111,陽明交大,生物科技學系乙組,,41.17,236.75
111,陽明交大,資訊管理與財務金融學系資訊管理組,資訊管理,50.11,225.5
111,陽明交大,資訊管理與財務金融學系財務金融組(自然組),資訊管理,50.0,250.0
111,陽明交大,資訊管理與財務金融學系財務金融組(社會組),資訊管理,48.5,194.0
111,陽明交大,管理科學系(自然組),,47.29,165.5
111,陽明交大,管理科學系(社會組),,42.71,149.5
111,陽明交大,運輸與物流管理學系,,40.7,203.5
111,陽明交大,工業工程與管理學系,工業工程,42.08,252.5
111,陽明交大,外國語文學系,外文,49.0,269.5
111,陽明交大,傳播與科技學系,新聞傳播,48.4,242.0
111,陽明交大,人文社會學系,社會學,47.0,235.0
111,陽明交大,醫學系(自費),醫學,54.4,272.0
111,陽明交大,醫學系(公費),醫學,50.6,253.0
111,陽明交大,牙醫學系,牙醫,53.0,265.0
111,陽明交大,醫學生物技術暨檢驗學系,,45.69,297.0
111,陽明交大,生物醫學影像暨放射科學系,生命科學,38.78,223.0
111,陽明交大,物理治療暨輔助科技學系,物理治療,43.64,240.0
111,陽明交大,護理學系,護理,41.73,229.5
111,陽明交大,生命科學系暨基因體科學研究所,生命科學,40.63,243.75
111,陽明交大,生物醫學工程學系,生醫工程,42.25,169.0
111,陽明交大,學士班大一大二不分系,,47.83,287.0
111,陽明交大,藥學系,藥學,49.0,245.0
112,陽明交大,電機工程學系甲組(電資國際組),電機工程,55.8,279.0
112,陽明交大,電機工程學系乙組(電機工程組),電機工程,53.18,292.5
112,陽明交大,電機工程學系丙組(醫學電資組),電機工程,53.0,291.5
112,陽明交大,光電工程學系,光電,48.25,193.0
112,陽明交大,資訊工程學系甲組,資訊工程,54.2,271.0
112,陽明交大,資訊工程學系乙組,資訊工程,51.4,257.0
112,陽明交大,奈米科學及工程學士學位學程甲組(主修半導體),,49.25,295.5
112,陽明交大,奈米科學及工程學士學位學程乙組(主修奈米),,49.0,245.0
112,陽明交大,材料科學與工程學系甲組,材料,50.6,253.0
112,陽明交大,材料科學與工程學系乙組,材料,49.2,246.0
112,陽明交大,機械工程學系,機械工程,45.5,182.0
112,陽明交大,土木工程學系,土木工程,42.25,169.0
112,陽明交大,理學院科學學士學位學程甲組,,47.5,190.0
112,陽明交大,電子物理學系光電與奈米科學組,光電,49.0,196.0
112,陽明交大,電子物理學系電子物理組,物理,48.5,194.0
112,陽明交大,應用化學系,化學,45.91,252.5
112,陽明交大,應用數學系,數學,45.92,275.5
112,陽明交大,生物科技學系甲組,,43.92,263.5
112,陽明交大,生物科技學系乙組,,44.11,209.5
112,陽明交大,資訊管理與財務金融學系資訊管理組,資訊管理,50.56,227.5
112,陽明交大,資訊管理與財務金融學系財務金融組(自然組),資訊管理,50.6,253.0
112,陽明交大,資訊管理與財務金融學系財務金融組(社會組),資訊管理,51.13,204.5
112,陽明交大,管理科學系(自然組),,48.57,170.0
112,陽明交大,管理科學系(社會組),,46.57,163.0
112,陽明交大,運輸與物流管理學系,,43.7,218.5
112,陽明交大,工業工程與管理學系,工業工程,45.3,226.5
112,陽明交大,外國語文學系,外文,49.55,272.5
112,陽明交大,傳播與科技學系,新聞傳播,50.3,251.5
112,陽明交大,人文社會學系,社會學,47.8,239.0
112,陽明交大,醫學系(自費),醫學,55.6,278.0
112,陽明交大,醫學系(公費),醫學,51.0,255.0
112,陽明交大,牙醫學系,牙醫,54.2,271.0
112,陽明交大,醫學生物技術暨檢驗學系,,46.35,301.25
112,陽明交大,生物醫學影像暨放射科學系,生命科學,42.87,246.5
112,陽明交大,物理治療暨輔助科技學系,物理治療,47.0,258.5
112,陽明交大,護理學系,護理,43.27,238.0
112,陽明交大,生命科學系暨基因體科學研究所,生命科學,43.67,262.0
112,陽明交大,生物醫學工程學系,生醫工程,45.25,181.0
112,陽明交大,學士班大一大二不分系,,49.42,296.5
112,陽明交大,藥學系,藥學,50.6,253.0
113,陽明交大,電機工程學系甲組(電資國際組),電機工程,56.4,282.0
113,陽明交大,電機工程學系乙組(電機工程組),電機工程,54.64,300.5
113,陽明交大,電機工程學系丙組(醫學電資組),電機工程,54.0,324.0
113,陽明交大,光電工程學系,光電,50.25,201.0
113,陽明交大,資訊工程學系甲組,資訊工程,54.0,270.0
113,陽明交大,資訊工程學系乙組,資訊工程,53.0,265.0
113,陽明交大,半導體工程學系固態電子組,,51.58,309.5
113,陽明交大,半導體工程學系奈米科學組,,51.08,306.5
113,陽明交大,材料科學與工程學系-伊利諾雙聯組,材料,52.6,263.0
113,陽明交大,材料科學與工程學系,材料,51.6,258.0
113,陽明交大,機械工程學系,機械工程,48.25,193.0
113,陽明交大,土木工程學系(科技暨基礎建設永續發展組),土木工程,44.5,178.0
113,陽明交大,理學院科學學士學位學程甲組,,49.5,198.0
113,陽明交大,電子物理學系光電與奈米科學組,光電,51.44,231.5
113,陽明交大,電子物理學系電子物理組,物理,50.75,203.0
113,陽明交大,應用化學系,化學,47.91,263.5
113,陽明交大,應用數學系,數學,47.25,283.5
113,陽明交大,生物科技學系甲組,,45.42,272.5
113,陽明交大,生物科技學系乙組,,45.74,217.25
113,陽明交大,資訊管理與財務金融學系資訊管理組,資訊管理,52.11,234.5
113,陽明交大,資訊管理與財務金融學系財務金融組(自然組),資訊管理,52.2,261.0
113,陽明交大,資訊管理與財務金融學系財務金融組(社會組),資訊管理,52.75,211.0
113,陽明交大,管理科學系(自然組),,49.14,172.0
113,陽明交大,管理科學系(社會組),,46.43,162.5
113,陽明交大,運輸與物流管理學系,,44.5,222.5
113,陽明交大,工業工程與管理學系,工業工程,46.75,187.0
113,陽明交大,外國語文學系,外文,48.64,267.5
113,陽明交大,傳播與科技學系,新聞傳播,49.8,249.0
113,陽明交大,人文社會學系,社會學,48.0,240.0
113,陽明交大,醫學系(自費),醫學,56.8,284.0
113,陽明交大,醫學系(公費),醫學,52.4,262.0
113,陽明交大,牙醫學系,牙醫,55.0,275.0
113,陽明交大,醫學生物技術暨檢驗學系,,49.4,370.5
113,陽明交大,生物醫學影像暨放射科學系,生命科學,43.83,252.0
113,陽明交大,物理治療暨輔助科技學系,物理治療,48.55,267.0
113,陽明交大,護理學系,護理,45.36,249.5
113,陽明交大,生命科學系暨基因體科學研究所,生命科學,45.17,271.0
113,陽明交大,生物醫學工程學系,生醫工程,47.5,190.0
113,陽明交大,學士班大一大二不分系,,50.6,253.0
113,陽明交大,藥學系,藥學,51.6,258.0
113,陽明交大,中醫學系,中醫,53.4,267.0
114,陽明交大,電機工程學系甲組(電資國際組),電機工程,57.2,286.0
114,陽明交大,電機工程學系乙組(電機工程組),電機工程,56.0,308.0
114,陽明交大,電機工程學系丙組(醫學電資組),電機工程,55.33,249.0
114,陽明交大,光電工程學系,光電,52.83,317.0
114,陽明交大,資訊工程學系甲組,資訊工程,55.4,277.0
114,陽明交大,資訊工程學系乙組,資訊工程,52.8,264.0
114,陽明交大,半導體工程學系固態電子組,,53.3,266.5
114,陽明交大,半導體工程學系奈米科學組,,52.7,263.5
114,陽明交大,材料科學與工程學系-伊利諾雙聯組,材料,53.0,265.0
114,陽明交大,材料科學與工程學系,材料,52.8,264.0
114,陽明交大,機械工程學系,機械工程,50.0,200.0
114,陽明交大,土木工程學系(科技暨基礎建設永續發展組),土木工程,46.0,184.0
114,陽明交大,理學院科學學士學位學程甲組,,51.5,206.0
114,陽明交大,電子物理學系光電與奈米科學組,光電,53.56,241.0
114,陽明交大,電子物理學系電子物理組,物理,53.0,212.0
114,陽明交大,應用化學系,化學,49.36,271.5
114,陽明交大,應用數學系,數學,48.0,288.0
114,陽明交大,生物科技學系甲組,,46.88,281.25
114,陽明交大,生物科技學系乙組,,47.47,225.5
114,陽明交大,資訊管理與財務金融學系資訊管理組,資訊管理,53.44,240.5
114,陽明交大,資訊管理與財務金融學系財務金融組,資訊管理,55.6,278.0
114,陽明交大,管理科學系(自然組),,49.71,174.0
114,陽明交大,管理科學系(社會組),,52.8,264.0
114,陽明交大,運輸與物流管理學系,,46.4,232.0
114,陽明交大,工業工程與管理學系甲組,工業工程,49.75,199.0
114,陽明交大,工業工程與管理學系乙組,工業工程,54.67,164.0
114,陽明交大,外國語文學系,外文,50.36,277.0
114,陽明交大,傳播與科技學系,新聞傳播,47.0,282.0
114,陽明交大,人文社會學系,社會學,47.2,236.0
114,陽明交大,醫學系(自費),醫學,56.6,283.0
114,陽明交大,醫學系(公費),醫學,53.2,266.0
114,陽明交大,牙醫學系,牙醫,56.0,280.0
114,陽明交大,醫學生物技術暨檢驗學系,,48.93,367.0
114,陽明交大,生物醫學影像暨放射科學系,生命科學,45.91,264.0
114,陽明交大,物理治療暨輔助科技學系,物理治療,49.14,270.25
114,陽明交大,護理學系,護理,46.0,253.0
114,陽明交大,生命科學系暨基因體科學研究所,生命科學,46.83,269.25
114,陽明交大,生物醫學工程學系,生醫工程,49.0,196.0
114,陽明交大,學士班大一大二不分系,,51.18,281.5
114,陽明交大,藥學系,藥學,52.8,264.0
114,陽明交大,中醫學系,中醫,53.8,269.0
115,陽明交大,電機工程學系甲組(電資國際組),電機工程,57.4,287.0
115,陽明交大,電機工程學系乙組(電機工程組),電機工程,55.88,223.5
115,陽明交大,電機工程學系丙組(醫學電資組),電機工程,55.29,193.5
115,陽明交大,光電工程學系,光電,51.58,309.5
115,陽明交大,資訊工程學系甲組,資訊工程,53.25,213.0
115,陽明交大,資訊工程學系乙組,資訊工程,50.75,203.0
115,陽明交大,半導體工程學系固態電子組,,50.9,254.5
115,陽明交大,半導體工程學系奈米科學組,,50.8,254.0
115,陽明交大,材料科學與工程學系-伊利諾雙聯組,材料,52.4,262.0
115,陽明交大,材料科學與工程學系,材料,51.4,257.0
115,陽明交大,機械工程學系,機械工程,48.0,192.0
115,陽明交大,土木工程學系(科技暨基礎建設永續發展組),土木工程,44.0,176.0
115,陽明交大,理學院科學學士學位學程甲組,,49.5,198.0
115,陽明交大,電子物理學系光電與奈米科學組,光電,50.89,229.0
115,陽明交大,電子物理學系電子物理組,物理,50.75,203.0
115,陽明交大,應用化學系,化學,48.0,264.0
115,陽明交大,應用數學系,數學,45.0,270.0
115,陽明交大,生物科技學系甲組,,44.83,269.0
115,陽明交大,生物科技學系乙組,,44.63,212.0
115,陽明交大,資訊管理與財務金融學系資訊管理組,資訊管理,50.11,225.5
115,陽明交大,資訊管理與財務金融學系財務金融組,資訊管理,54.8,274.0
115,陽明交大,管理科學系(自然組),,47.89,215.5
115,陽明交大,管理科學系(社會組),,51.2,256.0
115,陽明交大,運輸與物流管理學系,,44.6,223.0
115,陽明交大,工業工程與管理學系甲組,工業工程,47.75,191.0
115,陽明交大,工業工程與管理學系乙組,工業工程,54.0,162.0
115,陽明交大,外國語文學系,外文,50.55,278.0
115,陽明交大,傳播與科技學系,新聞傳播,48.17,289.0
115,陽明交大,人文社會學系,社會學,48.4,242.0
115,陽明交大,醫學系(自費),醫學,55.8,279.0
115,陽明交大,醫學系(公費),醫學,52.0,260.0
115,陽明交大,牙醫學系,牙醫,55.2,276.0
115,陽明交大,醫學生物技術暨檢驗學系,,49.85,324.0
115,陽明交大,生物醫學影像暨放射科學系,生命科學,43.52,250.25
115,陽明交大,物理治療暨輔助科技學系,物理治療,47.0,235.0
115,陽明交大,護理學系,護理,47.89,215.5
115,陽明交大,生命科學系暨基因體科學研究所,生命科學,44.78,257.5
115,陽明交大,生物醫學工程學系,生醫工程,46.44,209.0
115,陽明交大,學士班大一大二不分系,,50.45,277.5
115,陽明交大,藥學系,藥學,51.4,257.0
115,陽明交大,中醫學系,中醫,52.8,264.0
101,淡江,中國文學學系,中文,56.8,198.8
101,淡江,歷史學系,歷史,57.47,201.15
101,淡江,資訊與圖書館學系,,58.81,352.85
101,淡江,大眾傳播學系,新聞傳播,67.26,403.55
101,淡江,資訊傳播學系,新聞傳播,65.12,423.25
101,淡江,教育科技學系,,60.91,335.0
101,淡江,英文學系,外文,63.8,382.8
101,淡江,法國語文學系,,60.89,426.2
101,淡江,德國語文學系,,61.84,401.95
101,淡江,西班牙語文學系,,61.63,369.8
101,淡江,日本語文學系,日文,62.02,403.1
101,淡江,俄國語文學系,,59.99,239.95
101,淡江,財務金融學系,財務金融,72.37,398.05
101,淡江,產業經濟學系,經濟,66.76,383.85
101,淡江,國際企業學系,國際企業,70.37,404.63
101,淡江,保險學系,,62.08,341.45
101,淡江,經濟學系,經濟,68.67,377.7
101,淡江,會計學系,會計,68.31,478.15
101,淡江,企業管理學系,企業管理,66.68,500.1
101,淡江,統計學系,統計,61.91,495.3
101,淡江,資訊管理學系,資訊管理,64.94,373.38
101,淡江,運輸管理學系,,63.33,253.3
101,淡江,公共行政學系,,63.67,350.2
101,淡江,管理科學學系,,53.01,265.05
101,淡江,理學院,,49.43,346.0
101,淡江,數學學系數學組,數學,47.64,309.65
101,淡江,數學系資料科學與數理統計組,統計,48.67,316.35
101,淡江,化學學系化學與生物化學組,,57.3,458.4
101,淡江,化學學系材料化學組,材料,61.35,490.8
101,淡江,物理學系光電物理組,光電,56.67,340.0
101,淡江,物理學系應用物理組,物理,54.17,325.0
101,淡江,建築學系,建築,65.06,422.9
101,淡江,土木工程學系工程設施組,土木工程,47.28,378.2
101,淡江,土木工程學系營建企業組,土木工程,49.69,397.5
101,淡江,資訊工程學系,資訊工程,55.76,390.3
101,淡江,機械機電工程系光機電整合組,機械工程,55.28,414.6
101,淡江,機械機電工程系精密機械組,機械工程,54.68,410.1
101,淡江,電機工程學系電子資訊組,電機工程,61.11,458.3
101,淡江,電機工程學系電子通訊組,電機工程,59.82,448.65
101,淡江,電機工程學系電機與系統組,電機工程,63.42,475.65
101,淡江,化學工程與材料工程學系,化學工程,52.93,423.4
101,淡江,航空太空工程學系,,49.06,392.5
101,淡江,水資源環境工程系水資源組,,48.86,390.9
101,淡江,水資源環境工程系環境工程組,,48.78,390.2
101,淡江,資訊創新與科技系軟體工程組,,47.08,235.4
101,淡江,資訊創新與科技系通訊科技組,,58.34,291.7
101,淡江,國際觀光管理學系(蘭陽校園),,60.9,365.4
101,淡江,英美語言文化學系(蘭陽校園),化學,60.3,241.2
101,淡江,全球政治經濟學系(蘭陽校園),經濟,59.03,236.1
102,淡江,中國文學學系,中文,59.74,209.1
102,淡江,歷史學系,歷史,62.31,218.1
102,淡江,資訊與圖書館學系,,57.26,343.55
102,淡江,大眾傳播學系,新聞傳播,67.18,403.1
102,淡江,資訊傳播學系,新聞傳播,63.58,413.3
102,淡江,教育科技學系,,55.78,306.8
102,淡江,英文學系,外文,65.86,329.3
102,淡江,法國語文學系,,63.07,378.4
102,淡江,德國語文學系,,64.33,353.8
102,淡江,西班牙語文學系,,63.04,315.2
102,淡江,日本語文學系,日文,63.12,410.25
102,淡江,俄國語文學系,,62.48,249.9
102,淡江,財務金融學系,財務金融,71.09,391.0
102,淡江,產業經濟學系,經濟,64.07,368.43
102,淡江,國際企業學系,國際企業,69.09,397.28
102,淡江,保險學系,,59.07,324.9
102,淡江,經濟學系,經濟,65.71,361.4
102,淡江,會計學系,會計,68.03,476.2
102,淡江,企業管理學系,企業管理,66.8,501.0
102,淡江,統計學系,統計,58.79,470.3
102,淡江,資訊管理學系,資訊管理,60.15,345.85
102,淡江,運輸管理學系,,61.18,244.7
102,淡江,公共行政學系,,62.4,343.2
102,淡江,管理科學學系,,48.55,267.05
102,淡江,理學院,,38.61,270.25
102,淡江,數學學系數學組,數學,40.16,261.05
102,淡江,數學學系資料科學與數理統計組,統計,40.07,260.45
102,淡江,化學學系化學與生物化學組,,46.76,374.1
102,淡江,化學學系材料化學組,材料,51.78,414.2
102,淡江,物理學系光電物理組,光電,45.01,270.05
102,淡江,物理學系應用物理組,物理,41.47,248.8
102,淡江,建築學系,建築,61.02,396.6
102,淡江,土木工程學系工程設施組,土木工程,39.55,316.4
102,淡江,土木工程學系營建企業組,土木工程,40.75,326.0
102,淡江,資訊工程學系,資訊工程,47.0,376.0
102,淡江,機械與機電工程學系光機電整合組,機械工程,45.75,343.1
102,淡江,機械與機電工程學系精密機械組,機械工程,44.37,332.75
102,淡江,電機工程學系電子資訊組,電機工程,53.96,404.7
102,淡江,電機工程學系電子通訊組,電機工程,52.07,390.55
102,淡江,電機工程學系電機與系統組,電機工程,56.83,426.2
102,淡江,化學工程與材料工程學系,化學工程,41.41,331.3
102,淡江,航空太空工程學系,,41.16,329.3
102,淡江,水資源及環境工程學系水資源工程組,,39.99,319.9
102,淡江,水資源及環境工程學系環境工程組,,39.83,318.6
102,淡江,資訊創新與科技學系軟體工程組(蘭陽校園),,44.22,221.1
102,淡江,資訊創新與科技學系通訊科技組(蘭陽校園),,53.96,269.8
102,淡江,國際觀光管理學系(蘭陽校園),,62.4,374.4
102,淡江,英美語言文化學系(蘭陽校園),化學,60.48,302.4
102,淡江,全球政治經濟學系(蘭陽校園),經濟,59.8,239.2
103,淡江,中國文學學系,中文,59.83,209.4
103,淡江,歷史學系,歷史,60.71,242.85
103,淡江,資訊與圖書館學系,,56.58,339.5
103,淡江,大眾傳播學系,新聞傳播,68.16,408.95
103,淡江,資訊傳播學系,新聞傳播,64.2,417.3
103,淡江,教育科技學系,,54.95,302.2
103,淡江,英文學系,外文,68.38,341.9
103,淡江,法國語文學系,,63.2,379.2
103,淡江,德國語文學系,,66.8,367.4
103,淡江,西班牙語文學系,,64.4,322.0
103,淡江,日本語文學系,日文,63.77,414.5
103,淡江,俄國語文學系,,61.6,308.0
103,淡江,財務金融學系,財務金融,72.56,399.1
103,淡江,產業經濟學系,經濟,65.62,360.9
103,淡江,國際企業學系,國際企業,71.05,390.75
103,淡江,保險學系,,58.5,321.75
103,淡江,經濟學系,經濟,67.04,368.7
103,淡江,會計學系,會計,70.42,387.3
103,淡江,企業管理學系,企業管理,68.1,374.55
103,淡江,統計學系,統計,59.46,327.05
103,淡江,資訊管理學系,資訊管理,60.46,332.55
103,淡江,運輸管理學系,,61.31,337.2
103,淡江,公共行政學系,,63.26,347.95
103,淡江,管理科學學系,,44.85,246.7
103,淡江,理學院,,35.76,250.3
103,淡江,數學學系數學組,數學,36.48,237.1
103,淡江,數學學系資料科學與數理統計組,統計,36.21,235.35
103,淡江,化學學系化學與生物化學組,,44.83,358.6
103,淡江,化學學系材料化學組,材料,50.04,400.3
103,淡江,物理學系光電物理組,光電,40.63,243.8
103,淡江,物理學系應用物理組,物理,36.95,221.7
103,淡江,建築學系,建築,61.33,429.3
103,淡江,土木工程學系工程設施組,土木工程,36.46,291.7
103,淡江,土木工程學系營建企業組,土木工程,37.94,303.5
103,淡江,資訊工程學系,資訊工程,47.7,381.6
103,淡江,機械與機電工程學系光機電整合組,機械工程,45.41,340.55
103,淡江,機械與機電工程學系精密機械組,機械工程,43.93,329.5
103,淡江,電機工程學系電子資訊組,電機工程,52.43,393.2
103,淡江,電機工程學系電子通訊組,電機工程,51.13,383.45
103,淡江,電機工程學系電機與系統組,電機工程,54.47,408.55
103,淡江,化學工程與材料工程學系,化學工程,41.09,328.7
103,淡江,航空太空工程學系,,40.78,326.2
103,淡江,水資源及環境工程學系水資源工程組,,39.23,313.8
103,淡江,水資源及環境工程學系環境工程組,,39.15,313.2
103,淡江,資訊創新與科技學系軟體工程組(蘭陽校園),,40.1,200.5
103,淡江,資訊創新與科技學系應用資訊組(蘭陽校園),,52.3,261.5
103,淡江,國際觀光管理學系(蘭陽校園),,63.52,381.1
103,淡江,英美語言文化學系全英語學士班(蘭陽校園),外文,66.44,332.2
103,淡江,全球政治經濟學系全英語學士班(蘭陽校園),經濟,64.1,256.4
104,淡江,中國文學學系,中文,60.77,273.45
104,淡江,歷史學系,歷史,59.16,236.65
104,淡江,資訊與圖書館學系,,50.63,329.1
104,淡江,大眾傳播學系,新聞傳播,64.21,385.25
104,淡江,資訊傳播學系,新聞傳播,56.67,368.35
104,淡江,教育科技學系,,48.0,264.0
104,淡江,英文學系,外文,62.23,248.9
104,淡江,法國語文學系,,59.02,354.1
104,淡江,德國語文學系,,61.98,340.9
104,淡江,西班牙語文學系,,58.76,293.8
104,淡江,日本語文學系,日文,59.0,383.5
104,淡江,俄國語文學系,,56.38,281.9
104,淡江,商管學院全球財務管理全英語學士學位學程,外文,63.3,348.15
104,淡江,財務金融學系,財務金融,59.26,325.95
104,淡江,產業經濟學系,經濟,54.49,299.7
104,淡江,國際企業學系經貿管理組,國際企業,58.56,322.1
104,淡江,國際企業學系國際商學全英語組,國際企業,62.53,281.4
104,淡江,保險學系,,50.49,277.7
104,淡江,經濟學系,經濟,55.25,303.85
104,淡江,會計學系,會計,57.82,318.0
104,淡江,企業管理學系,企業管理,56.55,311.0
104,淡江,統計學系,統計,50.85,279.7
104,淡江,資訊管理學系,資訊管理,51.0,280.5
104,淡江,運輸管理學系,,51.4,282.7
104,淡江,公共行政學系,,59.29,326.1
104,淡江,管理科學學系,,37.97,208.85
104,淡江,外交與國際關係學系全英語學士班,政治,73.92,369.6
104,淡江,理學院尖端材料科學學士學位學程,材料,32.28,225.95
104,淡江,數學學系數學組,數學,32.32,210.1
104,淡江,數學學系資料科學與數理統計組,統計,32.1,208.65
104,淡江,化學學系化學與生物化學組,,37.5,300.0
104,淡江,化學學系材料化學組,材料,44.28,354.2
104,淡江,物理學系光電物理組,光電,35.29,211.75
104,淡江,物理學系應用物理組,物理,33.36,200.15
104,淡江,建築學系,建築,54.88,384.15
104,淡江,土木工程學系工程設施組,土木工程,32.02,176.1
104,淡江,土木工程學系營建企業組,土木工程,34.71,190.9
104,淡江,資訊工程學系,資訊工程,42.13,337.0
104,淡江,機械與機電工程學系光機電整合組,機械工程,40.13,300.95
104,淡江,機械與機電工程學系精密機械組,機械工程,37.76,283.2
104,淡江,電機工程學系電機資訊組,電機工程,48.87,366.55
104,淡江,電機工程學系電機通訊組,電機工程,46.45,348.35
104,淡江,電機工程學系電機與系統組,電機工程,53.17,398.75
104,淡江,化學工程與材料工程學系,化學工程,39.17,313.4
104,淡江,航空太空工程學系,,38.58,308.6
104,淡江,水資源及環境工程學系水資源工程組,,40.6,182.7
104,淡江,水資源及環境工程學系環境工程組,,42.24,190.1
104,淡江,資訊創新與科技學系軟體工程全英語組(蘭陽校園),外文,33.22,166.1
104,淡江,資訊創新與科技學系應用資訊全英語組(蘭陽校園),外文,43.92,219.6
104,淡江,國際觀光管理學系全英語學士班(蘭陽校園),外文,48.1,288.6
104,淡江,英美語言文化學系全英語學士班(蘭陽校園),外文,55.4,277.0
104,淡江,全球政治經濟學系全英語學士班(蘭陽校園),經濟,60.73,242.9
105,淡江,中國文學學系,中文,53.97,242.85
105,淡江,歷史學系,歷史,52.86,211.45
105,淡江,資訊與圖書館學系,,49.89,324.3
105,淡江,大眾傳播學系,新聞傳播,60.85,365.1
105,淡江,資訊傳播學系,新聞傳播,56.26,365.7
105,淡江,教育科技學系,,48.0,264.0
105,淡江,英文學系,外文,59.23,236.9
105,淡江,法國語文學系,,55.48,332.9
105,淡江,德國語文學系,,58.9,323.95
105,淡江,西班牙語文學系,,55.74,278.7
105,淡江,日本語文學系,日文,58.45,379.9
105,淡江,俄國語文學系,,54.14,270.7
105,淡江,商管學院全球財務管理全英語學士學位學程,外文,69.04,345.2
105,淡江,財務金融學系,財務金融,65.29,359.1
105,淡江,產業經濟學系,經濟,59.18,325.5
105,淡江,國際企業學系經貿管理組,國際企業,64.17,352.95
105,淡江,國際企業學系國際商學全英語組,國際企業,69.27,311.7
105,淡江,保險學系,,51.52,283.35
105,淡江,經濟學系,經濟,60.3,331.65
105,淡江,會計學系,會計,63.67,350.2
105,淡江,企業管理學系,企業管理,61.67,339.2
105,淡江,統計學系,統計,55.18,303.5
105,淡江,資訊管理學系,資訊管理,56.82,312.5
105,淡江,運輸管理學系,,55.35,304.4
105,淡江,公共行政學系,,56.9,312.95
105,淡江,管理科學學系,,53.04,291.7
105,淡江,外交與國際關係學系全英語學士班,政治,68.26,341.3
105,淡江,理學院尖端材料科學學士學位學程,材料,29.59,207.1
105,淡江,數學學系數學組,數學,28.45,184.95
105,淡江,數學學系資料科學與數理統計組,統計,28.73,186.75
105,淡江,化學學系化學與生物化學組,,33.94,271.5
105,淡江,化學學系材料化學組,材料,38.38,307.0
105,淡江,物理學系光電物理組,光電,30.13,180.75
105,淡江,物理學系應用物理組,物理,28.72,172.3
105,淡江,建築學系,建築,56.95,398.65
105,淡江,土木工程學系工程設施組,土木工程,29.3,161.15
105,淡江,土木工程學系營建企業組,土木工程,31.33,172.3
105,淡江,資訊工程學系,資訊工程,42.03,336.2
105,淡江,機械與機電工程學系光機電整合組,機械工程,38.55,289.15
105,淡江,機械與機電工程學系精密機械組,機械工程,35.45,265.9
105,淡江,電機工程學系電機資訊組,電機工程,49.09,368.2
105,淡江,電機工程學系電機通訊組,電機工程,45.03,337.7
105,淡江,電機工程學系電機與系統組,電機工程,52.34,392.55
105,淡江,化學工程與材料工程學系,化學工程,39.17,293.8
105,淡江,航空太空工程學系,,40.28,322.2
105,淡江,水資源及環境工程學系水資源工程組,,33.98,152.9
105,淡江,水資源及環境工程學系環境工程組,,35.0,157.5
105,淡江,資訊創新與科技學系軟體工程全英語組(蘭陽校園),外文,31.54,157.7
105,淡江,資訊創新與科技學系應用資訊全英語組(蘭陽校園),外文,46.3,231.5
105,淡江,國際觀光管理學系全英語學士班(蘭陽校園),外文,42.43,169.7
105,淡江,英美語言文化學系全英語學士班(蘭陽校園),外文,47.58,190.3
105,淡江,全球政治經濟學系全英語學士班(蘭陽校園),經濟,53.48,213.9
106,淡江,中國文學學系,中文,52.98,238.4
106,淡江,歷史學系,歷史,52.99,211.95
106,淡江,資訊與圖書館學系,,47.31,307.5
106,淡江,大眾傳播學系,新聞傳播,62.11,372.65
106,淡江,資訊傳播學系,新聞傳播,56.31,366.0
106,淡江,教育科技學系,,44.91,247.0
106,淡江,英文學系,外文,57.2,228.8
106,淡江,法國語文學系,,55.32,331.9
106,淡江,德國語文學系,,60.64,333.5
106,淡江,西班牙語文學系,,58.1,290.5
106,淡江,日本語文學系,日文,57.95,376.65
106,淡江,俄國語文學系,,53.76,268.8
106,淡江,商管學院全球財務管理全英語學士學位學程,外文,68.52,342.6
106,淡江,財務金融學系,財務金融,63.47,349.1
106,淡江,產業經濟學系,經濟,54.54,299.95
106,淡江,國際企業學系經貿管理組,國際企業,62.84,345.6
106,淡江,國際企業學系國際商學全英語組,國際企業,64.76,291.4
106,淡江,保險學系,,48.66,267.65
106,淡江,經濟學系,經濟,56.83,312.55
106,淡江,會計學系,會計,62.37,343.05
106,淡江,企業管理學系,企業管理,57.96,318.8
106,淡江,統計學系,統計,51.96,285.8
106,淡江,資訊管理學系,資訊管理,54.05,297.3
106,淡江,運輸管理學系,,52.89,290.9
106,淡江,公共行政學系,,55.75,306.6
106,淡江,管理科學學系(事業經營組),,52.53,288.9
106,淡江,管理科學學系(行銷與流通管理組),,52.82,290.5
106,淡江,外交與國際關係學系全英語學士班,政治,71.27,356.35
106,淡江,理學院尖端材料科學學士學位學程,材料,27.51,192.55
106,淡江,數學學系數學組,數學,26.38,158.25
106,淡江,數學學系資料科學與數理統計組,統計,26.43,158.55
106,淡江,化學學系化學與生物化學組,,31.04,248.3
106,淡江,化學學系材料化學組,材料,33.4,267.2
106,淡江,物理學系光電物理組,光電,34.98,157.4
106,淡江,物理學系應用物理組,物理,32.56,146.5
106,淡江,建築學系,建築,52.95,370.65
106,淡江,土木工程學系工程設施組,土木工程,31.4,141.3
106,淡江,土木工程學系營建企業組,土木工程,33.82,152.2
106,淡江,資訊工程學系,資訊工程,42.96,343.7
106,淡江,機械與機電工程學系光機電整合組,機械工程,38.24,286.8
106,淡江,機械與機電工程學系精密機械組,機械工程,35.09,263.2
106,淡江,電機工程學系電機資訊組,電機工程,48.83,366.2
106,淡江,電機工程學系電機通訊組,電機工程,43.67,327.55
106,淡江,電機工程學系電機與系統組,電機工程,52.39,392.9
106,淡江,化學工程與材料工程學系,化學工程,33.57,251.8
106,淡江,航空太空工程學系,,38.21,305.7
106,淡江,水資源及環境工程學系水資源工程組,,31.67,142.5
106,淡江,水資源及環境工程學系環境工程組,,32.8,147.6
106,淡江,資訊創新與科技學系軟體工程全英語組(蘭陽校園),外文,26.22,131.1
106,淡江,資訊創新與科技學系應用資訊全英語組(蘭陽校園),外文,36.9,184.5
106,淡江,國際觀光管理學系全英語學士班(蘭陽校園),外文,39.48,157.9
106,淡江,英美語言文化學系全英語學士班(蘭陽校園),外文,45.2,180.8
106,淡江,全球政治經濟學系全英語學士班(蘭陽校園),經濟,54.88,219.5
107,淡江,中國文學學系,中文,56.52,254.35
107,淡江,歷史學系,歷史,53.84,215.35
107,淡江,資訊與圖書館學系,,46.26,300.7
107,淡江,大眾傳播學系,新聞傳播,62.12,372.7
107,淡江,資訊傳播學系,新聞傳播,55.98,363.88
107,淡江,教育科技學系,,46.27,254.5
107,淡江,英文學系,外文,60.05,240.2
107,淡江,法國語文學系,,58.27,349.6
107,淡江,德國語文學系,,61.69,339.3
107,淡江,西班牙語文學系,,59.86,299.3
107,淡江,日本語文學系,日文,59.29,237.15
107,淡江,俄國語文學系,,56.16,280.8
107,淡江,商管學院全球財務管理全英語學士學位學程,外文,66.28,331.4
107,淡江,財務金融學系,財務金融,65.31,293.9
107,淡江,產業經濟學系,經濟,56.14,252.63
107,淡江,國際企業學系經貿管理組,國際企業,64.04,288.2
107,淡江,國際企業學系國際商學全英語組,國際企業,66.0,330.0
107,淡江,風險管理與保險學系,,51.36,231.13
107,淡江,經濟學系,經濟,59.77,268.95
107,淡江,會計學系,會計,63.48,285.68
107,淡江,企業管理學系,企業管理,60.22,270.98
107,淡江,統計學系,統計,53.4,240.28
107,淡江,資訊管理學系,資訊管理,56.73,255.28
107,淡江,運輸管理學系,,52.28,235.28
107,淡江,公共行政學系,,55.35,304.4
107,淡江,管理科學學系(事業經營組),,52.65,236.93
107,淡江,管理科學學系(行銷與流通管理組),,53.0,238.5
107,淡江,外交與國際關係學系全英語學士班,政治,72.82,364.1
107,淡江,理學院尖端材料科學學士學位學程,材料,36.56,255.9
107,淡江,數學學系數學組,數學,38.42,230.5
107,淡江,數學學系資料科學與數理統計組,統計,39.05,234.3
107,淡江,化學學系化學與生物化學組,,37.88,303.05
107,淡江,化學學系材料化學組,材料,39.23,313.8
107,淡江,物理學系光電物理組,光電,41.33,186.0
107,淡江,物理學系應用物理組,物理,40.36,181.6
107,淡江,建築學系,建築,54.34,380.4
107,淡江,土木工程學系,土木工程,44.27,199.2
107,淡江,資訊工程學系,資訊工程,54.25,298.4
107,淡江,機械與機電工程學系光機電整合組,機械工程,43.79,328.4
107,淡江,機械與機電工程學系精密機械組,機械工程,41.87,314.05
107,淡江,電機工程學系電機資訊組,電機工程,53.08,398.1
107,淡江,電機工程學系電機通訊組,電機工程,52.1,390.75
107,淡江,電機工程學系電機與系統組,電機工程,55.72,417.9
107,淡江,化學工程與材料工程學系,化學工程,41.35,310.15
107,淡江,航空太空工程學系,,43.96,351.7
107,淡江,水資源及環境工程學系水資源工程組,,43.64,196.4
107,淡江,水資源及環境工程學系環境工程組,,44.36,199.6
107,淡江,資訊創新與科技學系軟體工程全英語組(蘭陽校園),外文,36.54,182.7
107,淡江,資訊創新與科技學系應用資訊全英語組(蘭陽校園),外文,38.74,193.7
107,淡江,國際觀光管理學系全英語學士班(蘭陽校園)(海外實習組),外文,45.68,182.7
107,淡江,國際觀光管理學系全英語學士班(蘭陽校園)(產業實習組),外文,45.3,181.2
107,淡江,英美語言文化學系全英語學士班(蘭陽校園),外文,46.03,184.1
107,淡江,全球政治經濟學系全英語學士班(蘭陽校園),經濟,49.05,196.2
108,淡江,中國文學學系,中文,64.52,290.35
108,淡江,歷史學系,歷史,63.14,284.15
108,淡江,資訊與圖書館學系,,56.55,367.6
108,淡江,大眾傳播學系,新聞傳播,65.76,394.53
108,淡江,資訊傳播學系,新聞傳播,60.78,395.1
108,淡江,教育科技學系,,56.45,310.5
108,淡江,英文學系,外文,66.1,264.4
108,淡江,法國語文學系,,63.48,380.9
108,淡江,德國語文學系,,64.89,356.9
108,淡江,西班牙語文學系,,64.9,324.5
108,淡江,日本語文學系,日文,66.02,264.08
108,淡江,俄國語文學系,,63.58,317.9
108,淡江,商管學院全球財務管理全英語學士學位學程,外文,72.42,362.1
108,淡江,財務金融學系,財務金融,70.94,319.25
108,淡江,產業經濟學系,經濟,63.71,286.7
108,淡江,國際企業學系經貿管理組,國際企業,69.77,313.98
108,淡江,國際企業學系國際商學全英語組,國際企業,71.62,358.1
108,淡江,風險管理與保險學系,,61.92,278.62
108,淡江,經濟學系,經濟,67.03,301.63
108,淡江,會計學系,會計,69.67,313.53
108,淡江,企業管理學系,企業管理,67.21,302.43
108,淡江,統計學系,統計,63.4,285.3
108,淡江,資訊管理學系,資訊管理,64.09,288.4
108,淡江,運輸管理學系,,59.85,269.33
108,淡江,公共行政學系,,64.51,354.8
108,淡江,管理科學學系(事業經營組),,61.7,277.63
108,淡江,管理科學學系(行銷與流通管理組),,62.13,279.6
108,淡江,外交與國際關係學系全英語學士班,政治,76.92,384.6
108,淡江,理學院尖端材料科學學士學位學程,材料,46.57,326.0
108,淡江,數學學系數學組,數學,50.82,304.9
108,淡江,數學學系資料科學與數理統計組,統計,48.58,291.45
108,淡江,化學學系化學與生物化學組,,47.71,381.65
108,淡江,化學學系材料化學組,材料,49.36,394.9
108,淡江,物理學系光電物理組,光電,55.07,247.8
108,淡江,物理學系應用物理組,物理,53.56,241.0
108,淡江,建築學系,建築,58.37,408.6
108,淡江,土木工程學系,土木工程,56.28,253.25
108,淡江,資訊工程學系,資訊工程,60.15,330.8
108,淡江,機械與機電工程學系光機電整合組,機械工程,52.39,392.95
108,淡江,機械與機電工程學系精密機械組,機械工程,51.13,383.5
108,淡江,電機工程學系電機資訊組,電機工程,58.17,436.3
108,淡江,電機工程學系電機通訊組,電機工程,56.85,426.4
108,淡江,電機工程學系電機與系統組,電機工程,59.57,446.8
108,淡江,化學工程與材料工程學系,化學工程,53.57,401.8
108,淡江,航空太空工程學系,,50.71,405.7
108,淡江,水資源及環境工程學系水資源工程組,,56.49,254.2
108,淡江,水資源及環境工程學系環境工程組,,60.04,270.2
108,淡江,資訊創新與科技學系軟體工程全英語組(蘭陽校園),外文,46.5,232.5
108,淡江,資訊創新與科技學系應用資訊全英語組(蘭陽校園),外文,51.46,257.3
108,淡江,國際觀光管理學系全英語學士班(蘭陽校園)(海外實習組),外文,54.88,219.5
108,淡江,國際觀光管理學系全英語學士班(蘭陽校園)(產業實習組),外文,51.63,206.5
108,淡江,英美語言文化學系全英語學士班(蘭陽校園),外文,53.83,215.3
108,淡江,全球政治經濟學系全英語學士班(蘭陽校園),經濟,52.4,209.6
109,淡江,中國文學學系,中文,56.59,254.65
109,淡江,歷史學系,歷史,56.91,256.1
109,淡江,資訊與圖書館學系,,46.05,299.3
109,淡江,大眾傳播學系,新聞傳播,58.95,353.7
109,淡江,資訊傳播學系,新聞傳播,49.4,321.13
109,淡江,教育科技學系,,44.04,242.2
109,淡江,英文學系,外文,54.83,219.3
109,淡江,法國語文學系,,51.52,309.1
109,淡江,德國語文學系,,53.45,294.0
109,淡江,西班牙語文學系,,54.07,243.3
109,淡江,日本語文學系,日文,56.52,226.08
109,淡江,俄國語文學系,,51.4,257.0
109,淡江,商管學院全球財務管理全英語學士學位學程,外文,62.0,310.0
109,淡江,財務金融學系,財務金融,58.25,262.13
109,淡江,產業經濟學系,經濟,48.06,216.25
109,淡江,國際企業學系經貿管理組,國際企業,54.56,245.5
109,淡江,國際企業學系國際商學全英語組,國際企業,57.48,287.4
109,淡江,風險管理與保險學系,,44.92,202.13
109,淡江,經濟學系,經濟,52.24,235.1
109,淡江,會計學系,會計,56.17,252.75
109,淡江,企業管理學系,企業管理,50.28,226.28
109,淡江,統計學系,統計,47.23,212.53
109,淡江,資訊管理學系,資訊管理,49.56,223.03
109,淡江,運輸管理學系,,43.85,197.33
109,淡江,公共行政學系,,57.56,316.6
109,淡江,管理科學學系(事業經營組),,44.5,200.23
109,淡江,管理科學學系(行銷與流通管理組),,46.36,208.63
109,淡江,外交與國際關係學系全英語學士班,政治,67.42,337.1
109,淡江,理學院尖端材料科學學士學位學程,材料,36.94,258.55
109,淡江,數學學系數學組,數學,36.35,218.1
109,淡江,數學學系資料科學與數理統計組,統計,36.75,220.5
109,淡江,化學學系化學與生物化學組,,38.03,304.2
109,淡江,化學學系材料化學組,材料,38.49,307.95
109,淡江,物理學系光電物理組,光電,44.16,198.7
109,淡江,物理學系應用物理組,物理,41.8,188.1
109,淡江,建築學系,建築,49.84,348.9
109,淡江,土木工程學系,土木工程,42.24,190.1
109,淡江,資訊工程學系,資訊工程,49.28,271.05
109,淡江,機械與機電工程學系光機電整合組,機械工程,40.69,305.15
109,淡江,機械與機電工程學系精密機械組,機械工程,39.85,298.85
109,淡江,電機工程學系電機資訊組,電機工程,46.81,304.25
109,淡江,電機工程學系電機通訊組,電機工程,45.4,295.1
109,淡江,電機工程學系電機與系統組,電機工程,47.24,307.05
109,淡江,化學工程與材料工程學系,化學工程,42.38,317.85
109,淡江,航空太空工程學系,,40.5,324.0
109,淡江,水資源及環境工程學系水資源工程組,,40.91,184.1
109,淡江,水資源及環境工程學系環境工程組,,45.38,204.2
109,淡江,資訊創新與科技學系軟體工程全英語組(蘭陽校園),外文,42.14,210.7
109,淡江,資訊創新與科技學系應用資訊全英語組(蘭陽校園),外文,42.6,213.0
109,淡江,國際觀光管理學系全英語學士班(蘭陽校園)(海外實習組),外文,46.35,185.4
109,淡江,國際觀光管理學系全英語學士班(蘭陽校園)(產業實習組),外文,44.45,177.8
109,淡江,英美語言文化學系全英語學士班(蘭陽校園),外文,48.73,194.9
109,淡江,全球政治經濟學系全英語學士班(蘭陽校園),經濟,44.65,178.6
110,淡江,中國文學學系,中文,51.98,233.9
110,淡江,歷史學系,歷史,56.16,252.7
110,淡江,資訊與圖書館學系,,40.53,222.9
110,淡江,大眾傳播學系,新聞傳播,55.13,330.8
110,淡江,資訊傳播學系,新聞傳播,49.75,323.35
110,淡江,教育科技學系,,39.27,216.0
110,淡江,教育與未來設計學系,,40.33,221.8
110,淡江,英文學系,外文,47.35,189.4
110,淡江,英文學系全英語學士班,外文,43.38,173.5
110,淡江,法國語文學系,,43.28,259.7
110,淡江,德國語文學系,,46.11,253.6
110,淡江,西班牙語文學系,,44.27,199.2
110,淡江,日本語文學系,日文,52.28,209.13
110,淡江,俄國語文學系,,42.58,212.9
110,淡江,財務金融學系全球財務管理全英語學士班,財務金融,61.6,308.0
110,淡江,財務金融學系,財務金融,60.08,270.38
110,淡江,產業經濟學系,經濟,45.86,206.38
110,淡江,國際企業學系經貿管理組,國際企業,54.27,244.2
110,淡江,國際企業學系國際商學全英語組,國際企業,50.36,251.8
110,淡江,風險管理與保險學系,,42.23,190.03
110,淡江,經濟學系,經濟,52.96,238.3
110,淡江,會計學系,會計,54.97,247.38
110,淡江,企業管理學系,企業管理,50.0,224.98
110,淡江,統計學系,統計,47.71,214.68
110,淡江,資訊管理學系,資訊管理,49.48,222.68
110,淡江,運輸管理學系,,42.23,190.03
110,淡江,公共行政學系,,50.27,276.5
110,淡江,管理科學學系(事業經營組),,42.49,191.2
110,淡江,管理科學學系(行銷與流通管理組),,40.62,203.1
110,淡江,外交與國際關係學系全英語學士班,政治,54.38,271.9
110,淡江,國際觀光管理學系全英語學士班(海外實習組),外文,45.15,180.6
110,淡江,國際觀光管理學系全英語學士班(產業實習組),外文,43.03,172.1
110,淡江,全球政治經濟學系全英語學士班,經濟,46.18,184.7
110,淡江,理學院尖端材料科學學士學位學程,材料,25.3,177.1
110,淡江,數學學系數學組,數學,27.63,165.75
110,淡江,數學學系資料科學與數理統計組,統計,28.03,168.15
110,淡江,化學學系化學與生物化學組,,26.89,215.1
110,淡江,化學學系材料化學組,材料,26.8,214.4
110,淡江,物理學系光電物理組,光電,32.09,144.4
110,淡江,物理學系應用物理組,物理,30.78,138.5
110,淡江,建築學系,建築,44.67,312.7
110,淡江,土木工程學系,土木工程,36.33,163.5
110,淡江,資訊工程學系,資訊工程,45.06,247.85
110,淡江,資訊工程學系全英語學士班,資訊工程,53.02,265.1
110,淡江,機械與機電工程學系光機電整合組,機械工程,30.82,231.15
110,淡江,機械與機電工程學系精密機械組,機械工程,29.03,217.7
110,淡江,人工智慧學系,,36.84,221.05
110,淡江,電機工程學系電機資訊組,電機工程,39.93,239.55
110,淡江,電機工程學系電機通訊組,電機工程,35.16,210.95
110,淡江,電機工程學系電機與系統組,電機工程,39.53,237.15
110,淡江,化學工程與材料工程學系,化學工程,29.75,223.15
110,淡江,航空太空工程學系,,32.05,256.4
110,淡江,水資源及環境工程學系水資源工程組,,33.07,148.8
110,淡江,水資源及環境工程學系環境工程組,,34.8,156.6
111,淡江,中國文學學系,中文,27.67,124.5
111,淡江,歷史學系,歷史,23.67,106.5
111,淡江,資訊與圖書館學系,,18.4,92.0
111,淡江,大眾傳播學系,新聞傳播,30.33,182.0
111,淡江,資訊傳播學系,新聞傳播,18.38,119.5
111,淡江,教育科技學系,,23.2,116.0
111,淡江,教育與未來設計學系,,24.67,74.0
111,淡江,英文學系,外文,28.0,112.0
111,淡江,英文學系全英語學士班,外文,26.25,105.0
111,淡江,法國語文學系,,21.67,130.0
111,淡江,德國語文學系,,28.0,154.0
111,淡江,西班牙語文學系,,22.0,99.0
111,淡江,日本語文學系,日文,20.25,81.0
111,淡江,俄國語文學系,,32.8,164.0
111,淡江,財務金融學系,財務金融,28.55,157.0
111,淡江,財務金融學系全球財務管理全英語學士班,財務金融,18.33,110.0
111,淡江,產業經濟學系,經濟,16.27,89.5
111,淡江,國際企業學系經貿管理組,國際企業,23.36,128.5
111,淡江,國際企業學系國際商學全英語組,國際企業,19.33,116.0
111,淡江,風險管理與保險學系,,15.64,86.0
111,淡江,經濟學系,經濟,14.09,77.5
111,淡江,會計學系,會計,23.45,129.0
111,淡江,企業管理學系,企業管理,21.8,109.0
111,淡江,統計學系,統計,20.91,115.0
111,淡江,資訊管理學系,資訊管理,14.55,80.0
111,淡江,運輸管理學系,,14.82,81.5
111,淡江,公共行政學系,,17.55,96.5
111,淡江,管理科學學系(大數據資料分析應用組),,18.91,104.0
111,淡江,管理科學學系(企業經營與行銷流通組),,20.45,112.5
111,淡江,外交與國際關係學系全英語學士班,政治,20.0,100.0
111,淡江,國際觀光管理學系全英語學士班(海外實習組),外文,19.25,77.0
111,淡江,國際觀光管理學系全英語學士班(全球跨域組),外文,18.25,73.0
111,淡江,全球政治經濟學系全英語學士班,經濟,19.25,77.0
111,淡江,理學院尖端材料科學學士學位學程,材料,14.79,103.5
111,淡江,數學學系數學組,數學,14.25,85.5
111,淡江,數學學系資料科學與數理統計組,統計,12.17,73.0
111,淡江,化學學系化學與生物化學組,,12.88,103.0
111,淡江,化學學系材料化學組,材料,17.88,143.0
111,淡江,物理學系光電物理組,光電,10.0,45.0
111,淡江,物理學系應用物理組,物理,12.44,56.0
111,淡江,建築學系,建築,25.33,114.0
111,淡江,土木工程學系,土木工程,13.78,62.0
111,淡江,資訊工程學系,資訊工程,24.6,123.0
111,淡江,資訊工程學系全英語學士班,資訊工程,12.6,63.0
111,淡江,機械與機電工程學系光機電整合組,機械工程,18.45,101.5
111,淡江,機械與機電工程學系精密機械組,機械工程,15.0,82.5
111,淡江,人工智慧學系,,15.33,46.0
111,淡江,電機工程學系電機資訊組,電機工程,26.0,104.0
111,淡江,電機工程學系電機通訊組,電機工程,17.75,71.0
111,淡江,電機工程學系電機與系統組,電機工程,22.0,88.0
111,淡江,化學工程與材料工程學系,化學工程,13.27,99.5
111,淡江,航空太空工程學系,,17.25,138.0
111,淡江,水資源及環境工程學系水資源工程組,,18.22,82.0
111,淡江,水資源及環境工程學系環境工程組,,20.44,92.0
112,淡江,中國文學學系,中文,19.78,89.0
112,淡江,歷史學系,歷史,26.44,119.0
112,淡江,資訊與圖書館學系,,26.25,105.0
112,淡江,大眾傳播學系,新聞傳播,30.67,92.0
112,淡江,資訊傳播學系,新聞傳播,28.4,142.0
112,淡江,教育科技學系,,20.29,71.0
112,淡江,教育與未來設計學系,,18.33,55.0
112,淡江,英文學系,外文,17.75,71.0
112,淡江,英文學系全英語學士班,外文,20.75,83.0
112,淡江,法國語文學系,,18.67,56.0
112,淡江,德國語文學系,,19.33,58.0
112,淡江,西班牙語文學系,,24.67,74.0
112,淡江,日本語文學系,日文,29.25,117.0
112,淡江,俄國語文學系,,21.0,73.5
112,淡江,財務金融學系,財務金融,31.0,170.5
112,淡江,財務金融學系全球財務管理全英語學士班,財務金融,14.17,85.0
112,淡江,產業經濟學系,經濟,21.92,142.5
112,淡江,國際企業學系經貿管理組,國際企業,25.18,138.5
112,淡江,國際企業學系國際商學全英語組,國際企業,13.0,78.0
112,淡江,風險管理與保險學系,,16.82,92.5
112,淡江,經濟學系,經濟,24.0,132.0
112,淡江,會計學系,會計,28.0,154.0
112,淡江,企業管理學系,企業管理,25.83,155.0
112,淡江,統計學系,統計,18.75,75.0
112,淡江,資訊管理學系,資訊管理,24.11,108.5
112,淡江,運輸管理學系,,31.44,141.5
112,淡江,公共行政學系,,35.29,123.5
112,淡江,管理科學學系,,21.2,106.0
112,淡江,外交與國際關係學系全英語學士班,政治,23.29,81.5
112,淡江,國際觀光管理學系全英語學士班,外文,19.92,64.75
112,淡江,全球政治經濟學系全英語學士班,經濟,18.5,74.0
112,淡江,理學院尖端材料科學學士學位學程,材料,21.4,107.0
112,淡江,數學學系數學組,數學,22.5,90.0
112,淡江,數學學系資料科學與數理統計組,統計,21.75,87.0
112,淡江,化學學系化學與生物化學組,,25.46,82.75
112,淡江,化學學系材料化學組,材料,26.08,84.75
112,淡江,物理學系光電物理組,光電,23.0,92.0
112,淡江,物理學系應用物理組,物理,22.25,89.0
112,淡江,建築學系,建築,32.37,153.75
112,淡江,土木工程學系,土木工程,27.11,122.0
112,淡江,資訊工程學系,資訊工程,32.4,162.0
112,淡江,資訊工程學系全英語學士班,資訊工程,11.6,58.0
112,淡江,機械與機電工程學系光機電整合組,機械工程,32.25,129.0
112,淡江,機械與機電工程學系精密機械組,機械工程,32.0,128.0
112,淡江,人工智慧學系,,31.33,94.0
112,淡江,電機工程學系電機資訊組,電機工程,36.14,126.5
112,淡江,電機工程學系電機通訊組,電機工程,33.14,116.0
112,淡江,電機工程學系電機與系統組,電機工程,34.43,120.5
112,淡江,化學工程與材料工程學系,化學工程,27.0,94.5
112,淡江,航空太空工程學系,,23.0,69.0
112,淡江,水資源及環境工程學系水資源工程組,,27.5,110.0
112,淡江,水資源及環境工程學系環境工程組,,28.0,112.0
113,淡江,中國文學學系,中文,26.22,118.0
113,淡江,歷史學系,歷史,30.0,135.0
113,淡江,資訊與圖書館學系,,26.5,106.0
113,淡江,大眾傳播學系,新聞傳播,29.33,88.0
113,淡江,資訊傳播學系,新聞傳播,28.8,144.0
113,淡江,教育科技學系,,26.75,107.0
113,淡江,教育與未來設計學系,,28.6,143.0
113,淡江,英文學系,外文,25.0,100.0
113,淡江,英文學系全英語學士班,外文,19.75,79.0
113,淡江,法國語文學系,,25.67,77.0
113,淡江,德國語文學系,,24.33,73.0
113,淡江,西班牙語文學系,,30.33,91.0
113,淡江,日本語文學系,日文,34.5,138.0
113,淡江,俄國語文學系,,23.67,71.0
113,淡江,財務金融學系,財務金融,34.75,139.0
113,淡江,財務金融學系全球財務管理全英語學士班,財務金融,29.67,133.5
113,淡江,產業經濟學系,經濟,28.78,129.5
113,淡江,國際企業學系經貿管理組,國際企業,27.5,110.0
113,淡江,國際企業學系國際商學全英語組,國際企業,25.0,112.5
113,淡江,風險管理與保險學系,,27.0,81.0
113,淡江,經濟學系,經濟,29.0,116.0
113,淡江,會計學系,會計,32.63,130.5
113,淡江,企業管理學系,企業管理,32.25,129.0
113,淡江,統計學系,統計,30.63,122.5
113,淡江,資訊管理學系,資訊管理,25.5,102.0
113,淡江,運輸管理學系,,33.33,150.0
113,淡江,公共行政學系,,36.29,127.0
113,淡江,管理科學學系,,27.0,81.0
113,淡江,外交與國際關係學系全英語學士班,政治,27.43,96.0
113,淡江,國際觀光管理學系全英語學士班,外文,19.38,63.0
113,淡江,全球政治經濟學系全英語學士班,經濟,16.75,67.0
113,淡江,應用數學與數據科學學系,數學,29.75,119.0
113,淡江,化學學系,,30.0,120.0
113,淡江,物理學系(量子材料組),材料,27.33,123.0
113,淡江,物理學系(天文與基礎物理組),物理,28.45,156.5
113,淡江,建築學系,建築,35.91,197.5
113,淡江,土木工程學系,土木工程,32.0,136.0
113,淡江,資訊工程學系,資訊工程,36.2,181.0
113,淡江,資訊工程學系全英語學士班,資訊工程,22.6,113.0
113,淡江,機械與機電工程學系,機械工程,36.0,144.0
113,淡江,電機工程學系電機資訊組,電機工程,36.86,129.0
113,淡江,電機工程學系電機通訊組,電機工程,35.43,124.0
113,淡江,電機工程學系電機與系統組,電機工程,36.57,128.0
113,淡江,化學工程與材料工程學系,化學工程,33.0,115.5
113,淡江,航空太空工程學系,,27.33,82.0
113,淡江,水資源及環境工程學系,,33.5,134.0
113,淡江,人工智慧學系,,33.33,100.0
114,淡江,中國文學學系,中文,26.67,120.0
114,淡江,歷史學系,歷史,28.89,130.0
114,淡江,資訊與圖書館學系,,26.75,107.0
114,淡江,大眾傳播學系,新聞傳播,26.67,80.0
114,淡江,資訊傳播學系,新聞傳播,30.25,121.0
114,淡江,教育科技學系,,27.4,137.0
114,淡江,教育與未來設計學系,,27.0,135.0
114,淡江,英文學系,外文,23.75,95.0
114,淡江,英文學系全英語學士班,外文,22.0,88.0
114,淡江,歐洲語文學系法文組,,24.0,72.0
114,淡江,歐洲語文學系德文組,,24.67,74.0
114,淡江,歐洲語文學系西文組,,25.67,77.0
114,淡江,歐洲語文學系俄文組,,24.0,72.0
114,淡江,日本語文學系,日文,31.25,125.0
114,淡江,財務金融學系,財務金融,32.75,131.0
114,淡江,財務金融學系全球財務管理全英語學士班,財務金融,25.44,114.5
114,淡江,國際企業學系經貿管理組,國際企業,26.38,105.5
114,淡江,國際企業學系國際商學全英語組,國際企業,22.33,100.5
114,淡江,風險管理與保險學系,,27.67,83.0
114,淡江,經濟學系,經濟,28.25,113.0
114,淡江,會計學系,會計,31.63,126.5
114,淡江,企業管理學系,企業管理,30.75,123.0
114,淡江,企業管理學系全英語學士班,企業管理,22.8,114.0
114,淡江,統計與資料科學學系,統計,31.5,126.0
114,淡江,資訊管理學系,資訊管理,30.63,122.5
114,淡江,運輸管理學系,,32.33,145.5
114,淡江,公共行政學系,,33.86,118.5
114,淡江,管理科學學系,,27.67,83.0
114,淡江,外交與國際關係學系全英語學士班,政治,25.0,87.5
114,淡江,國際觀光管理學系全英語學士班,外文,22.62,73.5
114,淡江,全球政治經濟學系全英語學士班,經濟,24.0,96.0
114,淡江,應用數學與數據科學學系,數學,30.2,151.0
114,淡江,化學學系,,35.8,179.0
114,淡江,物理學系(量子材料組),材料,30.67,138.0
114,淡江,物理學系(天文與基礎物理組),物理,31.55,173.5
114,淡江,建築學系,建築,36.0,198.0
114,淡江,土木工程學系,土木工程,32.47,138.0
114,淡江,資訊工程學系,資訊工程,35.36,194.5
114,淡江,資訊工程學系全英語學士班,資訊工程,29.45,162.0
114,淡江,機械與機電工程學系,機械工程,36.0,144.0
114,淡江,電機工程學系電機資訊組,電機工程,38.57,135.0
114,淡江,電機工程學系電機通訊組,電機工程,38.14,133.5
114,淡江,電機工程學系電機與系統組,電機工程,38.71,135.5
114,淡江,化學工程與材料工程學系,化學工程,34.0,119.0
114,淡江,航空太空工程學系,,33.2,166.0
114,淡江,水資源及環境工程學系,,33.5,134.0
114,淡江,人工智慧學系,,33.67,101.0
115,淡江,中國文學學系,中文,30.67,138.0
115,淡江,歷史學系,歷史,32.33,145.5
115,淡江,資訊與圖書館學系,,28.25,113.0
115,淡江,大眾傳播學系,新聞傳播,27.67,83.0
115,淡江,資訊傳播學系,新聞傳播,31.5,126.0
115,淡江,教育科技學系,,29.2,146.0
115,淡江,教育與未來設計學系,,29.2,146.0
115,淡江,英文學系,外文,27.25,109.0
115,淡江,英文學系全英語學士班,外文,21.5,86.0
115,淡江,歐洲語文學系法文組,,25.33,76.0
115,淡江,歐洲語文學系德文組,,26.33,79.0
115,淡江,歐洲語文學系西文組,,28.0,84.0
115,淡江,歐洲語文學系俄文組,,23.67,71.0
115,淡江,日本語文學系,日文,33.75,135.0
115,淡江,財務金融學系,財務金融,30.5,122.0
115,淡江,財務金融學系全球財務管理全英語學士班,財務金融,23.56,106.0
115,淡江,國際企業學系經貿管理組,國際企業,32.67,98.0
115,淡江,國際企業學系國際商學全英語組,國際企業,26.25,105.0
115,淡江,風險管理與保險學系,,28.33,85.0
115,淡江,經濟學系,經濟,27.0,108.0
115,淡江,會計學系,會計,30.5,122.0
115,淡江,企業管理學系,企業管理,33.38,133.5
115,淡江,企業管理學系全英語學士班,企業管理,23.8,119.0
115,淡江,統計與資料科學學系,統計,31.0,124.0
115,淡江,資訊管理學系,資訊管理,25.11,113.0
115,淡江,運輸管理學系,,33.0,148.5
115,淡江,公共行政暨法律學系,法律,36.71,128.5
115,淡江,管理科學學系,,29.0,87.0
115,淡江,外交與國際關係學系全英語學士班,政治,26.71,93.5
115,淡江,國際觀光管理學系全英語學士班,外文,25.69,83.5
115,淡江,全球政治經濟學系全英語學士班,經濟,24.0,96.0
115,淡江,應用數學與數據科學學系,數學,27.8,139.0
115,淡江,化學學系,,35.8,179.0
115,淡江,物理學系(量子材料組),材料,31.22,140.5
115,淡江,物理學系(天文與基礎物理組),物理,33.0,181.5
115,淡江,建築學系,建築,34.36,189.0
115,淡江,土木工程學系,土木工程,31.41,133.5
115,淡江,資訊工程學系,資訊工程,33.09,182.0
115,淡江,資訊工程學系全英語學士班,資訊工程,27.91,153.5
115,淡江,機械與機電工程學系,機械工程,36.5,146.0
115,淡江,電機工程學系(電機資訊組),電機工程,35.14,123.0
115,淡江,電機工程學系(電機通訊組),電機工程,35.86,125.5
115,淡江,電機工程學系(電機與系統組),電機工程,35.71,125.0
115,淡江,化學工程與材料工程學系,化學工程,33.86,118.5
115,淡江,航空太空工程學系,,33.2,166.0
115,淡江,水資源及環境工程學系,,33.0,132.0
115,淡江,人工智慧學系,,30.8,154.0
101,逢甲,中國文學系,中文,57.18,285.9
101,逢甲,外國語文學系,外文,61.02,350.85
101,逢甲,會計學系,會計,58.85,470.8
101,逢甲,國際貿易學系,國際企業,59.66,402.7
101,逢甲,財務金融學系,財務金融,62.52,312.6
101,逢甲,風險管理與保險學系,,56.88,455.0
101,逢甲,財稅學系,,58.82,441.15
101,逢甲,合作經濟學系,經濟,57.93,434.5
101,逢甲,統計學系,統計,59.3,311.3
101,逢甲,經濟學系,經濟,58.51,438.85
101,逢甲,企業管理學系,企業管理,58.66,410.6
101,逢甲,國際企業管理學士學位學程,企業管理,65.31,457.2
101,逢甲,行銷學系,,62.87,361.5
101,逢甲,土地管理學系,,59.4,371.28
101,逢甲,機械與電腦輔助工程學系,機械工程,47.78,382.2
101,逢甲,纖維與複合材料學系,材料,47.35,378.8
101,逢甲,工業工程與系統管理學系A組,工業工程,47.24,377.9
101,逢甲,工業工程與系統管理學系B組,工業工程,57.11,314.1
101,逢甲,化學工程學系,化學工程,50.34,402.7
101,逢甲,航太與系統工程學系,,47.95,383.6
101,逢甲,應用數學系A組,數學,49.14,270.25
101,逢甲,應用數學系B組,數學,58.96,324.28
101,逢甲,環境工程與科學學系,,51.46,295.9
101,逢甲,光電學系,光電,51.73,284.5
101,逢甲,資訊工程學系,資訊工程,52.61,355.1
101,逢甲,電子工程學系,電子工程,50.68,354.73
101,逢甲,電機工程學系,電機工程,57.64,389.08
101,逢甲,自動控制工程學系,,47.21,330.5
101,逢甲,資訊電機學院不分系榮譽班,,52.34,353.3
101,逢甲,通訊工程學系,,48.47,351.43
101,逢甲,土木工程學系,土木工程,51.32,282.28
101,逢甲,水利工程與資源保育學系,,49.77,286.15
101,逢甲,建築學系,建築,58.85,456.05
101,逢甲,都計與空間資訊系都市計畫組,,60.06,420.4
101,逢甲,都計與空間資訊系空間資訊組,,59.5,416.5
101,逢甲,運輸科技與管理學系,,58.21,334.68
101,逢甲,材料科學與工程學系,材料,52.01,351.05
102,逢甲,中國文學系,中文,60.8,304.0
102,逢甲,外國語文學系,外文,62.47,359.23
102,逢甲,會計學系,會計,58.18,465.4
102,逢甲,國際貿易學系,國際企業,58.62,410.35
102,逢甲,財務金融學系,財務金融,59.36,296.8
102,逢甲,風險管理與保險學系,,55.85,446.8
102,逢甲,財務工程與精算學士學位學程,,57.4,287.0
102,逢甲,財稅學系,,57.49,431.15
102,逢甲,合作經濟學系,經濟,56.86,426.45
102,逢甲,統計學系,統計,55.38,290.75
102,逢甲,經濟學系,經濟,57.04,427.8
102,逢甲,企業管理學系,企業管理,57.41,401.9
102,逢甲,國際企業管理學士學位學程(英語專班),企業管理,65.83,460.8
102,逢甲,行銷學系,,62.38,358.7
102,逢甲,土地管理學系,,59.14,369.6
102,逢甲,機械與電腦輔助工程學系,機械工程,40.39,323.1
102,逢甲,纖維與複合材料學系,材料,41.3,330.4
102,逢甲,工業工程與系統管理學系A組,工業工程,40.94,327.5
102,逢甲,工業工程與系統管理學系B組,工業工程,57.04,313.7
102,逢甲,化學工程學系,化學工程,42.86,342.9
102,逢甲,航太與系統工程學系,,42.3,338.4
102,逢甲,精密系統設計學士學位學程,,39.96,319.7
102,逢甲,應用數學系A組,數學,49.2,270.6
102,逢甲,應用數學系B組,數學,55.44,304.93
102,逢甲,環境工程與科學學系,,45.91,264.0
102,逢甲,材料科學與工程學系,材料,43.6,294.3
102,逢甲,光電學系,光電,39.63,217.95
102,逢甲,資訊工程學系,資訊工程,45.56,307.55
102,逢甲,電子工程學系,電子工程,42.55,276.55
102,逢甲,電機工程學系,電機工程,49.56,334.5
102,逢甲,自動控制工程學系,,42.28,295.95
102,逢甲,資訊電機學院不分系榮譽班,,43.95,307.63
102,逢甲,通訊工程學系,,42.15,305.58
102,逢甲,土木工程學系,土木工程,46.34,254.85
102,逢甲,水利工程與資源保育學系,,43.11,247.9
102,逢甲,建築學系,建築,55.39,429.3
102,逢甲,都市計畫與空間資訊學系都市計畫組,,60.64,424.5
102,逢甲,都市計畫與空間資訊學系空間資訊組,,59.13,413.9
102,逢甲,運輸科技與管理學系,,56.08,322.45
103,逢甲,中國文學系,中文,60.18,300.9
103,逢甲,外國語文學系,外文,62.44,296.58
103,逢甲,會計學系,會計,57.15,457.2
103,逢甲,國際貿易學系,國際企業,57.48,402.35
103,逢甲,財務金融學系,財務金融,60.24,240.95
103,逢甲,風險管理與保險學系,,53.73,429.8
103,逢甲,財務工程與精算學士學位學程,,58.06,290.3
103,逢甲,財稅學系,,56.81,426.05
103,逢甲,合作經濟學系,經濟,54.27,407.0
103,逢甲,統計學系,統計,53.69,281.85
103,逢甲,經濟學系,經濟,55.67,417.5
103,逢甲,企業管理學系,企業管理,56.04,392.3
103,逢甲,國際企業管理學士學位學程(英語專班),企業管理,66.66,466.6
103,逢甲,行銷學系,,60.45,256.9
103,逢甲,土地管理學系,,57.19,343.15
103,逢甲,機械與電腦輔助工程學系,機械工程,40.09,280.6
103,逢甲,纖維與複合材料學系,材料,39.58,316.6
103,逢甲,工業工程與系統管理學系A組,工業工程,39.4,275.8
103,逢甲,工業工程與系統管理學系B組,工業工程,53.13,292.2
103,逢甲,化學工程學系,化學工程,42.24,337.9
103,逢甲,航太與系統工程學系,,41.78,334.2
103,逢甲,精密系統設計學士學位學程,,38.56,269.9
103,逢甲,應用數學系A組,數學,43.48,239.13
103,逢甲,應用數學系B組,數學,53.05,291.8
103,逢甲,環境工程與科學學系,,40.67,315.2
103,逢甲,材料科學與工程學系,材料,42.37,286.0
103,逢甲,光電學系,光電,40.32,282.25
103,逢甲,資訊工程學系,資訊工程,46.25,312.18
103,逢甲,電子工程學系,電子工程,43.25,270.3
103,逢甲,電機工程學系,電機工程,50.43,340.4
103,逢甲,自動控制工程學系,,41.62,260.15
103,逢甲,資訊電機學院不分系榮譽班,,44.82,313.73
103,逢甲,通訊工程學系,,41.69,271.0
103,逢甲,土木工程學系,土木工程,44.02,242.13
103,逢甲,水利工程與資源保育學系,,41.48,238.5
103,逢甲,建築學系,建築,55.59,375.25
103,逢甲,都市計畫與空間資訊學系都市計畫組,,58.23,407.6
103,逢甲,都市計畫與空間資訊學系空間資訊組,,57.27,400.9
103,逢甲,運輸科技與管理學系,,53.53,307.8
104,逢甲,中國文學系,中文,59.24,296.2
104,逢甲,外國語文學系,外文,56.08,266.38
104,逢甲,會計學系,會計,51.14,409.1
104,逢甲,國際貿易學系,國際企業,52.62,355.18
104,逢甲,財務金融學系,財務金融,48.5,194.0
104,逢甲,風險管理與保險學系,,49.15,393.2
104,逢甲,財務工程與精算學士學位學程,,47.5,213.75
104,逢甲,財稅學系,,50.85,381.4
104,逢甲,合作經濟學系,經濟,49.19,368.9
104,逢甲,統計學系,統計,45.67,239.78
104,逢甲,經濟學系,經濟,49.9,374.25
104,逢甲,企業管理學系,企業管理,51.49,386.2
104,逢甲,國際企業管理學士學位學程(英語專班),企業管理,58.29,408.0
104,逢甲,行銷學系,,50.59,290.9
104,逢甲,機械與電腦輔助工程學系,機械工程,39.2,274.4
104,逢甲,纖維與複合材料學系,材料,35.56,284.5
104,逢甲,工業工程與系統管理學系A組,工業工程,37.27,260.9
104,逢甲,工業工程與系統管理學系B組,工業工程,47.56,261.6
104,逢甲,化學工程學系,化學工程,40.9,327.2
104,逢甲,航太與系統工程學系,,39.45,315.6
104,逢甲,精密系統設計學士學位學程,,36.9,258.3
104,逢甲,應用數學系A組,數學,39.02,214.63
104,逢甲,應用數學系B組,數學,45.89,252.38
104,逢甲,環境工程與科學學系,,37.82,293.1
104,逢甲,材料科學與工程學系,材料,39.62,267.43
104,逢甲,光電學系,光電,37.66,263.6
104,逢甲,資訊工程學系,資訊工程,42.19,284.8
104,逢甲,電子工程學系,電子工程,41.78,271.55
104,逢甲,電機工程學系,電機工程,46.18,311.7
104,逢甲,自動控制工程學系,,39.19,254.75
104,逢甲,資訊電機學院不分系榮譽班,,41.89,293.2
104,逢甲,通訊工程學系,,41.84,209.2
104,逢甲,土木工程學系,土木工程,42.67,234.7
104,逢甲,水利工程與資源保育學系,,38.85,223.4
104,逢甲,土地管理學系,,54.44,326.65
104,逢甲,建築學系,建築,48.99,330.65
104,逢甲,都市計畫與空間資訊學系都市計畫組,,56.93,398.5
104,逢甲,都市計畫與空間資訊學系空間資訊組,,55.16,386.1
104,逢甲,運輸科技與管理學系,,47.8,274.85
105,逢甲,中國文學系,中文,38.28,191.4
105,逢甲,外國語文學系,外文,52.16,247.75
105,逢甲,會計學系,會計,52.05,416.4
105,逢甲,國際經營與貿易學系,,51.42,347.1
105,逢甲,國際經營與貿易學系國際企業管理全英語學士班,企業管理,57.88,405.15
105,逢甲,財稅學系,,49.37,370.3
105,逢甲,合作經濟暨社會事業經營學系,經濟,47.13,353.45
105,逢甲,統計學系,統計,43.5,228.38
105,逢甲,經濟學系,經濟,48.31,362.3
105,逢甲,企業管理學系,企業管理,49.01,379.8
105,逢甲,行銷學系,,57.01,327.8
105,逢甲,財務金融學系,財務金融,52.35,209.4
105,逢甲,風險管理與保險學系,,44.79,358.3
105,逢甲,財務工程與精算學士學位學程,,46.36,208.6
105,逢甲,機械與電腦輔助工程學系,機械工程,33.81,228.2
105,逢甲,纖維與複合材料學系,材料,31.98,255.8
105,逢甲,工業工程與系統管理學系A組,工業工程,31.46,220.2
105,逢甲,工業工程與系統管理學系B組,工業工程,43.56,239.6
105,逢甲,化學工程學系,化學工程,39.15,313.2
105,逢甲,航太與系統工程學系,,44.74,357.9
105,逢甲,精密系統設計學士學位學程,,30.4,212.8
105,逢甲,應用數學系A組,數學,34.78,191.3
105,逢甲,應用數學系B組,數學,43.21,237.68
105,逢甲,材料科學與工程學系,材料,34.58,233.43
105,逢甲,環境工程與科學學系,,36.73,211.2
105,逢甲,光電學系,光電,29.84,134.3
105,逢甲,資訊工程學系甲組,資訊工程,45.0,292.5
105,逢甲,資訊工程學系乙組,資訊工程,50.62,278.4
105,逢甲,電子工程學系,電子工程,40.89,265.8
105,逢甲,電機工程學系,電機工程,43.64,250.95
105,逢甲,自動控制工程學系,,35.92,233.45
105,逢甲,資訊電機學院不分系榮譽班甲組,,42.47,180.5
105,逢甲,資訊電機學院不分系榮譽班乙組,,50.24,188.4
105,逢甲,通訊工程學系,,37.8,189.0
105,逢甲,土木工程學系,土木工程,40.5,222.75
105,逢甲,水利工程與資源保育學系,,33.69,193.7
105,逢甲,都市計畫與空間資訊學系都市計畫組,,54.11,378.8
105,逢甲,都市計畫與空間資訊學系空間資訊組,,50.99,356.9
105,逢甲,運輸科技與管理學系,,48.14,276.8
105,逢甲,土地管理學系,,50.67,304.0
105,逢甲,建築專業學院學士班,,47.17,318.4
106,逢甲,中國文學系,中文,51.34,218.2
106,逢甲,外國語文學系,外文,51.68,245.48
106,逢甲,會計學系,會計,52.91,423.3
106,逢甲,國際經營與貿易學系,,51.85,350.0
106,逢甲,國際經營與貿易學系國際企業管理全英語學士班,企業管理,59.19,399.5
106,逢甲,財稅學系,,50.71,380.35
106,逢甲,合作經濟暨社會事業經營學系,經濟,49.54,371.55
106,逢甲,統計學系,統計,43.97,230.83
106,逢甲,經濟學系,經濟,48.88,366.6
106,逢甲,企業管理學系,企業管理,51.49,399.05
106,逢甲,行銷學系,,56.75,326.3
106,逢甲,財務金融學系,財務金融,52.93,211.7
106,逢甲,風險管理與保險學系,,42.19,147.65
106,逢甲,財務工程與精算學士學位學程,,51.49,180.2
106,逢甲,機械與電腦輔助工程學系,機械工程,37.69,188.45
106,逢甲,纖維與複合材料學系,材料,31.19,249.5
106,逢甲,工業工程與系統管理學系A組,工業工程,37.12,185.6
106,逢甲,工業工程與系統管理學系B組,工業工程,43.28,216.4
106,逢甲,化學工程學系,化學工程,38.18,305.4
106,逢甲,航太與系統工程學系,,44.19,353.5
106,逢甲,精密系統設計學士學位學程,,34.27,188.5
106,逢甲,應用數學系A組,數學,33.39,183.65
106,逢甲,應用數學系B組,數學,42.78,235.3
106,逢甲,材料科學與工程學系,材料,34.06,170.3
106,逢甲,環境工程與科學學系,,34.5,198.4
106,逢甲,光電學系A組,光電,34.85,174.25
106,逢甲,光電學系B組,光電,45.81,229.05
106,逢甲,資訊工程學系甲組,資訊工程,47.27,295.43
106,逢甲,資訊工程學系乙組,資訊工程,53.67,268.35
106,逢甲,電子工程學系甲組,電子工程,45.85,252.15
106,逢甲,電子工程學系乙組,電子工程,52.33,248.55
106,逢甲,電機工程學系甲組,電機工程,48.42,290.5
106,逢甲,電機工程學系乙組,電機工程,53.08,225.58
106,逢甲,自動控制工程學系,,38.18,190.9
106,逢甲,資訊電機學院不分系榮譽班甲組,,45.59,250.75
106,逢甲,資訊電機學院不分系榮譽班乙組,,50.62,240.43
106,逢甲,通訊工程學系,,37.36,186.8
106,逢甲,土木工程學系,土木工程,37.15,204.3
106,逢甲,水利工程與資源保育學系,,42.64,213.2
106,逢甲,都市計畫與空間資訊學系都市計畫組,,54.34,380.4
106,逢甲,都市計畫與空間資訊學系空間資訊組,,53.16,372.1
106,逢甲,運輸與物流學系,,44.63,256.6
106,逢甲,土地管理學系,,49.91,299.45
106,逢甲,建築專業學院學士班,,47.58,321.15
107,逢甲,機械與電腦輔助工程學系,機械工程,45.5,227.5
107,逢甲,纖維與複合材料學系,材料,38.28,306.2
107,逢甲,工業工程與系統管理學系A組,工業工程,44.84,224.2
107,逢甲,工業工程與系統管理學系B組,工業工程,48.16,240.8
107,逢甲,化學工程學系,化學工程,43.77,350.15
107,逢甲,航太與系統工程學系,,50.34,402.7
107,逢甲,精密系統設計學士學位學程,,44.55,245.0
107,逢甲,會計學系,會計,53.31,426.5
107,逢甲,國際經營與貿易學系,,51.85,246.3
107,逢甲,國際經營與貿易學系國際企業管理全英語學士班,企業管理,59.86,254.4
107,逢甲,財稅學系,,53.82,349.8
107,逢甲,合作經濟暨社會事業經營學系,經濟,49.4,370.5
107,逢甲,統計學系商業大數據組,統計,49.53,260.05
107,逢甲,統計學系大數據分析與市場決策組,統計,49.27,258.66
107,逢甲,經濟學系,經濟,49.49,371.2
107,逢甲,企業管理學系,企業管理,50.59,392.05
107,逢甲,行銷學系,,57.05,328.05
107,逢甲,應用數學系A組,數學,48.16,264.9
107,逢甲,應用數學系B組,數學,48.7,267.83
107,逢甲,材料科學與工程學系,材料,41.2,206.0
107,逢甲,環境工程與科學學系,,43.08,247.7
107,逢甲,光電科學與工程學系A組,光電,47.78,238.9
107,逢甲,光電科學與工程學系B組,光電,51.56,257.8
107,逢甲,中國文學系,中文,52.82,224.48
107,逢甲,外國語文學系,外文,52.68,250.23
107,逢甲,資訊工程學系甲組,資訊工程,55.86,349.15
107,逢甲,資訊工程學系乙組,資訊工程,61.83,309.15
107,逢甲,電子工程學系甲組,電子工程,51.34,231.05
107,逢甲,電子工程學系乙組,電子工程,58.75,220.3
107,逢甲,電機工程學系甲組,電機工程,57.61,345.65
107,逢甲,電機工程學系乙組,電機工程,61.55,261.58
107,逢甲,自動控制工程學系,,46.67,233.35
107,逢甲,資訊電機學院不分系榮譽班甲組,,53.62,268.1
107,逢甲,資訊電機學院不分系榮譽班乙組,,60.16,285.76
107,逢甲,通訊工程學系甲組,,48.66,194.65
107,逢甲,通訊工程學系乙組,,55.46,194.1
107,逢甲,土木工程學系,土木工程,45.96,252.8
107,逢甲,水利工程與資源保育學系A組,,47.8,239.0
107,逢甲,水利工程與資源保育學系B組,,51.02,255.1
107,逢甲,都市計畫與空間資訊學系都市計畫組,,60.29,422.0
107,逢甲,都市計畫與空間資訊學系空間資訊組,,54.67,382.7
107,逢甲,運輸與物流學系,,49.69,285.7
107,逢甲,土地管理學系,,54.88,329.25
107,逢甲,財務金融學系,財務金融,54.76,219.05
107,逢甲,風險管理與保險學系,,46.43,162.5
107,逢甲,財務工程與精算學士學位學程,,52.17,182.6
107,逢甲,建築專業學院學士班,,49.96,337.2
108,逢甲,機械與電腦輔助工程學系,機械工程,57.42,287.1
108,逢甲,纖維與複合材料學系,材料,51.7,413.6
108,逢甲,工業工程與系統管理學系A組,工業工程,59.34,296.7
108,逢甲,工業工程與系統管理學系B組,工業工程,61.02,305.1
108,逢甲,化學工程學系,化學工程,56.58,452.6
108,逢甲,航太與系統工程學系,,58.27,466.15
108,逢甲,精密系統設計學士學位學程,,55.24,303.8
108,逢甲,會計學系,會計,63.38,507.0
108,逢甲,國際經營與貿易學系,,60.69,288.3
108,逢甲,國際經營與貿易學系國際企業管理全英語學士班,企業管理,65.91,280.1
108,逢甲,財稅學系,,61.65,400.73
108,逢甲,合作經濟暨社會事業經營學系,經濟,57.74,404.2
108,逢甲,統計學系商業大數據組,統計,61.71,324.0
108,逢甲,統計學系大數據分析與市場決策組,統計,60.63,318.33
108,逢甲,經濟學系,經濟,60.2,451.5
108,逢甲,企業管理學系,企業管理,58.37,452.4
108,逢甲,行銷學系,,63.76,366.6
108,逢甲,應用數學系A組,數學,54.81,301.48
108,逢甲,應用數學系B組,數學,62.69,344.81
108,逢甲,材料科學與工程學系,材料,55.22,414.15
108,逢甲,環境工程與科學學系,,57.15,328.6
108,逢甲,光電科學與工程學系A組,光電,60.43,302.15
108,逢甲,光電科學與工程學系B組,光電,66.15,330.73
108,逢甲,中國文學系,中文,62.31,327.13
108,逢甲,外國語文學系,外文,61.38,337.58
108,逢甲,資訊工程學系甲組,資訊工程,60.82,380.1
108,逢甲,資訊工程學系乙組,資訊工程,71.83,359.15
108,逢甲,電子工程學系甲組,電子工程,58.52,263.35
108,逢甲,電子工程學系乙組,電子工程,70.73,265.25
108,逢甲,電機工程學系甲組,電機工程,62.58,375.45
108,逢甲,電機工程學系乙組,電機工程,72.09,306.38
108,逢甲,自動控制工程學系甲組,,57.16,342.95
108,逢甲,自動控制工程學系乙組,,66.16,314.26
108,逢甲,資訊電機學院學士班甲組,,59.13,325.2
108,逢甲,資訊電機學院學士班乙組,,70.48,334.8
108,逢甲,通訊工程學系甲組,,56.89,227.55
108,逢甲,通訊工程學系乙組,,68.93,241.25
108,逢甲,土木工程學系,土木工程,57.64,317.0
108,逢甲,水利工程與資源保育學系A組,,59.7,298.5
108,逢甲,水利工程與資源保育學系B組,,64.02,320.1
108,逢甲,都市計畫與空間資訊學系,,64.82,453.75
108,逢甲,運輸與物流學系,,59.7,343.25
108,逢甲,土地管理學系,,61.98,371.85
108,逢甲,財務金融學系,財務金融,63.52,222.33
108,逢甲,風險管理與保險學系,,58.12,232.48
108,逢甲,財務工程與精算學士學位學程,,61.34,245.35
108,逢甲,建築專業學院學士班,,56.77,383.2
109,逢甲,機械與電腦輔助工程學系,機械工程,47.74,238.7
109,逢甲,纖維與複合材料學系,材料,42.43,339.4
109,逢甲,工業工程與系統管理學系A組,工業工程,49.36,246.8
109,逢甲,工業工程與系統管理學系B組,工業工程,51.68,258.4
109,逢甲,化學工程學系,化學工程,49.64,397.1
109,逢甲,航太與系統工程學系,,47.93,383.4
109,逢甲,精密系統設計學士學位學程,,43.38,238.6
109,逢甲,應用數學系A組,數學,44.94,247.16
109,逢甲,應用數學系B組,數學,50.26,276.44
109,逢甲,材料科學與工程學系,材料,49.1,368.25
109,逢甲,環境工程與科學學系,,44.71,257.1
109,逢甲,光電科學與工程學系A組,光電,48.9,244.5
109,逢甲,光電科學與工程學系B組,光電,53.45,267.23
109,逢甲,會計學系,會計,52.18,417.4
109,逢甲,國際經營與貿易學系,,49.64,235.8
109,逢甲,國際經營與貿易學系國際企業管理全英語學士班,企業管理,53.18,226.0
109,逢甲,財稅學系,,52.45,340.95
109,逢甲,合作經濟暨社會事業經營學系,經濟,49.71,348.0
109,逢甲,統計學系商業大數據組,統計,49.48,259.78
109,逢甲,統計學系大數據分析與市場決策組,統計,47.97,251.83
109,逢甲,經濟學系,經濟,50.65,379.9
109,逢甲,企業管理學系,企業管理,50.5,391.4
109,逢甲,行銷學系,,50.77,291.95
109,逢甲,中國文學系,中文,56.29,295.51
109,逢甲,外國語文學系,外文,54.04,283.7
109,逢甲,資訊工程學系甲組,資訊工程,55.16,330.95
109,逢甲,資訊工程學系乙組,資訊工程,63.96,319.78
109,逢甲,電子工程學系甲組,電子工程,48.33,217.5
109,逢甲,電子工程學系乙組,電子工程,60.65,227.45
109,逢甲,電機工程學系甲組,電機工程,56.03,336.2
109,逢甲,電機工程學系乙組,電機工程,63.21,268.65
109,逢甲,自動控制工程學系甲組,,46.28,277.67
109,逢甲,自動控制工程學系乙組,,53.85,255.79
109,逢甲,資訊電機學院學士班甲組,,49.68,273.25
109,逢甲,資訊電機學院學士班乙組,,60.2,255.86
109,逢甲,通訊工程學系甲組,,46.55,186.2
109,逢甲,通訊工程學系乙組,,56.37,197.3
109,逢甲,土木工程學系,土木工程,44.15,242.8
109,逢甲,水利工程與資源保育學系A組,,50.26,251.3
109,逢甲,水利工程與資源保育學系B組,,53.14,265.7
109,逢甲,都市計畫與空間資訊學系,,56.41,338.45
109,逢甲,運輸與物流學系,,49.17,282.75
109,逢甲,土地管理學系,,54.25,325.5
109,逢甲,財務金融學系,財務金融,53.1,185.85
109,逢甲,風險管理與保險學系,,44.21,176.83
109,逢甲,財務工程與精算學士學位學程,,48.65,218.93
109,逢甲,建築專業學院學士班,,48.86,329.8
110,逢甲,機械與電腦輔助工程學系,機械工程,35.14,175.7
110,逢甲,纖維與複合材料學系,材料,30.96,247.65
110,逢甲,工業工程與系統管理學系A組,工業工程,40.82,204.1
110,逢甲,工業工程與系統管理學系B組,工業工程,46.02,230.1
110,逢甲,化學工程學系,化學工程,33.64,269.15
110,逢甲,航太與系統工程學系,,42.87,267.95
110,逢甲,精密系統設計學士學位學程,,34.58,190.2
110,逢甲,應用數學系A組,數學,36.02,198.1
110,逢甲,應用數學系B組,數學,48.79,268.34
110,逢甲,材料科學與工程學系,材料,34.44,258.3
110,逢甲,環境工程與科學學系,,35.06,201.6
110,逢甲,光電科學與工程學系A組,光電,42.9,214.48
110,逢甲,光電科學與工程學系B組,光電,50.86,254.3
110,逢甲,會計學系,會計,53.31,333.2
110,逢甲,國際經營與貿易學系,,47.35,224.9
110,逢甲,國際企業管理全英語學士學位學程,企業管理,45.13,191.8
110,逢甲,財稅學系,,54.17,352.13
110,逢甲,合作經濟暨社會事業經營學系,經濟,49.96,349.7
110,逢甲,統計學系商業大數據組,統計,48.4,254.08
110,逢甲,統計學系大數據分析與市場決策組,統計,50.36,264.4
110,逢甲,經濟學系,經濟,56.53,339.2
110,逢甲,企業管理學系,企業管理,52.15,404.2
110,逢甲,行銷學系,,49.36,283.8
110,逢甲,中國文學系,中文,55.23,289.96
110,逢甲,外國語文學系,外文,48.5,254.6
110,逢甲,資訊工程學系甲組,資訊工程,50.35,251.73
110,逢甲,資訊工程學系乙組,資訊工程,65.64,295.38
110,逢甲,電子工程學系甲組,電子工程,46.21,207.95
110,逢甲,電子工程學系乙組,電子工程,60.97,228.65
110,逢甲,電機工程學系甲組,電機工程,50.29,301.75
110,逢甲,電機工程學系乙組,電機工程,60.78,258.3
110,逢甲,自動控制工程學系甲組,,39.42,216.8
110,逢甲,自動控制工程學系乙組,,51.2,230.39
110,逢甲,資訊電機學院學士班甲組,,45.6,250.8
110,逢甲,資訊電機學院學士班乙組,,58.8,279.3
110,逢甲,通訊工程學系甲組,,43.26,194.65
110,逢甲,通訊工程學系乙組,,54.56,218.23
110,逢甲,土木工程學系,土木工程,36.91,203.0
110,逢甲,水利工程與資源保育學系A組,,38.44,192.2
110,逢甲,水利工程與資源保育學系B組,,44.16,220.8
110,逢甲,都市計畫與空間資訊學系,,56.4,338.37
110,逢甲,運輸與物流學系,,49.06,282.1
110,逢甲,土地管理學系,,56.67,340.0
110,逢甲,財務金融學系,財務金融,52.5,183.75
110,逢甲,風險管理與保險學系,,44.11,176.45
110,逢甲,財務工程與精算學士學位學程,,49.27,221.7
110,逢甲,建築專業學院學士班,,45.27,305.6
110,逢甲,人工智慧技術與應用學士學位學程,,45.9,172.11
111,逢甲,機械與電腦輔助工程學系,機械工程,16.25,97.5
111,逢甲,纖維與複合材料學系,材料,14.75,118.0
111,逢甲,工業工程與系統管理學系A組,工業工程,15.6,78.0
111,逢甲,工業工程與系統管理學系B組,工業工程,20.0,120.0
111,逢甲,化學工程學系,化學工程,13.63,109.0
111,逢甲,航太與系統工程學系,,23.32,145.75
111,逢甲,精密系統設計學士學位學程,,16.08,104.5
111,逢甲,應用數學系A組,數學,18.86,103.75
111,逢甲,應用數學系B組,數學,24.42,158.75
111,逢甲,材料科學與工程學系,材料,21.2,159.0
111,逢甲,環境工程與科學學系,,15.11,102.0
111,逢甲,光電科學與工程學系,光電,21.0,105.0
111,逢甲,會計學系,會計,24.0,150.0
111,逢甲,國際經營與貿易學系,,13.18,72.5
111,逢甲,國際企業管理全英語學士學位學程A組,企業管理,19.0,76.0
111,逢甲,國際企業管理全英語學士學位學程B組,企業管理,17.8,89.0
111,逢甲,財稅學系,,29.08,189.0
111,逢甲,合作經濟暨社會事業經營學系,經濟,22.67,136.0
111,逢甲,統計學系商業大數據組,統計,24.55,135.0
111,逢甲,統計學系大數據分析與市場決策組,統計,12.56,56.5
111,逢甲,經濟學系,經濟,21.09,116.0
111,逢甲,企業管理學系,企業管理,23.68,183.5
111,逢甲,行銷學系,,29.93,202.0
111,逢甲,中國文學系,中文,22.24,116.75
111,逢甲,外國語文學系,外文,33.62,176.5
111,逢甲,資訊工程學系甲組,資訊工程,32.88,131.5
111,逢甲,資訊工程學系乙組,資訊工程,32.67,196.0
111,逢甲,電子工程學系甲組,電子工程,30.73,115.25
111,逢甲,電子工程學系乙組,電子工程,29.81,156.5
111,逢甲,電機工程學系甲組,電機工程,30.52,160.25
111,逢甲,電機工程學系乙組,電機工程,30.9,154.5
111,逢甲,自動控制工程學系甲組,,20.82,114.5
111,逢甲,自動控制工程學系乙組,,13.09,75.25
111,逢甲,資訊電機學院學士班甲組,,27.82,153.0
111,逢甲,資訊電機學院學士班乙組,,29.83,171.5
111,逢甲,通訊工程學系甲組,,24.29,127.5
111,逢甲,通訊工程學系乙組,,22.81,119.75
111,逢甲,土木工程學系,土木工程,18.69,121.5
111,逢甲,水利工程與資源保育學系,,21.6,108.0
111,逢甲,都市計畫與空間資訊學系甲組,,31.4,157.0
111,逢甲,都市計畫與空間資訊學系乙組,,25.0,150.0
111,逢甲,運輸與物流學系,,22.04,148.75
111,逢甲,土地管理學系A組,,30.4,152.0
111,逢甲,土地管理學系B組,,27.5,165.0
111,逢甲,財務金融學系,財務金融,28.89,130.0
111,逢甲,風險管理與保險學系,,19.4,97.0
111,逢甲,財務工程與精算學士學位學程,,22.55,124.0
111,逢甲,建築專業學院學士班,,24.48,165.25
111,逢甲,人工智慧技術與應用學士學位學程,,21.6,81.0
112,逢甲,機械與電腦輔助工程學系,機械工程,30.92,185.5
112,逢甲,纖維與複合材料學系,材料,29.0,203.0
112,逢甲,工業工程與系統管理學系A組,工業工程,32.2,161.0
112,逢甲,工業工程與系統管理學系B組,工業工程,30.83,185.0
112,逢甲,化學工程學系,化學工程,29.13,233.0
112,逢甲,航太與系統工程學系,,35.08,219.25
112,逢甲,精密系統設計學士學位學程,,26.54,172.5
112,逢甲,應用數學系A組,數學,26.23,144.25
112,逢甲,應用數學系B組,數學,25.88,155.25
112,逢甲,材料科學與工程學系,材料,29.93,224.5
112,逢甲,環境工程與科學學系,,26.41,178.25
112,逢甲,光電科學與工程學系,光電,30.4,152.0
112,逢甲,會計學系,會計,30.92,193.25
112,逢甲,國際經營與貿易學系,,27.82,118.25
112,逢甲,國際企業管理全英語學士學位學程,企業管理,26.33,158.0
112,逢甲,財稅學系,,33.04,206.5
112,逢甲,合作經濟暨社會事業經營學系,經濟,26.64,146.5
112,逢甲,統計學系商業大數據組,統計,25.73,141.5
112,逢甲,統計學系大數據分析與市場決策組,統計,22.89,103.0
112,逢甲,經濟學系,經濟,29.55,162.5
112,逢甲,企業管理學系,企業管理,28.52,221.0
112,逢甲,行銷學系,,30.67,207.0
112,逢甲,中國文學系,中文,28.33,148.75
112,逢甲,外國語文學系,外文,18.48,97.0
112,逢甲,資訊工程學系,資訊工程,35.0,140.0
112,逢甲,電子工程學系,電子工程,33.33,125.0
112,逢甲,電機工程學系,電機工程,36.6,183.0
112,逢甲,自動控制工程學系,,29.82,164.0
112,逢甲,資訊電機學院學士班,,33.45,184.0
112,逢甲,通訊工程學系,,31.29,164.25
112,逢甲,土木工程學系,土木工程,27.0,175.5
112,逢甲,水利工程與資源保育學系,,27.8,139.0
112,逢甲,都市計畫與空間資訊學系,,33.17,199.0
112,逢甲,運輸與物流學系,,29.37,198.25
112,逢甲,土地管理學系,,36.08,216.5
112,逢甲,財務金融學系,財務金融,32.89,148.0
112,逢甲,風險管理與保險學系,,27.73,152.5
112,逢甲,財務工程與精算學士學位學程,,25.67,115.5
112,逢甲,建築專業學院學士班,,33.78,228.0
112,逢甲,人工智慧技術與應用學士學位學程,,30.0,112.5
113,逢甲,機械與電腦輔助工程學系,機械工程,34.58,164.25
113,逢甲,纖維與複合材料學系,材料,32.14,225.0
113,逢甲,工業工程與系統管理學系A組,工業工程,37.0,185.0
113,逢甲,工業工程與系統管理學系B組,工業工程,33.5,201.0
113,逢甲,化學工程學系,化學工程,34.13,273.0
113,逢甲,航太與系統工程學系,,37.28,233.0
113,逢甲,精密系統設計學士學位學程,,32.08,208.5
113,逢甲,應用數學系A組,數學,33.36,183.5
113,逢甲,應用數學系B組,數學,33.25,199.5
113,逢甲,材料科學與工程學系,材料,35.33,265.0
113,逢甲,環境工程與科學學系,,32.07,216.5
113,逢甲,光電科學與工程學系,光電,36.3,181.5
113,逢甲,會計學系,會計,30.84,192.75
113,逢甲,國際經營與貿易學系,,28.4,142.0
113,逢甲,國際企業管理全英語學士學位學程,企業管理,27.33,164.0
113,逢甲,財稅學系,,29.9,157.0
113,逢甲,合作經濟暨社會事業經營學系,經濟,28.55,157.0
113,逢甲,統計學系商業大數據組,統計,27.73,152.5
113,逢甲,統計學系大數據分析與市場決策組,統計,25.44,114.5
113,逢甲,經濟學系,經濟,30.55,168.0
113,逢甲,企業管理學系,企業管理,29.33,176.0
113,逢甲,行銷學系,,29.11,196.5
113,逢甲,中國文學系,中文,34.14,179.25
113,逢甲,外國語文學系,外文,29.81,156.5
113,逢甲,資訊工程學系,資訊工程,38.5,154.0
113,逢甲,電子工程學系,電子工程,38.07,142.75
113,逢甲,電機工程學系,電機工程,38.4,192.0
113,逢甲,自動控制工程學系,,35.06,140.25
113,逢甲,資訊電機學院學士班,,38.25,153.0
113,逢甲,通訊工程學系,,36.24,190.25
113,逢甲,土木工程學系,土木工程,32.08,208.5
113,逢甲,水利工程與資源保育學系,,34.4,172.0
113,逢甲,都市計畫與空間資訊學系,,33.5,201.0
113,逢甲,運輸與物流學系,,30.11,203.25
113,逢甲,土地管理學系,,34.58,207.5
113,逢甲,財務金融學系,財務金融,33.78,152.0
113,逢甲,風險管理與保險學系,,31.8,159.0
113,逢甲,財務工程與精算學士學位學程,,28.52,164.0
113,逢甲,建築專業學院學士班,,35.81,241.75
113,逢甲,室內設計學士學位學程,,34.44,232.5
113,逢甲,人工智慧技術與應用學士學位學程,,36.8,138.0
114,逢甲,機械與電腦輔助工程學系,機械工程,34.95,166.0
114,逢甲,纖維與複合材料學系,材料,32.86,230.0
114,逢甲,工業工程與系統管理學系A組,工業工程,37.6,188.0
114,逢甲,工業工程與系統管理學系B組,工業工程,38.0,190.0
114,逢甲,化學工程學系,化學工程,35.25,282.0
114,逢甲,航太與系統工程學系,,37.04,231.5
114,逢甲,精密系統設計學士學位學程,,33.0,214.5
114,逢甲,應用數學系A組,數學,34.27,188.5
114,逢甲,應用數學系B組,數學,35.36,194.5
114,逢甲,材料科學與工程學系,材料,37.13,278.5
114,逢甲,環境工程與科學學系,,32.15,217.0
114,逢甲,光電科學與工程學系,光電,36.8,184.0
114,逢甲,會計學系,會計,30.96,193.5
114,逢甲,國際經營與貿易學系,,28.2,141.0
114,逢甲,國際企業管理全英語學士學位學程,企業管理,29.17,175.0
114,逢甲,財稅學系,,31.52,165.5
114,逢甲,合作經濟暨社會事業經營學系,經濟,28.09,154.5
114,逢甲,統計學系商業大數據組,統計,31.82,175.0
114,逢甲,統計學系大數據分析與市場決策組,統計,31.78,143.0
114,逢甲,經濟學系,經濟,31.13,124.5
114,逢甲,企業管理學系,企業管理,29.08,174.5
114,逢甲,行銷學系,,30.52,175.5
114,逢甲,中國文學系,中文,32.71,171.75
114,逢甲,外國語文學系,外文,31.86,167.25
114,逢甲,資訊工程學系甲組,資訊工程,38.75,155.0
114,逢甲,資訊工程學系乙組,資訊工程,41.13,164.5
114,逢甲,電子工程學系,電子工程,38.07,142.75
114,逢甲,電機工程學系,電機工程,38.9,194.5
114,逢甲,自動控制工程學系,,34.82,148.0
114,逢甲,資訊電機學院學士班,,38.0,152.0
114,逢甲,通訊工程學系甲組,,36.43,191.25
114,逢甲,通訊工程學系乙組,,40.62,213.25
114,逢甲,土木工程學系,土木工程,33.15,215.5
114,逢甲,水利工程與資源保育學系,,34.4,172.0
114,逢甲,都市計畫與空間資訊學系,,32.83,197.0
114,逢甲,運輸與物流學系,,30.0,202.5
114,逢甲,土地管理學系,,31.83,191.0
114,逢甲,財務金融學系,財務金融,36.11,162.5
114,逢甲,風險管理與保險學系,,32.3,161.5
114,逢甲,財務工程與精算學士學位學程,,31.52,181.25
114,逢甲,金融學院學士班,,33.6,168.0
114,逢甲,建築專業學院學士班,,34.85,235.25
114,逢甲,室內設計學士學位學程,,32.5,130.0
114,逢甲,人工智慧技術與應用學士學位學程,,35.33,132.5
115,逢甲,機械與電腦輔助工程學系,機械工程,38.42,182.5
115,逢甲,纖維與複合材料學系,材料,34.29,240.0
115,逢甲,工業工程與系統管理學系A組,工業工程,38.4,192.0
115,逢甲,工業工程與系統管理學系B組,工業工程,38.4,192.0
115,逢甲,化學工程學系,化學工程,36.25,290.0
115,逢甲,航太與系統工程學系,,38.56,241.0
115,逢甲,精密系統設計學士學位學程,,33.31,216.5
115,逢甲,應用數學系A組,數學,34.18,188.0
115,逢甲,應用數學系B組,數學,35.91,197.5
115,逢甲,材料科學與工程學系,材料,37.53,281.5
115,逢甲,環境工程與科學學系,,32.81,221.5
115,逢甲,光電科學與工程學系,光電,37.1,185.5
115,逢甲,會計學系,會計,28.95,152.0
115,逢甲,國際經營與貿易學系,,31.6,158.0
115,逢甲,國際企業管理全英語學士學位學程,企業管理,31.4,157.0
115,逢甲,財稅學系,,30.67,161.0
115,逢甲,合作經濟暨社會事業經營學系,經濟,28.64,157.5
115,逢甲,統計學系商業大數據組,統計,30.64,168.5
115,逢甲,統計學系大數據分析與市場決策組,統計,29.56,133.0
115,逢甲,經濟學系,經濟,32.63,130.5
115,逢甲,企業管理學系,企業管理,30.0,180.0
115,逢甲,行銷學系,,35.0,175.0
115,逢甲,中國文學系,中文,32.19,169.0
115,逢甲,外國語文學系,外文,31.71,166.5
115,逢甲,資訊工程學系甲組,資訊工程,37.0,148.0
115,逢甲,資訊工程學系乙組,資訊工程,40.5,162.0
115,逢甲,電子工程學系,電子工程,36.93,138.5
115,逢甲,電機工程學系,電機工程,38.4,192.0
115,逢甲,自動控制工程學系,,34.26,162.75
115,逢甲,資訊電機學院學士班,,37.5,150.0
115,逢甲,通訊工程學系甲組,,35.9,188.5
115,逢甲,通訊工程學系乙組,,42.0,220.5
115,逢甲,土木工程學系,土木工程,32.62,212.0
115,逢甲,水利工程與資源保育學系,,34.4,172.0
115,逢甲,都市計畫與空間資訊學系,,33.0,198.0
115,逢甲,運輸與物流學系,,28.67,193.5
115,逢甲,土地管理學系,,33.52,192.75
115,逢甲,財務金融學系,財務金融,34.56,155.5
115,逢甲,風險管理與保險學系,,31.6,158.0
115,逢甲,財務工程與精算學士學位學程,,32.48,186.75
115,逢甲,金融學院學士班,,31.5,157.5
115,逢甲,建築專業學院學士班,,35.0,236.25
115,逢甲,室內設計學士學位學程,,30.8,154.0
115,逢甲,人工智慧技術與應用學士學位學程,,34.07,127.75
101,中央,中國文學系,中文,73.21,402.65
101,中央,英美語文學系,外文,76.34,438.98
101,中央,法國語文學系,,75.83,436.0
101,中央,企業管理學系,企業管理,80.93,445.1
101,中央,財務金融學系,財務金融,83.48,333.9
101,中央,經濟學系,經濟,82.76,434.5
101,中央,數學系,數學,73.52,441.13
101,中央,物理學系,物理,77.43,464.55
101,中央,化學學系,,75.79,454.75
101,中央,生命科學系,生命科學,74.93,505.78
101,中央,光電科學與工程學系,光電,77.0,385.0
101,中央,大氣科學學系大氣組,大氣科學,76.27,533.9
101,中央,大氣科學學系太空組,大氣科學,76.7,536.9
101,中央,地球科學學系,,74.55,559.15
101,中央,化學工程與材料工程學系,化學工程,76.68,383.4
101,中央,土木工程學系,土木工程,74.85,561.35
101,中央,機械工程學系光機電工程組,機械工程,78.09,585.7
101,中央,機械工程學系材料精密製造組,機械工程,77.49,581.2
101,中央,機械工程學系設計與分析組,機械工程,77.13,578.5
101,中央,資訊管理學系,資訊管理,73.55,478.1
101,中央,電機工程學系,電機工程,77.9,389.5
101,中央,資訊工程學系,資訊工程,75.94,379.7
101,中央,通訊工程學系,,75.86,379.3
101,中央,理學院學士班,,77.0,461.98
102,中央,中國文學系,中文,76.27,419.5
102,中央,英美語文學系,外文,78.98,454.15
102,中央,法國語文學系,,78.53,451.55
102,中央,企業管理學系,企業管理,79.98,439.9
102,中央,財務金融學系,財務金融,82.56,330.25
102,中央,經濟學系,經濟,81.78,429.33
102,中央,數學系,數學,67.75,406.5
102,中央,物理學系,物理,71.7,430.2
102,中央,化學學系,,71.22,427.3
102,中央,生命科學系,生命科學,72.17,487.15
102,中央,光電科學與工程學系,光電,72.4,362.0
102,中央,大氣科學學系大氣組,大氣科學,70.51,493.6
102,中央,大氣科學學系太空組,大氣科學,70.17,491.2
102,中央,地球科學學系,,68.46,513.45
102,中央,化學工程與材料工程學系,化學工程,72.24,361.2
102,中央,土木工程學系,土木工程,68.96,517.2
102,中央,機械工程學系光機電工程組,機械工程,73.02,547.65
102,中央,機械工程學系先進材料與精密製造組,機械工程,72.22,541.65
102,中央,機械工程學系設計與分析組,機械工程,71.59,536.95
102,中央,資訊管理學系,資訊管理,70.82,460.3
102,中央,電機工程學系,電機工程,74.34,371.7
102,中央,資訊工程學系,資訊工程,71.38,356.9
102,中央,通訊工程學系,,71.36,356.8
102,中央,理學院學士班,,72.3,433.78
102,中央,客家語文暨社會科學學系,,76.46,267.6
103,中央,中國文學系,中文,75.49,415.2
103,中央,英美語文學系,外文,78.76,452.85
103,中央,法國語文學系,,78.38,450.7
103,中央,企業管理學系,企業管理,81.58,448.7
103,中央,財務金融學系,財務金融,84.1,336.4
103,中央,經濟學系,經濟,83.55,438.63
103,中央,數學系,數學,66.41,398.45
103,中央,物理學系,物理,68.93,413.55
103,中央,化學學系,,69.98,419.9
103,中央,生命科學系,生命科學,69.47,468.9
103,中央,光電科學與工程學系,光電,70.7,353.5
103,中央,大氣科學學系大氣組,大氣科學,67.16,470.1
103,中央,大氣科學學系太空組,大氣科學,66.91,468.4
103,中央,地球科學學系,,66.06,495.45
103,中央,化學工程與材料工程學系,化學工程,70.6,353.0
103,中央,土木工程學系,土木工程,66.99,502.45
103,中央,機械工程學系光機電工程組,機械工程,70.9,531.75
103,中央,機械工程學系先進材料與精密製造組,機械工程,69.55,521.65
103,中央,機械工程學系設計與分析組,機械工程,69.0,517.5
103,中央,資訊管理學系,資訊管理,69.45,381.95
103,中央,電機工程學系,電機工程,72.56,362.8
103,中央,資訊工程學系,資訊工程,70.3,351.5
103,中央,通訊工程學系,,69.6,348.0
103,中央,理學院學士班,,69.84,419.05
103,中央,客家語文暨社會科學學系,,77.02,462.1
104,中央,中國文學系,中文,74.08,444.45
104,中央,英美語文學系,外文,76.17,437.98
104,中央,法國語文學系,,75.61,434.73
104,中央,企業管理學系,企業管理,69.46,382.05
104,中央,財務金融學系,財務金融,72.68,290.7
104,中央,經濟學系,經濟,71.12,373.38
104,中央,數學系,數學,62.78,376.7
104,中央,物理學系,物理,66.63,399.75
104,中央,化學學系,,66.68,400.1
104,中央,生命科學系,生命科學,66.04,379.75
104,中央,光電科學與工程學系,光電,67.92,339.6
104,中央,大氣科學學系大氣組,大氣科學,64.14,449.0
104,中央,大氣科學學系太空組,大氣科學,63.93,447.5
104,中央,地球科學學系,,61.79,463.45
104,中央,化學工程與材料工程學系,化學工程,68.04,340.2
104,中央,土木工程學系,土木工程,63.55,476.65
104,中央,機械工程學系光機電工程組,機械工程,68.24,511.8
104,中央,機械工程學系先進材料與精密製造組,機械工程,66.68,500.1
104,中央,機械工程學系設計與分析組,機械工程,66.08,495.6
104,中央,資訊管理學系,資訊管理,63.85,351.15
104,中央,電機工程學系,電機工程,71.0,355.0
104,中央,資訊工程學系,資訊工程,68.68,343.4
104,中央,通訊工程學系,,67.22,336.1
104,中央,理學院學士班,,67.96,407.75
104,中央,客家語文暨社會科學學系,,70.64,423.85
104,中央,生醫科學與工程學系,,73.86,258.5
105,中央,中國文學系,中文,70.98,425.85
105,中央,英美語文學系,外文,73.18,420.8
105,中央,法國語文學系,,72.06,486.4
105,中央,企業管理學系,企業管理,76.5,420.75
105,中央,財務金融學系,財務金融,79.8,319.2
105,中央,經濟學系,經濟,78.58,412.53
105,中央,數學系,數學,64.36,386.15
105,中央,物理學系,物理,68.81,412.85
105,中央,化學學系,,69.91,419.45
105,中央,生命科學系,生命科學,67.17,386.25
105,中央,光電科學與工程學系,光電,69.39,555.1
105,中央,大氣科學學系大氣組,大氣科學,67.04,469.3
105,中央,大氣科學學系太空組,大氣科學,66.77,467.4
105,中央,地球科學學系,,64.4,483.0
105,中央,化學工程與材料工程學系,化學工程,71.0,355.0
105,中央,土木工程學系,土木工程,65.46,490.95
105,中央,機械工程學系光機電工程組,機械工程,70.43,528.2
105,中央,機械工程學系先進材料與精密製造組,機械工程,69.39,520.4
105,中央,機械工程學系設計與分析組,機械工程,68.77,515.75
105,中央,資訊管理學系,資訊管理,68.35,375.9
105,中央,電機工程學系,電機工程,72.8,364.0
105,中央,資訊工程學系,資訊工程,71.32,356.6
105,中央,通訊工程學系,,70.12,350.6
105,中央,理學院學士班,,69.51,417.03
105,中央,客家語文暨社會科學學系,,71.11,426.65
105,中央,生醫科學與工程學系,,75.93,265.75
106,中央,中國文學系,中文,72.5,435.0
106,中央,英美語文學系,外文,75.71,435.35
106,中央,法國語文學系,,75.11,507.0
106,中央,企業管理學系,企業管理,77.41,425.75
106,中央,財務金融學系,財務金融,80.78,323.1
106,中央,經濟學系,經濟,80.09,420.48
106,中央,數學系,數學,65.11,390.63
106,中央,物理學系,物理,68.58,411.45
106,中央,化學學系,,69.51,417.08
106,中央,生命科學系,生命科學,65.47,376.45
106,中央,光電科學與工程學系,光電,69.79,558.3
106,中央,大氣科學學系大氣組,大氣科學,67.19,470.3
106,中央,大氣科學學系太空組,大氣科學,67.34,471.4
106,中央,地球科學學系,,64.86,486.45
106,中央,化學工程與材料工程學系,化學工程,70.32,351.6
106,中央,土木工程學系,土木工程,65.89,494.2
106,中央,機械工程學系光機電工程組,機械工程,69.73,523.0
106,中央,機械工程學系先進材料與精密製造組,機械工程,68.61,514.6
106,中央,機械工程學系設計與分析組,機械工程,68.13,511.0
106,中央,資訊管理學系,資訊管理,66.32,364.75
106,中央,電機工程學系,電機工程,72.24,361.2
106,中央,資訊工程學系,資訊工程,71.45,285.8
106,中央,通訊工程學系,,69.2,276.8
106,中央,理學院學士班,,68.8,412.8
106,中央,客家語文暨社會科學學系,,74.63,447.8
106,中央,生醫科學與工程學系,,77.97,272.88
107,中央,中國文學系,中文,73.62,441.73
107,中央,英美語文學系,外文,76.06,437.35
107,中央,法國語文學系,,75.26,508.0
107,中央,數學系,數學,69.01,414.06
107,中央,物理學系,物理,71.4,428.4
107,中央,化學學系,,70.38,351.9
107,中央,光電科學與工程學系,光電,73.26,586.1
107,中央,理學院學士班,,71.32,427.93
107,中央,土木工程學系,土木工程,67.77,508.3
107,中央,機械工程學系光機電工程組,機械工程,72.72,545.38
107,中央,機械工程學系先進材料與精密製造組,機械工程,71.42,535.68
107,中央,機械工程學系設計與分析組,機械工程,70.66,529.95
107,中央,化學工程與材料工程學系,化學工程,72.31,361.55
107,中央,工學院學士班,,72.91,583.3
107,中央,企業管理學系,企業管理,78.03,429.14
107,中央,資訊管理學系,資訊管理,72.75,400.1
107,中央,經濟學系,經濟,80.86,424.5
107,中央,財務金融學系,財務金融,82.21,328.85
107,中央,電機工程學系,電機工程,75.96,379.78
107,中央,資訊工程學系,資訊工程,76.9,307.6
107,中央,通訊工程學系,,73.1,292.4
107,中央,資訊電機學院學士班,,75.12,375.6
107,中央,大氣科學學系大氣組,大氣科學,69.24,484.7
107,中央,大氣科學學系太空組,大氣科學,69.39,485.7
107,中央,地球科學學系,,67.03,502.75
107,中央,客家語文暨社會科學學系,,72.86,437.15
107,中央,生命科學系,生命科學,65.32,375.58
107,中央,生醫科學與工程學系,,76.64,268.25
108,中央,中國文學系,中文,77.82,466.93
108,中央,英美語文學系,外文,79.7,458.3
108,中央,法國語文學系,,78.93,532.75
108,中央,數學系數學科學組,數學,69.23,415.4
108,中央,數學系計算與資料科學組,數學,69.98,419.85
108,中央,物理學系,物理,70.68,424.05
108,中央,化學學系,,71.36,356.8
108,中央,光電科學與工程學系,光電,72.76,582.1
108,中央,理學院學士班,,70.67,424.0
108,中央,土木工程學系,土木工程,67.24,504.33
108,中央,機械工程學系光機電工程組,機械工程,71.62,537.15
108,中央,機械工程學系先進材料與精密製造組,機械工程,70.94,532.03
108,中央,機械工程學系設計與分析組,機械工程,69.61,522.1
108,中央,化學工程與材料工程學系,化學工程,73.0,365.0
108,中央,工學院學士班,,72.22,577.75
108,中央,企業管理學系,企業管理,81.84,450.1
108,中央,資訊管理學系,資訊管理,73.2,402.6
108,中央,經濟學系,經濟,84.04,441.2
108,中央,財務金融學系,財務金融,85.15,340.58
108,中央,電機工程學系,電機工程,76.57,382.85
108,中央,資訊工程學系,資訊工程,78.18,312.7
108,中央,通訊工程學系,,73.8,295.2
108,中央,資訊電機學院學士班,,76.36,381.8
108,中央,大氣科學學系大氣組,大氣科學,66.75,467.25
108,中央,大氣科學學系太空組,大氣科學,67.56,472.95
108,中央,地球科學學系,,66.21,496.6
108,中央,地球科學學院學士班,,66.13,462.9
108,中央,客家語文暨社會科學學系,,76.89,461.35
108,中央,生命科學系,生命科學,70.83,407.25
108,中央,生醫科學與工程學系,,77.82,272.38
109,中央,中國文學系,中文,74.75,448.5
109,中央,英美語文學系,外文,77.37,444.9
109,中央,法國語文學系,,76.36,515.45
109,中央,文學院學士班,,76.83,345.75
109,中央,數學系數學科學組,數學,65.63,393.75
109,中央,數學系計算與資料科學組,數學,66.71,400.28
109,中央,物理學系,物理,67.27,403.6
109,中央,化學學系,,68.62,343.1
109,中央,光電科學與工程學系,光電,69.31,554.5
109,中央,理學院學士班,,67.29,403.73
109,中央,土木工程學系,土木工程,62.84,471.28
109,中央,機械工程學系光機電工程組,機械工程,68.25,511.85
109,中央,機械工程學系先進材料與精密製造組,機械工程,66.86,501.45
109,中央,機械工程學系設計與分析組,機械工程,66.03,495.2
109,中央,化學工程與材料工程學系,化學工程,70.56,352.8
109,中央,工學院學士班,,70.06,560.45
109,中央,企業管理學系,企業管理,75.87,417.3
109,中央,資訊管理學系,資訊管理,67.73,372.5
109,中央,經濟學系,經濟,78.57,412.5
109,中央,財務金融學系,財務金融,80.22,320.88
109,中央,電機工程學系,電機工程,75.49,377.45
109,中央,資訊工程學系,資訊工程,74.82,374.1
109,中央,通訊工程學系,,69.33,277.3
109,中央,資訊電機學院學士班,,74.66,373.3
109,中央,大氣科學學系,大氣科學,62.93,440.5
109,中央,太空科學與工程學系,,63.88,447.15
109,中央,地球科學學系,,62.16,466.2
109,中央,地球科學學院學士班,,62.41,436.85
109,中央,客家語文暨社會科學學系,,70.55,423.3
109,中央,生命科學系,生命科學,66.52,382.5
109,中央,生醫科學與工程學系,,77.5,271.25
110,中央,中國文學系,中文,76.78,460.7
110,中央,英美語文學系,外文,78.98,454.13
110,中央,法國語文學系,,76.93,519.28
110,中央,文學院學士班,,77.04,346.7
110,中央,數學系數學科學組,數學,59.34,356.01
110,中央,數學系計算與資料科學組,數學,59.97,359.81
110,中央,物理學系,物理,63.48,380.9
110,中央,化學學系,,64.85,324.25
110,中央,光電科學與工程學系,光電,66.53,332.65
110,中央,理學院學士班,,63.62,381.73
110,中央,土木工程學系,土木工程,56.87,426.5
110,中央,機械工程學系光機電工程組,機械工程,62.7,470.25
110,中央,機械工程學系先進材料與精密製造組,機械工程,60.93,456.95
110,中央,機械工程學系設計與分析組,機械工程,60.07,450.53
110,中央,化學工程與材料工程學系,化學工程,66.3,331.5
110,中央,工學院學士班,,64.86,518.85
110,中央,企業管理學系,企業管理,77.35,425.4
110,中央,資訊管理學系,資訊管理,69.2,380.6
110,中央,經濟學系,經濟,79.81,419.0
110,中央,財務金融學系,財務金融,81.6,326.4
110,中央,電機工程學系,電機工程,73.13,365.65
110,中央,資訊工程學系,資訊工程,72.52,362.6
110,中央,通訊工程學系,,67.94,339.7
110,中央,資訊電機學院學士班,,72.25,361.25
110,中央,大氣科學學系,大氣科學,57.54,402.8
110,中央,太空科學與工程學系,,60.24,421.65
110,中央,地球科學學系,,55.24,386.65
110,中央,地球科學學院學士班,,55.23,386.6
110,中央,客家語文暨社會科學學系,,71.1,426.6
110,中央,生命科學系,生命科學,65.64,377.45
110,中央,生醫科學與工程學系,,66.79,233.75
111,中央,中國文學系,中文,42.17,253.0
111,中央,英美語文學系,外文,45.7,262.75
111,中央,法國語文學系,,43.93,296.5
111,中央,文學院學士班,,43.91,241.5
111,中央,數學系計算與資料科學組,數學,36.29,217.75
111,中央,數學系數學科學組,數學,34.96,209.75
111,中央,物理學系,物理,37.8,189.0
111,中央,化學學系,,40.6,203.0
111,中央,光電科學與工程學系,光電,41.6,208.0
111,中央,理學院學士班,,39.54,237.25
111,中央,土木工程學系,土木工程,33.93,254.5
111,中央,機械工程學系先進材料與精密製造組,機械工程,37.53,281.5
111,中央,機械工程學系光機電工程組,機械工程,38.2,286.5
111,中央,機械工程學系設計與分析組,機械工程,36.67,275.0
111,中央,化學工程與材料工程學系,化學工程,41.8,209.0
111,中央,工學院學士班,,40.0,320.0
111,中央,企業管理學系,企業管理,46.15,300.0
111,中央,資訊管理學系,資訊管理,42.09,231.5
111,中央,經濟學系,經濟,47.68,298.0
111,中央,財務金融學系,財務金融,50.1,250.5
111,中央,電機工程學系,電機工程,45.75,183.0
111,中央,資訊工程學系,資訊工程,40.33,121.0
111,中央,通訊工程學系,,40.75,163.0
111,中央,資訊電機學院學士班,,43.33,130.0
111,中央,大氣科學學系,大氣科學,34.43,241.0
111,中央,太空科學與工程學系,,37.43,262.0
111,中央,地球科學學系,,32.15,209.0
111,中央,地球科學學院學士班,,32.4,162.0
111,中央,客家語文暨社會科學學系客家語文及傳播組,,41.33,248.0
111,中央,客家語文暨社會科學學系客家社會及政策組,,40.33,242.0
111,中央,生命科學系,生命科學,37.96,218.25
111,中央,生醫科學與工程學系,,40.64,142.25
112,中央,中國文學系,中文,46.58,279.5
112,中央,英美語文學系,外文,47.91,275.5
112,中央,法國語文學系,,47.11,318.0
112,中央,文學院學士班,,43.45,239.0
112,中央,數學系計算與資料科學組,數學,39.88,239.25
112,中央,數學系數學科學組,數學,39.17,235.0
112,中央,物理學系,物理,43.0,215.0
112,中央,化學學系,,43.4,217.0
112,中央,光電科學與工程學系,光電,44.2,221.0
112,中央,理學院學士班,,43.0,279.5
112,中央,土木工程學系,土木工程,39.57,277.0
112,中央,機械工程學系先進材料與精密製造組,機械工程,42.2,316.5
112,中央,機械工程學系光機電工程組,機械工程,42.2,316.5
112,中央,機械工程學系設計與分析組,機械工程,41.87,314.0
112,中央,化學工程與材料工程學系,化學工程,44.2,221.0
112,中央,工學院學士班,,42.5,170.0
112,中央,企業管理學系,企業管理,44.38,288.5
112,中央,資訊管理學系,資訊管理,44.09,242.5
112,中央,經濟學系,經濟,45.84,286.5
112,中央,財務金融學系,財務金融,48.4,242.0
112,中央,電機工程學系,電機工程,47.75,191.0
112,中央,資訊工程學系,資訊工程,46.0,184.0
112,中央,通訊工程學系,,43.6,218.0
112,中央,資訊電機學院學士班,,46.75,187.0
112,中央,大氣科學學系,大氣科學,39.0,273.0
112,中央,太空科學與工程學系,,41.57,291.0
112,中央,地球科學學系,,36.77,239.0
112,中央,地球科學學院學士班,,37.0,185.0
112,中央,客家語文暨社會科學學系客家語文及傳播組,,42.5,255.0
112,中央,客家語文暨社會科學學系客家社會及政策組,,43.5,261.0
112,中央,生命科學系,生命科學,41.0,235.75
112,中央,生醫科學與工程學系,,44.07,154.25
113,中央,中國文學系,中文,46.08,276.5
113,中央,英美語文學系,外文,47.0,270.25
113,中央,法國語文學系,,46.85,316.25
113,中央,文學院學士班,,43.45,239.0
113,中央,數學系計算與資料科學組,數學,42.3,211.5
113,中央,數學系數學科學組,數學,41.75,208.75
113,中央,物理學系,物理,44.6,223.0
113,中央,化學學系,,45.0,225.0
113,中央,光電科學與工程學系,光電,45.5,182.0
113,中央,理學院學士班,,44.62,290.0
113,中央,土木工程學系,土木工程,40.4,303.0
113,中央,機械工程學系先進材料與精密製造組,機械工程,44.27,332.0
113,中央,機械工程學系光機電工程組,機械工程,44.4,333.0
113,中央,機械工程學系設計與分析組,機械工程,43.67,327.5
113,中央,化學工程與材料工程學系,化學工程,46.4,232.0
113,中央,工學院學士班,,44.75,179.0
113,中央,企業管理學系,企業管理,44.15,287.0
113,中央,資訊管理學系,資訊管理,45.64,251.0
113,中央,經濟學系,經濟,45.76,286.0
113,中央,財務金融學系,財務金融,49.33,222.0
113,中央,電機工程學系,電機工程,49.75,199.0
113,中央,資訊工程學系,資訊工程,48.75,195.0
113,中央,通訊工程學系,,45.8,229.0
113,中央,資訊電機學院學士班,,49.0,196.0
113,中央,大氣科學學系,大氣科學,41.43,290.0
113,中央,太空科學與工程學系,,43.29,303.0
113,中央,地球科學學系,,38.54,250.5
113,中央,地球科學學院學士班,,38.8,194.0
113,中央,客家語文暨社會科學學系客家語文及傳播組,,41.42,248.5
113,中央,客家語文暨社會科學學系客家社會及政策組,,41.67,250.0
113,中央,生命科學系,生命科學,43.65,251.0
113,中央,生醫科學與工程學系,,44.61,200.75
114,中央,中國文學系,中文,44.5,267.0
114,中央,英美語文學系,外文,46.65,268.25
114,中央,法國語文學系,,45.41,306.5
114,中央,文學院學士班,,42.23,232.25
114,中央,數學系計算與資料科學組,數學,44.48,233.5
114,中央,數學系數學科學組,數學,44.05,231.25
114,中央,物理學系,物理,47.0,235.0
114,中央,化學學系,,46.2,231.0
114,中央,光電科學與工程學系,光電,47.75,191.0
114,中央,理學院學士班,,46.46,302.0
114,中央,土木工程學系,土木工程,41.87,314.0
114,中央,機械工程學系先進材料與精密製造組,機械工程,45.87,344.0
114,中央,機械工程學系光機電工程組,機械工程,45.8,343.5
114,中央,機械工程學系設計與分析組,機械工程,45.0,337.5
114,中央,化學工程與材料工程學系,化學工程,47.6,238.0
114,中央,工學院學士班,,50.78,228.5
114,中央,企業管理學系,企業管理,46.31,301.0
114,中央,資訊管理學系,資訊管理,45.91,252.5
114,中央,經濟學系,經濟,48.16,301.0
114,中央,財務金融學系,財務金融,48.78,219.5
114,中央,電機工程學系,電機工程,51.25,205.0
114,中央,資訊工程學系,資訊工程,49.75,199.0
114,中央,通訊工程學系,,48.8,244.0
114,中央,資訊電機學院學士班,,51.0,204.0
114,中央,大氣科學學系,大氣科學,41.71,292.0
114,中央,太空科學與工程學系,,44.57,312.0
114,中央,地球科學學系,,41.08,267.0
114,中央,地球科學學院學士班,,41.4,207.0
114,中央,客家語文暨社會科學學系客家語文及傳播組,,39.33,236.0
114,中央,客家語文暨社會科學學系客家社會及政策組,,39.83,239.0
114,中央,生命科學系,生命科學,43.78,251.75
114,中央,生醫科學與工程學系,,46.11,207.5
115,中央,中國文學系,中文,45.92,275.5
115,中央,英美語文學系,外文,47.78,274.75
115,中央,法國語文學系,,46.22,312.0
115,中央,文學院學士班,,42.41,233.25
115,中央,數學系計算與資料科學組,數學,42.95,225.5
115,中央,數學系數學科學組,數學,41.48,217.75
115,中央,物理學系,物理,45.5,227.5
115,中央,化學學系,,44.8,224.0
115,中央,光電科學與工程學系,光電,45.6,228.0
115,中央,理學院學士班,,44.77,291.0
115,中央,土木工程學系,土木工程,39.87,299.0
115,中央,機械工程學系先進材料與精密製造組,機械工程,46.25,185.0
115,中央,機械工程學系光機電工程組,機械工程,46.0,184.0
115,中央,機械工程學系智慧系統與永續能源組,機械工程,44.75,179.0
115,中央,機械工程學系前瞻半導體國際組,機械工程,46.75,187.0
115,中央,化學工程與材料工程學系,化學工程,46.0,230.0
115,中央,工學院學士班,,49.78,224.0
115,中央,企業管理學系,企業管理,45.15,293.5
115,中央,資訊管理學系,資訊管理,43.45,239.0
115,中央,經濟學系,經濟,44.88,280.5
115,中央,財務金融學系,財務金融,48.0,240.0
115,中央,電機工程學系,電機工程,49.0,196.0
115,中央,資訊工程學系,資訊工程,45.0,180.0
115,中央,通訊工程學系,,45.9,229.5
115,中央,資訊電機學院學士班,,48.5,194.0
115,中央,大氣科學學系,大氣科學,40.14,281.0
115,中央,太空科學與工程學系,,42.71,299.0
115,中央,地球科學學系,,38.85,252.5
115,中央,地球科學學院學士班,,40.2,201.0
115,中央,客家語文暨社會科學學系客家語文及傳播組,,40.25,241.5
115,中央,客家語文暨社會科學學系客家社會及政策組,,41.08,246.5
115,中央,法律與政府學系,法律,45.72,285.75
115,中央,生命科學系,生命科學,41.61,239.25
115,中央,生醫科學與工程學系,,43.44,195.5
101,輔仁,中國文學系,中文,61.94,325.2
101,輔仁,歷史學系,歷史,60.33,346.88
101,輔仁,哲學系,哲學,58.19,436.4
101,輔仁,音樂學系-鋼琴,,68.97,275.88
101,輔仁,音樂學系-聲樂,,57.61,230.44
101,輔仁,音樂學系-小提琴,,55.69,222.74
101,輔仁,音樂學系-大提琴,,66.85,267.4
101,輔仁,音樂學系-薩克斯管,,57.3,229.2
101,輔仁,音樂學系-單簧管,,60.28,241.1
101,輔仁,應用美術學系,,67.82,339.1
101,輔仁,景觀設計學系(社會組),,66.98,334.9
101,輔仁,景觀設計學系(自然組),,61.78,247.1
101,輔仁,影像傳播學系,新聞傳播,68.65,446.2
101,輔仁,新聞傳播學系,新聞傳播,70.11,490.8
101,輔仁,廣告傳播學系,新聞傳播,71.28,463.3
101,輔仁,圖書資訊學系,,65.01,520.1
101,輔仁,體育學系體育學組,,46.61,279.66
101,輔仁,體育學系運動健康管理組,,45.97,321.8
101,輔仁,護理學系,護理,58.94,309.45
101,輔仁,公共衛生學系,公共衛生,57.39,358.68
101,輔仁,醫學系,醫學,86.3,517.8
101,輔仁,臨床心理學系,心理,63.72,414.15
101,輔仁,職能治療學系,職能治療,66.79,467.5
101,輔仁,呼吸治療學系,,65.08,374.2
101,輔仁,數學系純數學組,數學,48.76,280.38
101,輔仁,數學系應用數學組,數學,53.03,304.95
101,輔仁,化學系,化學,50.79,355.5
101,輔仁,資訊工程學系,資訊工程,56.82,284.1
101,輔仁,生命科學系,生命科學,61.72,401.2
101,輔仁,物理學系物理組,物理,51.56,386.7
101,輔仁,物理學系光電物理組,光電,54.97,412.25
101,輔仁,電機工程系系統與晶片設計組,電機工程,58.13,348.8
101,輔仁,電機工程系電腦與通訊工程組,,58.03,348.2
101,輔仁,英國語文學系,外文,75.05,300.2
101,輔仁,法國語文學系,,69.95,279.8
101,輔仁,西班牙語文學系,,70.31,351.55
101,輔仁,日本語文學系,日文,67.12,402.7
101,輔仁,義大利語文學系,,66.5,332.5
101,輔仁,德語語文學系,,68.54,291.28
101,輔仁,織品服裝學系織品設計組,,65.78,361.8
101,輔仁,織品服裝學系服飾設計組,,66.98,368.4
101,輔仁,織品服裝學系織品服飾行銷組,,66.02,363.1
101,輔仁,餐旅管理學系,,66.27,497.0
101,輔仁,兒童與家庭學系,,65.5,393.0
101,輔仁,食品科學系,,62.23,497.8
101,輔仁,營養科學系,,64.15,513.2
101,輔仁,法律學系,法律,75.4,377.0
101,輔仁,財經法律學系,法律,75.18,451.05
101,輔仁,企業管理學系,企業管理,70.28,456.8
101,輔仁,會計學系,會計,70.64,459.15
101,輔仁,資訊管理學系,資訊管理,70.64,388.5
101,輔仁,統計資訊學系,統計,67.99,509.9
101,輔仁,金融與國際企業學系,財務金融,73.46,550.95
101,輔仁,社會學系,社會學,69.29,381.1
101,輔仁,社會工作學系,社會工作,63.85,319.25
101,輔仁,經濟學系,經濟,70.57,494.0
101,輔仁,宗教學系,,54.6,300.3
101,輔仁,心理學系,心理,66.78,267.1
102,輔仁,中國文學系,中文,66.18,347.45
102,輔仁,歷史學系,歷史,64.46,370.65
102,輔仁,哲學系,哲學,58.72,440.4
102,輔仁,音樂學系-鋼琴,,68.91,275.62
102,輔仁,音樂學系-小提琴,,69.12,276.48
102,輔仁,音樂學系-大提琴,,72.14,288.56
102,輔仁,音樂學系-薩克斯管,,73.83,295.3
102,輔仁,音樂學系-擊樂,,64.6,258.4
102,輔仁,音樂學系-理論作曲,,64.62,258.48
102,輔仁,應用美術學系,,69.68,348.4
102,輔仁,景觀設計學系(社會組),,68.02,340.1
102,輔仁,景觀設計學系(自然組),,63.4,317.0
102,輔仁,影像傳播學系,新聞傳播,70.48,458.1
102,輔仁,新聞傳播學系,新聞傳播,71.0,497.0
102,輔仁,廣告傳播學系,新聞傳播,72.81,473.25
102,輔仁,圖書資訊學系,,65.05,520.4
102,輔仁,體育學系體育學組,,47.11,282.66
102,輔仁,體育學系運動健康管理組,,47.31,331.2
102,輔仁,護理學系,護理,61.0,320.25
102,輔仁,公共衛生學系,公共衛生,57.56,359.78
102,輔仁,醫學系,醫學,85.97,515.8
102,輔仁,臨床心理學系,心理,64.35,418.28
102,輔仁,職能治療學系,職能治療,68.8,481.6
102,輔仁,呼吸治療學系,,64.59,371.4
102,輔仁,數學系純數學組,數學,44.14,253.78
102,輔仁,數學系應用數學組,數學,48.39,278.25
102,輔仁,化學系,化學,42.26,295.85
102,輔仁,資訊工程學系,資訊工程,50.16,250.8
102,輔仁,生命科學系,生命科學,61.05,396.8
102,輔仁,物理學系物理組,物理,38.87,291.55
102,輔仁,物理學系光電物理組,光電,42.93,321.95
102,輔仁,電機工程學系系統與晶片設計組,電機工程,50.35,302.1
102,輔仁,電機工程學系電腦與通訊工程組,,51.82,310.9
102,輔仁,英國語文學系,外文,79.15,316.6
102,輔仁,法國語文學系,,72.44,362.2
102,輔仁,西班牙語文學系,,72.36,361.8
102,輔仁,日本語文學系,日文,68.19,409.15
102,輔仁,義大利語文學系,,69.09,345.45
102,輔仁,德語語文學系,,72.94,310.0
102,輔仁,織品服裝學系織品設計組,,64.69,355.8
102,輔仁,織品服裝學系服飾設計組,,67.2,369.6
102,輔仁,織品服裝學系織品服飾行銷組,,65.67,361.2
102,輔仁,餐旅管理學系,,67.37,505.3
102,輔仁,兒童與家庭學系,,64.23,385.4
102,輔仁,食品科學系,,62.06,496.5
102,輔仁,營養科學系,,64.41,515.3
102,輔仁,法律學系,法律,73.72,368.6
102,輔仁,財經法律學系,法律,74.23,445.4
102,輔仁,企業管理學系,企業管理,70.39,457.55
102,輔仁,會計學系,會計,71.85,467.05
102,輔仁,資訊管理學系,資訊管理,67.9,373.45
102,輔仁,統計資訊學系,統計,67.64,372.0
102,輔仁,金融與國際企業學系,財務金融,74.35,557.6
102,輔仁,社會學系,社會學,67.02,368.6
102,輔仁,社會工作學系,社會工作,64.83,324.15
102,輔仁,經濟學系,經濟,70.49,493.4
102,輔仁,宗教學系,,57.35,315.4
102,輔仁,心理學系,心理,65.79,263.15
103,輔仁,中國文學系,中文,67.07,352.13
103,輔仁,歷史學系,歷史,65.39,375.98
103,輔仁,哲學系,哲學,57.75,433.15
103,輔仁,音樂學系-鋼琴,,63.47,253.88
103,輔仁,音樂學系-聲樂,,68.69,274.78
103,輔仁,音樂學系-弦樂,,70.0,279.98
103,輔仁,應用美術學系,,69.64,348.2
103,輔仁,景觀設計學系(社會組),,69.86,349.3
103,輔仁,景觀設計學系(自然組),,57.22,286.1
103,輔仁,影像傳播學系,新聞傳播,72.34,470.2
103,輔仁,新聞傳播學系,新聞傳播,71.54,500.8
103,輔仁,廣告傳播學系,新聞傳播,73.63,478.6
103,輔仁,圖書資訊學系,,65.81,526.5
103,輔仁,體育學系體育學組,,45.23,271.36
103,輔仁,體育學系運動健康管理組,,42.36,296.5
103,輔仁,護理學系,護理,58.04,304.7
103,輔仁,公共衛生學系,公共衛生,55.95,349.7
103,輔仁,醫學系,醫學,85.0,552.53
103,輔仁,臨床心理學系,心理,62.76,407.95
103,輔仁,職能治療學系,職能治療,65.32,473.6
103,輔仁,呼吸治療學系,,64.11,368.65
103,輔仁,數學系純數學組,數學,41.94,188.73
103,輔仁,數學系應用數學組,數學,47.92,215.63
103,輔仁,化學系,化學,43.69,305.8
103,輔仁,資訊工程學系,資訊工程,50.94,254.7
103,輔仁,生命科學系,生命科學,59.6,387.4
103,輔仁,物理學系物理組,物理,38.89,291.65
103,輔仁,物理學系光電物理組,光電,41.13,308.5
103,輔仁,電機工程學系系統與晶片設計組,電機工程,50.37,302.2
103,輔仁,電機工程學系電腦與通訊工程組,,50.38,302.3
103,輔仁,英國語文學系,外文,79.58,318.3
103,輔仁,法國語文學系,,73.04,365.2
103,輔仁,西班牙語文學系,,72.48,362.4
103,輔仁,日本語文學系,日文,69.56,417.35
103,輔仁,義大利語文學系,,70.69,353.45
103,輔仁,德語語文學系,,73.87,313.95
103,輔仁,織品服裝學系織品設計組,,66.62,366.4
103,輔仁,織品服裝學系服飾設計組,,67.78,372.8
103,輔仁,織品服裝學系織品服飾行銷組,,67.09,369.0
103,輔仁,餐旅管理學系,,70.24,526.8
103,輔仁,兒童與家庭學系,,64.87,389.2
103,輔仁,食品科學系,,59.36,474.9
103,輔仁,營養科學系,,64.72,517.8
103,輔仁,法律學系,法律,74.18,370.9
103,輔仁,財經法律學系,法律,74.77,448.65
103,輔仁,企業管理學系,企業管理,71.9,467.35
103,輔仁,會計學系,會計,73.25,476.1
103,輔仁,資訊管理學系,資訊管理,69.3,381.15
103,輔仁,統計資訊學系,統計,69.01,379.55
103,輔仁,金融與國際企業學系,財務金融,75.69,567.7
103,輔仁,社會學系,社會學,68.26,375.45
103,輔仁,社會工作學系,社會工作,66.13,330.65
103,輔仁,經濟學系,經濟,72.97,510.8
103,輔仁,宗教學系,,56.98,313.4
103,輔仁,心理學系,心理,62.14,248.55
104,輔仁,中國文學系,中文,66.1,347.0
104,輔仁,歷史學系,歷史,63.64,365.95
104,輔仁,哲學系,哲學,55.18,331.1
104,輔仁,音樂學系-鋼琴,,68.53,274.12
104,輔仁,音樂學系-弦樂,,61.6,246.38
104,輔仁,音樂學系-銅管樂、木管樂、擊樂,,64.19,256.74
104,輔仁,應用美術學系,,62.92,314.6
104,輔仁,景觀設計學系(社會組),,63.64,318.2
104,輔仁,景觀設計學系(自然組),,53.02,265.1
104,輔仁,影像傳播學系,新聞傳播,66.26,430.7
104,輔仁,新聞傳播學系,新聞傳播,66.2,463.4
104,輔仁,廣告傳播學系,新聞傳播,66.88,434.75
104,輔仁,圖書資訊學系,,59.79,478.3
104,輔仁,體育學系體育學組,,49.65,297.9
104,輔仁,體育學系運動健康管理組,,38.99,272.9
104,輔仁,教育領導與科技發展學士學位學程,,61.2,428.4
104,輔仁,護理學系,護理,53.41,280.4
104,輔仁,公共衛生學系,公共衛生,50.24,313.98
104,輔仁,醫學系,醫學,85.73,471.53
104,輔仁,臨床心理學系,心理,59.32,296.6
104,輔仁,職能治療學系,職能治療,62.09,450.18
104,輔仁,呼吸治療學系,,62.27,280.2
104,輔仁,數學系純數學組,數學,39.23,176.53
104,輔仁,數學系應用數學組,數學,41.74,187.83
104,輔仁,化學系,化學,41.69,208.45
104,輔仁,資訊工程學系,資訊工程,46.18,230.9
104,輔仁,生命科學系,生命科學,54.23,352.5
104,輔仁,物理學系物理組,物理,34.77,260.8
104,輔仁,物理學系光電物理組,光電,38.11,285.8
104,輔仁,電機工程學系系統與晶片設計組,電機工程,43.56,261.35
104,輔仁,電機工程學系電腦與通訊工程組,,43.15,258.9
104,輔仁,醫學資訊與創新應用學士學位學程,,47.5,237.5
104,輔仁,英國語文學系,外文,75.13,300.5
104,輔仁,法國語文學系,,70.1,350.5
104,輔仁,西班牙語文學系,,70.33,351.65
104,輔仁,日本語文學系,日文,63.96,383.75
104,輔仁,義大利語文學系,,67.4,337.0
104,輔仁,德語語文學系,,72.0,306.0
104,輔仁,織品服裝學系織品設計組,,58.4,321.2
104,輔仁,織品服裝學系服飾設計組,,59.35,326.4
104,輔仁,織品服裝學系織品服飾行銷組,,58.62,322.4
104,輔仁,餐旅管理學系,,63.4,475.5
104,輔仁,兒童與家庭學系,,57.17,343.0
104,輔仁,食品科學系,,54.38,435.0
104,輔仁,營養科學系,,61.08,488.6
104,輔仁,法律學系,法律,68.08,408.45
104,輔仁,財經法律學系,法律,69.08,414.45
104,輔仁,企業管理學系,企業管理,65.22,423.95
104,輔仁,會計學系,會計,66.58,432.75
104,輔仁,資訊管理學系,資訊管理,58.05,319.25
104,輔仁,統計資訊學系,統計,58.11,319.6
104,輔仁,金融與國際企業學系,財務金融,67.51,506.3
104,輔仁,社會學系,社會學,59.57,327.65
104,輔仁,社會工作學系,社會工作,59.3,296.5
104,輔仁,經濟學系,經濟,63.69,445.8
104,輔仁,宗教學系,,57.08,313.95
104,輔仁,心理學系,心理,54.39,217.55
105,輔仁,中國文學系,中文,60.56,317.95
105,輔仁,歷史學系,歷史,58.8,338.1
105,輔仁,哲學系,哲學,53.13,318.75
105,輔仁,音樂學系-鋼琴,,63.51,254.04
105,輔仁,音樂學系-弦樂,,51.76,207.04
105,輔仁,音樂學系-銅管樂、木管樂、擊樂,,60.43,241.7
105,輔仁,應用美術學系,,61.96,309.8
105,輔仁,景觀設計學系(社會組),,62.7,313.5
105,輔仁,景觀設計學系(自然組),,50.8,254.0
105,輔仁,影像傳播學系,新聞傳播,65.5,425.75
105,輔仁,新聞傳播學系,新聞傳播,65.94,461.6
105,輔仁,廣告傳播學系,新聞傳播,67.99,441.95
105,輔仁,圖書資訊學系,,61.09,488.7
105,輔仁,體育學系體育學組,,46.18,277.06
105,輔仁,體育學系運動健康管理組,,38.3,268.1
105,輔仁,教育領導與科技發展學士學位學程,,59.83,418.8
105,輔仁,護理學系,護理,56.43,296.28
105,輔仁,公共衛生學系,公共衛生,52.56,328.48
105,輔仁,醫學系,醫學,87.03,478.65
105,輔仁,臨床心理學系,心理,62.14,310.7
105,輔仁,職能治療學系,職能治療,65.3,473.43
105,輔仁,呼吸治療學系,,63.72,286.73
105,輔仁,數學系純數學組,數學,34.62,155.78
105,輔仁,數學系應用數學組,數學,41.16,185.23
105,輔仁,化學系,化學,45.21,226.05
105,輔仁,資訊工程學系,資訊工程,46.46,232.3
105,輔仁,生命科學系,生命科學,52.78,343.1
105,輔仁,物理學系物理組,物理,33.54,251.55
105,輔仁,物理學系光電物理組,光電,37.59,281.95
105,輔仁,電機工程學系系統與晶片設計組,電機工程,43.54,217.7
105,輔仁,電機工程學系電腦與通訊工程組,,41.97,188.88
105,輔仁,醫學資訊與創新應用學士學位學程,,47.62,238.1
105,輔仁,英國語文學系,外文,73.88,295.5
105,輔仁,法國語文學系,,66.64,333.2
105,輔仁,西班牙語文學系,,66.33,331.65
105,輔仁,日本語文學系,日文,64.16,384.95
105,輔仁,義大利語文學系,,64.73,323.65
105,輔仁,德語語文學系,,68.66,291.8
105,輔仁,織品服裝學系織品設計組,,59.67,328.2
105,輔仁,織品服裝學系服飾設計組,,62.36,343.0
105,輔仁,織品服裝學系織品服飾行銷組,,60.95,335.2
105,輔仁,餐旅管理學系,,62.93,472.0
105,輔仁,兒童與家庭學系,,57.9,347.4
105,輔仁,食品科學系,,55.21,441.7
105,輔仁,營養科學系,,62.74,501.9
105,輔仁,法律學系,法律,69.23,415.35
105,輔仁,財經法律學系,法律,70.11,420.65
105,輔仁,企業管理學系,企業管理,67.48,438.65
105,輔仁,會計學系,會計,68.52,445.35
105,輔仁,資訊管理學系,資訊管理,64.98,357.4
105,輔仁,統計資訊學系,統計,64.23,353.25
105,輔仁,金融與國際企業學系,財務金融,70.2,456.3
105,輔仁,社會學系,社會學,62.8,345.4
105,輔仁,社會工作學系,社會工作,59.48,297.4
105,輔仁,經濟學系,經濟,67.24,470.7
105,輔仁,宗教學系,,52.4,288.2
105,輔仁,心理學系,心理,58.68,234.7
106,輔仁,中國文學系,中文,61.63,323.55
106,輔仁,歷史學系,歷史,58.29,335.15
106,輔仁,哲學系,哲學,53.05,318.3
106,輔仁,音樂學系-鋼琴,,61.43,245.7
106,輔仁,音樂學系-弦樂,,57.68,230.72
106,輔仁,音樂學系-銅管、木管、擊樂,,62.49,249.96
106,輔仁,應用美術學系,,62.54,312.7
106,輔仁,景觀設計學系(社會組),,64.85,486.35
106,輔仁,景觀設計學系(自然組),,49.13,270.2
106,輔仁,影像傳播學系,新聞傳播,67.14,436.4
106,輔仁,新聞傳播學系,新聞傳播,66.66,466.6
106,輔仁,廣告傳播學系,新聞傳播,68.25,443.6
106,輔仁,圖書資訊學系,,60.94,487.5
106,輔仁,體育學系體育學組,,45.73,274.36
106,輔仁,體育學系運動健康管理組,,35.77,250.4
106,輔仁,教育領導與科技發展學士學位學程,,60.57,424.0
106,輔仁,護理學系,護理,54.59,286.6
106,輔仁,公共衛生學系,公共衛生,50.97,318.55
106,輔仁,醫學系,醫學,86.05,473.3
106,輔仁,臨床心理學系,心理,62.37,311.85
106,輔仁,職能治療學系,職能治療,65.31,473.5
106,輔仁,呼吸治療學系,,64.86,291.88
106,輔仁,數學系資訊數學組,數學,36.1,162.43
106,輔仁,數學系應用數學組,數學,39.47,177.63
106,輔仁,化學系,化學,46.73,233.65
106,輔仁,資訊工程學系,資訊工程,49.44,247.2
106,輔仁,生命科學系,生命科學,53.0,291.5
106,輔仁,物理學系物理組,物理,31.6,237.0
106,輔仁,物理學系光電物理組,光電,36.37,272.8
106,輔仁,電機工程學系系統與晶片設計組,電機工程,46.88,187.5
106,輔仁,電機工程學系電腦與通訊工程組,,43.98,175.9
106,輔仁,醫學資訊與創新應用學士學位學程,,47.36,236.8
106,輔仁,英國語文學系,外文,73.23,292.9
106,輔仁,法國語文學系,,68.25,341.25
106,輔仁,西班牙語文學系,,68.63,343.15
106,輔仁,日本語文學系,日文,64.91,389.45
106,輔仁,義大利語文學系,,66.18,330.9
106,輔仁,德語語文學系,,70.44,299.38
106,輔仁,織品服裝學系織品設計組,,56.36,310.0
106,輔仁,織品服裝學系服飾設計組,,56.87,312.8
106,輔仁,織品服裝學系織品服飾行銷組,,57.67,317.2
106,輔仁,餐旅管理學系,,63.29,474.7
106,輔仁,兒童與家庭學系,,56.53,339.2
106,輔仁,食品科學系,,54.0,432.0
106,輔仁,營養科學系,,62.24,497.9
106,輔仁,法律學系,法律,70.54,423.25
106,輔仁,財經法律學系,法律,72.04,432.25
106,輔仁,企業管理學系,企業管理,68.43,444.8
106,輔仁,會計學系,會計,69.9,454.35
106,輔仁,資訊管理學系,資訊管理,65.97,362.85
106,輔仁,統計資訊學系,統計,64.85,356.7
106,輔仁,金融與國際企業學系,財務金融,70.11,350.55
106,輔仁,社會學系,社會學,62.85,345.65
106,輔仁,社會工作學系,社會工作,59.76,298.8
106,輔仁,經濟學系,經濟,67.57,473.0
106,輔仁,宗教學系,,52.72,289.95
106,輔仁,心理學系,心理,58.84,235.35
107,輔仁,中國文學系,中文,62.62,328.76
107,輔仁,歷史學系,歷史,60.3,346.74
107,輔仁,哲學系,哲學,51.5,412.0
107,輔仁,音樂學系-鋼琴,,64.69,258.77
107,輔仁,音樂學系-弦樂,,59.85,239.39
107,輔仁,音樂學系-銅管樂,,51.03,204.1
107,輔仁,音樂學系-聲樂,,61.02,244.08
107,輔仁,應用美術學系,,61.52,307.6
107,輔仁,景觀設計學系(社會組),,64.12,480.88
107,輔仁,景觀設計學系(自然組),,51.54,283.45
107,輔仁,影像傳播學系,新聞傳播,67.03,469.2
107,輔仁,新聞傳播學系,新聞傳播,65.63,459.4
107,輔仁,廣告傳播學系,新聞傳播,66.99,435.45
107,輔仁,圖書資訊學系,,60.09,480.7
107,輔仁,體育學系體育學組,,48.21,289.28
107,輔仁,體育學系運動健康管理組,,43.37,303.6
107,輔仁,教育領導與科技發展學士學位學程,,59.93,419.5
107,輔仁,護理學系,護理,57.55,302.15
107,輔仁,公共衛生學系,公共衛生,51.51,321.93
107,輔仁,醫學系(自費),醫學,86.29,431.45
107,輔仁,醫學系(公費),醫學,85.21,468.66
107,輔仁,臨床心理學系,心理,64.18,320.9
107,輔仁,職能治療學系,職能治療,65.03,471.5
107,輔仁,呼吸治療學系,,62.82,282.68
107,輔仁,數學系資訊數學組,數學,47.41,213.36
107,輔仁,數學系應用數學組,數學,48.76,219.43
107,輔仁,化學系,化學,50.67,253.33
107,輔仁,資訊工程學系,資訊工程,54.24,271.2
107,輔仁,生命科學系,生命科學,48.96,269.3
107,輔仁,物理學系物理組,物理,43.06,215.3
107,輔仁,物理學系光電物理組,光電,45.24,271.42
107,輔仁,電機工程學系,電機工程,51.73,206.9
107,輔仁,醫學資訊與創新應用學士學位學程,,51.01,255.05
107,輔仁,英國語文學系,外文,72.8,291.2
107,輔仁,法國語文學系,,70.18,350.9
107,輔仁,西班牙語文學系,,70.23,351.13
107,輔仁,日本語文學系,日文,66.17,397.0
107,輔仁,義大利語文學系,,68.54,342.7
107,輔仁,德語語文學系,,69.84,296.83
107,輔仁,織品服裝學系織品設計組,,57.16,314.4
107,輔仁,織品服裝學系服飾設計組,,60.76,334.2
107,輔仁,織品服裝學系織品服飾行銷組,,60.69,333.8
107,輔仁,餐旅管理學系,,61.68,462.6
107,輔仁,兒童與家庭學系,,57.55,345.3
107,輔仁,食品科學系,,54.63,437.0
107,輔仁,營養科學系,,60.83,486.6
107,輔仁,法律學系,法律,69.86,419.18
107,輔仁,財經法律學系,法律,71.18,427.08
107,輔仁,企業管理學系,企業管理,67.65,439.7
107,輔仁,會計學系,會計,70.11,455.7
107,輔仁,資訊管理學系,資訊管理,67.18,369.5
107,輔仁,統計資訊學系,統計,65.75,361.6
107,輔仁,金融與國際企業學系,財務金融,72.64,399.5
107,輔仁,社會學系,社會學,63.08,346.93
107,輔仁,社會工作學系,社會工作,60.53,302.65
107,輔仁,經濟學系,經濟,67.16,470.1
107,輔仁,宗教學系,,54.85,301.65
107,輔仁,心理學系,心理,63.04,346.7
108,輔仁,中國文學系,中文,68.69,360.61
108,輔仁,歷史學系,歷史,67.64,388.91
108,輔仁,哲學系,哲學,59.91,479.3
108,輔仁,音樂學系-弦樂,,51.74,206.96
108,輔仁,音樂學系-銅管樂.木管樂,,52.13,208.5
108,輔仁,音樂學系-聲樂,,55.43,221.72
108,輔仁,應用美術學系,,64.94,324.7
108,輔仁,景觀設計學系(社會組),,67.48,506.1
108,輔仁,景觀設計學系(自然組),,58.38,321.1
108,輔仁,影像傳播學系,新聞傳播,70.86,496.0
108,輔仁,新聞傳播學系,新聞傳播,70.39,492.7
108,輔仁,廣告傳播學系,新聞傳播,70.27,456.78
108,輔仁,圖書資訊學系,,67.24,336.2
108,輔仁,體育學系體育學組,,50.66,303.98
108,輔仁,體育學系運動健康管理組,,50.9,356.3
108,輔仁,教育領導與科技發展學士學位學程,,66.73,467.1
108,輔仁,護理學系,護理,62.86,330.0
108,輔仁,公共衛生學系,公共衛生,59.34,370.9
108,輔仁,醫學系(自費),醫學,85.29,426.45
108,輔仁,醫學系(公費),醫學,84.2,463.11
108,輔仁,臨床心理學系,心理,68.55,377.0
108,輔仁,職能治療學系,職能治療,69.93,507.0
108,輔仁,呼吸治療學系,,70.01,315.04
108,輔仁,數學系資訊數學組,數學,53.83,242.23
108,輔仁,數學系應用數學組,數學,54.85,246.83
108,輔仁,化學系,化學,54.28,271.4
108,輔仁,資訊工程學系,資訊工程,58.34,291.7
108,輔仁,生命科學系,生命科學,57.96,318.8
108,輔仁,物理學系物理組,物理,54.5,218.0
108,輔仁,物理學系光電物理組,光電,55.55,222.2
108,輔仁,電機工程學系,電機工程,57.2,228.8
108,輔仁,醫學資訊與創新應用學士學位學程,,55.25,276.25
108,輔仁,英國語文學系,外文,76.33,305.3
108,輔仁,法國語文學系,,74.62,373.08
108,輔仁,西班牙語文學系,,74.39,371.93
108,輔仁,日本語文學系,日文,68.84,413.05
108,輔仁,義大利語文學系,,72.9,364.5
108,輔仁,德語語文學系,,74.77,317.78
108,輔仁,織品服裝學系織品設計組,,63.6,349.8
108,輔仁,織品服裝學系服飾設計組,,65.47,360.1
108,輔仁,織品服裝學系織品服飾行銷組,,64.81,356.44
108,輔仁,餐旅管理學系,,64.83,486.2
108,輔仁,兒童與家庭學系,,67.06,335.3
108,輔仁,食品科學系,,59.4,475.2
108,輔仁,營養科學系,,65.1,520.8
108,輔仁,法律學系,法律,74.32,408.75
108,輔仁,財經法律學系,法律,75.51,415.28
108,輔仁,企業管理學系,企業管理,71.45,464.43
108,輔仁,會計學系,會計,72.96,474.23
108,輔仁,資訊管理學系,資訊管理,72.58,399.2
108,輔仁,統計資訊學系,統計,71.87,395.3
108,輔仁,金融與國際企業學系,財務金融,77.33,425.3
108,輔仁,社會學系,社會學,69.38,381.6
108,輔仁,社會工作學系,社會工作,68.59,274.35
108,輔仁,經濟學系,經濟,73.0,365.0
108,輔仁,宗教學系,,63.78,350.8
108,輔仁,心理學系,心理,67.67,372.2
109,輔仁,中國文學系,中文,64.66,339.46
109,輔仁,歷史學系,歷史,64.17,368.99
109,輔仁,哲學系,哲學,51.66,413.3
109,輔仁,音樂學系-弦樂,,61.35,245.38
109,輔仁,音樂學系-銅管樂.木管樂,,54.25,217.0
109,輔仁,音樂學系-鋼琴,,57.07,228.28
109,輔仁,應用美術學系,,56.26,281.3
109,輔仁,景觀設計學系(社會組),,58.9,441.73
109,輔仁,景觀設計學系(自然組),,47.61,261.83
109,輔仁,影像傳播學系,新聞傳播,63.93,447.5
109,輔仁,新聞傳播學系,新聞傳播,64.44,451.1
109,輔仁,廣告傳播學系,新聞傳播,62.0,402.98
109,輔仁,圖書資訊學系,,59.66,298.3
109,輔仁,體育學系體育學組,,47.51,285.06
109,輔仁,體育學系運動健康管理組,,40.0,280.0
109,輔仁,教育領導與科技發展學士學位學程,,59.86,419.0
109,輔仁,護理學系,護理,53.16,279.08
109,輔仁,公共衛生學系,公共衛生,51.46,321.65
109,輔仁,醫學系(自費),醫學,84.16,420.8
109,輔仁,醫學系(公費),醫學,83.01,456.56
109,輔仁,臨床心理學系,心理,62.35,342.9
109,輔仁,職能治療學系,職能治療,62.29,451.6
109,輔仁,呼吸治療學系,,61.49,276.69
109,輔仁,數學系資訊數學組,數學,44.02,198.08
109,輔仁,數學系應用數學組,數學,45.46,204.59
109,輔仁,化學系,化學,48.88,244.38
109,輔仁,資訊工程學系,資訊工程,53.46,187.1
109,輔仁,生命科學系,生命科學,51.54,283.45
109,輔仁,物理學系物理組,物理,44.65,178.6
109,輔仁,物理學系光電物理組,光電,46.55,186.2
109,輔仁,電機工程學系,電機工程,48.6,194.4
109,輔仁,醫學資訊與創新應用學士學位學程,,49.78,248.9
109,輔仁,英國語文學系,外文,73.23,292.9
109,輔仁,法國語文學系,,69.53,347.63
109,輔仁,西班牙語文學系,,69.29,346.45
109,輔仁,日本語文學系,日文,60.49,362.93
109,輔仁,義大利語文學系,,66.63,333.15
109,輔仁,德語語文學系,,68.67,291.85
109,輔仁,織品服裝學系織品設計組,,50.44,277.4
109,輔仁,織品服裝學系服飾設計組,,53.56,294.6
109,輔仁,織品服裝學系織品服飾行銷組,,51.27,282.0
109,輔仁,餐旅管理學系,,54.52,408.9
109,輔仁,兒童與家庭學系,,55.34,276.7
109,輔仁,食品科學系,,49.53,396.2
109,輔仁,營養科學系,,58.65,469.2
109,輔仁,法律學系,法律,69.75,383.6
109,輔仁,財經法律學系,法律,71.16,391.4
109,輔仁,企業管理學系,企業管理,64.1,416.63
109,輔仁,會計學系,會計,66.0,429.03
109,輔仁,資訊管理學系,資訊管理,62.75,345.1
109,輔仁,統計資訊學系,統計,62.16,341.9
109,輔仁,金融與國際企業學系,財務金融,69.56,382.6
109,輔仁,社會學系,社會學,58.17,319.95
109,輔仁,社會工作學系,社會工作,57.14,228.55
109,輔仁,經濟學系,經濟,64.52,322.6
109,輔仁,宗教學系,,57.35,315.45
109,輔仁,心理學系,心理,58.89,323.9
110,輔仁,中國文學系,中文,60.91,319.79
110,輔仁,歷史學系,歷史,59.7,343.25
110,輔仁,哲學系,哲學,55.66,389.6
110,輔仁,音樂學系-弦樂,,65.01,260.03
110,輔仁,音樂學系-銅管樂.木管樂,,58.66,234.65
110,輔仁,音樂學系-鋼琴,,56.76,227.03
110,輔仁,應用美術學系,,59.09,295.45
110,輔仁,景觀設計學系(社會組),,58.71,440.35
110,輔仁,景觀設計學系(自然組),,43.76,240.7
110,輔仁,影像傳播學系,新聞傳播,63.49,444.4
110,輔仁,新聞傳播學系,新聞傳播,61.63,431.4
110,輔仁,廣告傳播學系,新聞傳播,64.67,420.38
110,輔仁,圖書資訊學系,,56.82,284.1
110,輔仁,體育學系體育學組,,59.81,239.24
110,輔仁,體育學系運動健康管理組,,46.72,233.6
110,輔仁,教育領導與科技發展學士學位學程,,55.89,391.2
110,輔仁,護理學系,護理,50.22,263.68
110,輔仁,公共衛生學系,公共衛生,45.58,284.85
110,輔仁,醫學系(自費),醫學,84.09,420.45
110,輔仁,醫學系(公費),醫學,82.31,452.7
110,輔仁,臨床心理學系,心理,66.31,364.7
110,輔仁,職能治療學系,職能治療,62.65,454.2
110,輔仁,呼吸治療學系,,60.04,270.16
110,輔仁,數學系資訊數學組,數學,33.74,151.81
110,輔仁,數學系應用數學組,數學,35.46,159.58
110,輔仁,化學系,化學,36.66,183.3
110,輔仁,資訊工程學系,資訊工程,51.39,179.85
110,輔仁,生命科學系,生命科學,45.55,250.5
110,輔仁,物理學系物理組,物理,32.8,131.2
110,輔仁,物理學系光電物理組,光電,38.65,154.6
110,輔仁,電機工程學系,電機工程,36.13,108.4
110,輔仁,醫學資訊與創新應用學士學位學程,,42.33,127.0
110,輔仁,人工智慧與資訊安全學士學位學程,,51.18,153.55
110,輔仁,英國語文學系,外文,75.23,300.9
110,輔仁,法國語文學系,,69.27,346.35
110,輔仁,西班牙語文學系,,66.2,331.0
110,輔仁,日本語文學系,日文,64.0,383.98
110,輔仁,義大利語文學系,,63.11,315.53
110,輔仁,德語語文學系,,65.13,276.8
110,輔仁,織品服裝學系織品設計組,,50.55,278.0
110,輔仁,織品服裝學系服飾設計組,,54.18,298.0
110,輔仁,織品服裝學系織品服飾行銷組,,51.44,282.9
110,輔仁,餐旅管理學系,,53.36,373.5
110,輔仁,兒童與家庭學系,,51.74,258.7
110,輔仁,食品科學系,,40.99,327.9
110,輔仁,營養科學系,,53.95,431.6
110,輔仁,法律學系,法律,71.44,392.9
110,輔仁,財經法律學系,法律,73.44,403.93
110,輔仁,企業管理學系,企業管理,65.61,426.45
110,輔仁,會計學系,會計,69.19,449.75
110,輔仁,資訊管理學系,資訊管理,65.4,359.7
110,輔仁,統計資訊學系,統計,62.84,345.6
110,輔仁,金融與國際企業學系,財務金融,72.2,397.1
110,輔仁,社會學系,社會學,55.22,303.73
110,輔仁,社會工作學系,社會工作,51.19,204.75
110,輔仁,經濟學系,經濟,66.12,330.6
110,輔仁,宗教學系,,52.93,291.1
110,輔仁,心理學系,心理,59.75,328.6
111,輔仁,中國文學系,中文,19.24,101.0
111,輔仁,歷史學系,歷史,18.74,107.75
111,輔仁,哲學系,哲學,21.86,153.0
111,輔仁,音樂學系-鋼琴,,47.37,189.46
111,輔仁,音樂學系-弦樂,,47.76,191.02
111,輔仁,音樂學系-銅管樂.木管樂,,51.29,205.14
111,輔仁,應用美術學系,,34.33,103.0
111,輔仁,景觀設計學系(社會組),,29.23,190.0
111,輔仁,景觀設計學系(自然組),,17.71,62.0
111,輔仁,影像傳播學系,新聞傳播,36.5,219.0
111,輔仁,新聞傳播學系,新聞傳播,32.88,263.0
111,輔仁,廣告傳播學系,新聞傳播,32.82,180.5
111,輔仁,圖書資訊學系,,25.6,128.0
111,輔仁,體育學系體育學組,,50.01,250.06
111,輔仁,體育學系運動健康管理組,,18.8,94.0
111,輔仁,教育領導與科技發展學士學位學程,,24.17,145.0
111,輔仁,護理學系,護理,16.14,84.75
111,輔仁,公共衛生學系,公共衛生,19.1,100.25
111,輔仁,醫學系(自費),醫學,52.0,260.0
111,輔仁,醫學系(公費),醫學,51.18,281.5
111,輔仁,臨床心理學系,心理,37.32,205.25
111,輔仁,職能治療學系,職能治療,33.34,241.75
111,輔仁,呼吸治療學系,,32.78,147.5
111,輔仁,數學系資訊數學組,數學,13.89,62.5
111,輔仁,數學系應用數學組,數學,12.28,55.25
111,輔仁,化學系,化學,8.0,40.0
111,輔仁,資訊工程學系,資訊工程,30.14,105.5
111,輔仁,生命科學系,生命科學,13.0,71.5
111,輔仁,物理學系物理組,物理,17.36,95.5
111,輔仁,物理學系光電物理組,光電,15.45,85.0
111,輔仁,電機工程學系,電機工程,20.33,61.0
111,輔仁,醫學資訊與創新應用學士學位學程,,27.0,81.0
111,輔仁,人工智慧與資訊安全學士學位學程,,22.67,68.0
111,輔仁,英國語文學系,外文,33.25,133.0
111,輔仁,法國語文學系,,28.0,168.0
111,輔仁,西班牙語文學系,,32.45,178.5
111,輔仁,日本語文學系,日文,38.4,192.0
111,輔仁,義大利語文學系,,22.67,136.0
111,輔仁,德語語文學系,,18.71,79.5
111,輔仁,織品服裝學系織品設計組,,20.67,93.0
111,輔仁,織品服裝學系服飾設計組,,23.33,105.0
111,輔仁,織品服裝學系織品服飾行銷組,,28.11,126.5
111,輔仁,餐旅管理學系,,23.43,164.0
111,輔仁,兒童與家庭學系,,25.83,155.0
111,輔仁,食品科學系,,13.25,106.0
111,輔仁,營養科學系,,20.71,145.0
111,輔仁,法律學系,法律,40.18,221.0
111,輔仁,財經法律學系,法律,39.82,219.0
111,輔仁,企業管理學系,企業管理,35.83,215.0
111,輔仁,會計學系,會計,36.38,145.5
111,輔仁,資訊管理學系,資訊管理,34.4,172.0
111,輔仁,統計資訊學系,統計,32.31,210.0
111,輔仁,金融與國際企業學系,財務金融,40.23,261.5
111,輔仁,社會學系,社會學,26.91,148.0
111,輔仁,社會工作學系,社會工作,27.25,109.0
111,輔仁,經濟學系,經濟,30.2,151.0
111,輔仁,宗教學系,,21.55,118.5
111,輔仁,心理學系,心理,36.38,236.5
112,輔仁,中國文學系,中文,35.5,142.0
112,輔仁,歷史學系,歷史,35.23,229.0
112,輔仁,哲學系,哲學,33.6,168.0
112,輔仁,音樂學系,,55.68,222.72
112,輔仁,應用美術學系,,39.86,139.5
112,輔仁,景觀設計學系(社會組),,37.69,245.0
112,輔仁,景觀設計學系(自然組),,30.14,105.5
112,輔仁,影像傳播學系,新聞傳播,41.8,209.0
112,輔仁,新聞傳播學系,新聞傳播,39.67,238.0
112,輔仁,廣告傳播學系,新聞傳播,37.73,207.5
112,輔仁,圖書資訊學系,,35.0,175.0
112,輔仁,體育學系體育學組,,40.59,284.1
112,輔仁,體育學系運動健康管理組,,32.43,227.0
112,輔仁,教育領導與科技發展學士學位學程,,33.6,168.0
112,輔仁,護理學系,護理,31.9,159.5
112,輔仁,公共衛生學系,公共衛生,32.0,128.0
112,輔仁,醫學系(自費),醫學,52.6,263.0
112,輔仁,醫學系(公費),醫學,51.05,280.75
112,輔仁,臨床心理學系,心理,41.35,175.75
112,輔仁,職能治療學系,職能治療,41.12,257.0
112,輔仁,呼吸治療學系,,36.71,128.5
112,輔仁,數學系資訊數學組,數學,25.61,115.25
112,輔仁,數學系應用數學組,數學,25.28,113.75
112,輔仁,化學系,化學,22.4,112.0
112,輔仁,資訊工程學系,資訊工程,35.57,124.5
112,輔仁,生命科學系,生命科學,27.56,124.0
112,輔仁,物理學系物理組,物理,27.73,152.5
112,輔仁,物理學系光電物理組,光電,28.27,155.5
112,輔仁,電機工程學系,電機工程,30.67,92.0
112,輔仁,醫學資訊與創新應用學士學位學程,,31.33,94.0
112,輔仁,人工智慧與資訊安全學士學位學程,,31.0,93.0
112,輔仁,英國語文學系,外文,42.0,168.0
112,輔仁,法國語文學系,,37.8,189.0
112,輔仁,西班牙語文學系,,38.2,191.0
112,輔仁,日本語文學系,日文,41.7,208.5
112,輔仁,義大利語文學系,,35.4,177.0
112,輔仁,德語語文學系,,36.94,157.0
112,輔仁,織品服裝學系織品設計組,,31.56,142.0
112,輔仁,織品服裝學系服飾設計組,,33.11,149.0
112,輔仁,織品服裝學系織品服飾行銷組,,33.56,151.0
112,輔仁,餐旅管理學系,,28.71,201.0
112,輔仁,兒童與家庭學系,,36.29,254.0
112,輔仁,食品科學系,,24.5,98.0
112,輔仁,營養科學系,,34.43,241.0
112,輔仁,法律學系,法律,43.09,237.0
112,輔仁,財經法律學系,法律,42.91,236.0
112,輔仁,企業管理學系,企業管理,37.6,188.0
112,輔仁,會計學系,會計,41.0,164.0
112,輔仁,資訊管理學系,資訊管理,37.0,185.0
112,輔仁,統計資訊學系,統計,35.83,215.0
112,輔仁,金融與國際企業學系,財務金融,41.15,267.5
112,輔仁,社會學系,社會學,34.33,206.0
112,輔仁,社會工作學系,社會工作,36.88,147.5
112,輔仁,經濟學系,經濟,34.2,171.0
112,輔仁,宗教學系,,31.5,126.0
112,輔仁,心理學系,心理,41.6,208.0
113,輔仁,中國文學系,中文,35.75,143.0
113,輔仁,歷史學系,歷史,36.8,184.0
113,輔仁,哲學系,哲學,33.0,165.0
113,輔仁,人文與社區創新學士學位學程,,39.8,199.0
113,輔仁,音樂學系,,47.03,188.1
113,輔仁,應用美術學系,,36.22,163.0
113,輔仁,景觀設計學系(社會組),,36.1,180.5
113,輔仁,景觀設計學系(自然組),,35.63,142.5
113,輔仁,影像傳播學系,新聞傳播,41.6,208.0
113,輔仁,新聞傳播學系,新聞傳播,39.33,236.0
113,輔仁,廣告傳播學系,新聞傳播,36.91,203.0
113,輔仁,圖書資訊學系,,35.0,175.0
113,輔仁,體育學系體育學組,,38.97,311.78
113,輔仁,體育學系運動健康管理組,,37.17,223.0
113,輔仁,教育領導與科技發展學士學位學程,,35.2,176.0
113,輔仁,護理學系,護理,35.0,140.0
113,輔仁,公共衛生學系,公共衛生,35.13,140.5
113,輔仁,醫學系(自費),醫學,53.6,268.0
113,輔仁,醫學系(公費),醫學,52.45,288.5
113,輔仁,臨床心理學系,心理,43.27,238.0
113,輔仁,職能治療學系,職能治療,43.16,269.75
113,輔仁,呼吸治療學系,,38.79,135.75
113,輔仁,數學系資訊數學組,數學,31.89,143.5
113,輔仁,數學系應用數學組,數學,30.78,138.5
113,輔仁,化學系,化學,29.3,146.5
113,輔仁,資訊工程學系,資訊工程,38.86,136.0
113,輔仁,生命科學系,生命科學,34.11,153.5
113,輔仁,物理學系電子物理組,物理,32.18,177.0
113,輔仁,物理學系光電物理組,光電,31.0,170.5
113,輔仁,電機工程學系,電機工程,34.33,103.0
113,輔仁,醫學資訊與創新應用學士學位學程,,33.33,100.0
113,輔仁,人工智慧與資訊安全學士學位學程,,35.33,106.0
113,輔仁,英國語文學系,外文,43.0,172.0
113,輔仁,法國語文學系,,39.6,198.0
113,輔仁,西班牙語文學系,,39.4,197.0
113,輔仁,日本語文學系,日文,42.3,211.5
113,輔仁,義大利語文學系,,37.4,187.0
113,輔仁,德語語文學系,,39.18,166.5
113,輔仁,國際溝通與科技創新學士學位學程,,39.8,199.0
113,輔仁,織品服裝學系織品設計組,,33.67,151.5
113,輔仁,織品服裝學系服飾設計組,,34.67,156.0
113,輔仁,織品服裝學系織品服飾行銷組,,36.67,165.0
113,輔仁,餐旅管理學系,,31.29,219.0
113,輔仁,兒童與家庭學系,,34.4,172.0
113,輔仁,食品科學系,,29.25,117.0
113,輔仁,營養科學系,,36.13,289.0
113,輔仁,法律學系,法律,46.5,186.0
113,輔仁,財經法律學系,法律,46.25,185.0
113,輔仁,企業管理學系,企業管理,37.4,187.0
113,輔仁,會計學系,會計,37.27,205.0
113,輔仁,資訊管理學系,資訊管理,37.0,185.0
113,輔仁,統計資訊學系,統計,34.17,205.0
113,輔仁,金融與國際企業學系,財務金融,40.54,263.5
113,輔仁,社會學系,社會學,36.0,216.0
113,輔仁,社會工作學系,社會工作,37.13,148.5
113,輔仁,經濟學系,經濟,33.0,165.0
113,輔仁,宗教學系,,33.75,135.0
113,輔仁,心理學系,心理,43.0,215.0
114,輔仁,中國文學系,中文,34.0,136.0
114,輔仁,歷史學系,歷史,36.8,184.0
114,輔仁,哲學系,哲學,33.0,165.0
114,輔仁,人文與社區創新學士學位學程,,39.0,195.0
114,輔仁,音樂學系,,56.3,225.18
114,輔仁,應用美術學系,,41.36,227.5
114,輔仁,景觀設計學系(社會組),,34.5,172.5
114,輔仁,景觀設計學系(自然組),,35.25,141.0
114,輔仁,影像傳播學系,新聞傳播,40.8,204.0
114,輔仁,新聞傳播學系,新聞傳播,41.4,207.0
114,輔仁,廣告傳播學系,新聞傳播,36.73,202.0
114,輔仁,圖書資訊學系,,34.2,171.0
114,輔仁,體育學系體育學組,,37.4,187.0
114,輔仁,體育學系運動健康管理組,,39.0,195.0
114,輔仁,教育領導與科技發展學士學位學程,,35.2,176.0
114,輔仁,護理學系,護理,34.88,139.5
114,輔仁,公共衛生學系,公共衛生,35.0,140.0
114,輔仁,醫學系(自費),醫學,54.2,271.0
114,輔仁,醫學系(公費),醫學,53.27,293.0
114,輔仁,臨床心理學系,心理,43.88,186.5
114,輔仁,職能治療學系,職能治療,44.62,234.25
114,輔仁,呼吸治療學系,,39.93,139.75
114,輔仁,數學系資訊數學組,數學,32.44,146.0
114,輔仁,數學系應用數學組,數學,31.44,141.5
114,輔仁,化學系,化學,31.3,156.5
114,輔仁,資訊工程學系,資訊工程,38.29,134.0
114,輔仁,生命科學系,生命科學,35.0,157.5
114,輔仁,物理學系電子物理組,物理,32.64,179.5
114,輔仁,物理學系光電物理組,光電,32.18,177.0
114,輔仁,電機工程學系,電機工程,37.25,149.0
114,輔仁,醫學資訊與創新應用學士學位學程,,33.33,100.0
114,輔仁,人工智慧與資訊安全學士學位學程,,35.0,105.0
114,輔仁,英國語文學系,外文,44.44,200.0
114,輔仁,法國語文學系,,40.0,200.0
114,輔仁,西班牙語文學系,,38.4,192.0
114,輔仁,日本語文學系,日文,40.4,202.0
114,輔仁,義大利語文學系,,37.8,189.0
114,輔仁,德語語文學系,,37.82,160.75
114,輔仁,國際溝通與科技創新學士學位學程,,41.6,208.0
114,輔仁,織品服裝學系織品設計組,,32.78,147.5
114,輔仁,織品服裝學系服飾設計組,,34.44,155.0
114,輔仁,織品服裝學系織品服飾行銷組,,35.89,161.5
114,輔仁,餐旅管理學系,,33.18,182.5
114,輔仁,兒童與家庭學系,,35.91,197.5
114,輔仁,食品科學系,,33.5,134.0
114,輔仁,營養科學系,,38.43,269.0
114,輔仁,法律學系,法律,46.0,184.0
114,輔仁,財經法律學系,法律,45.75,183.0
114,輔仁,企業管理學系,企業管理,39.8,199.0
114,輔仁,會計學系,會計,38.8,145.5
114,輔仁,資訊管理學系,資訊管理,41.4,207.0
114,輔仁,統計資訊學系,統計,37.6,188.0
114,輔仁,金融與國際企業學系,財務金融,44.4,222.0
114,輔仁,社會學系,社會學,36.6,183.0
114,輔仁,社會工作學系,社會工作,36.13,144.5
114,輔仁,經濟學系,經濟,34.4,172.0
114,輔仁,宗教學系,,31.75,127.0
114,輔仁,心理學系,心理,43.0,215.0
115,輔仁,中國文學系,中文,37.5,150.0
115,輔仁,歷史學系,歷史,39.6,198.0
115,輔仁,哲學系,哲學,35.6,178.0
115,輔仁,人文與社區創新學士學位學程,,41.9,209.5
115,輔仁,音樂學系,,36.0,108.0
115,輔仁,應用美術學系,,44.0,242.0
115,輔仁,景觀設計學系(社會組),,36.6,183.0
115,輔仁,景觀設計學系(自然組),,32.5,130.0
115,輔仁,影像傳播學系,新聞傳播,46.6,233.0
115,輔仁,新聞傳播學系,新聞傳播,41.8,209.0
115,輔仁,廣告傳播學系,新聞傳播,39.36,216.5
115,輔仁,圖書資訊學系,,34.4,172.0
115,輔仁,體育學系體育學組,,39.0,195.0
115,輔仁,體育學系運動健康管理組,,39.8,199.0
115,輔仁,教育領導與科技發展學士學位學程,,36.8,184.0
115,輔仁,護理學系,護理,34.13,136.5
115,輔仁,公共衛生學系,公共衛生,35.0,140.0
115,輔仁,醫學系(自費),醫學,53.0,265.0
115,輔仁,醫學系(公費),醫學,52.05,286.25
115,輔仁,臨床心理學系,心理,42.65,181.25
115,輔仁,職能治療學系,職能治療,46.05,241.75
115,輔仁,呼吸治療學系,,38.07,133.25
115,輔仁,數學系資訊數學組,數學,31.5,141.75
115,輔仁,數學系應用數學組,數學,31.17,140.25
115,輔仁,化學系,化學,31.4,157.0
115,輔仁,資訊工程學系,資訊工程,36.14,126.5
115,輔仁,生命科學系,生命科學,31.11,140.0
115,輔仁,物理學系電子物理組,物理,33.09,182.0
115,輔仁,物理學系光電物理組,光電,32.27,177.5
115,輔仁,電機工程學系,電機工程,36.75,147.0
115,輔仁,醫學資訊與創新應用學士學位學程,,31.67,95.0
115,輔仁,人工智慧與資訊安全學士學位學程,,33.33,100.0
115,輔仁,英國語文學系,外文,45.22,203.5
115,輔仁,法國語文學系,,40.0,200.0
115,輔仁,西班牙語文學系,,40.4,202.0
115,輔仁,日本語文學系,日文,41.2,206.0
115,輔仁,義大利語文學系,,38.6,193.0
115,輔仁,德語語文學系,,38.41,163.25
115,輔仁,國際溝通與科技創新學士學位學程,,44.2,221.0
115,輔仁,織品服裝學系織品設計組,,35.78,161.0
115,輔仁,織品服裝學系服飾設計組,,37.56,169.0
115,輔仁,織品服裝學系織品服飾行銷組,,38.11,171.5
115,輔仁,餐旅管理學系,,33.73,185.5
115,輔仁,兒童與家庭學系,,37.45,206.0
115,輔仁,食品科學系,,34.5,138.0
115,輔仁,營養科學系,,37.71,264.0
115,輔仁,法律學系,法律,47.75,191.0
115,輔仁,財經法律學系,法律,47.25,189.0
115,輔仁,企業管理學系,企業管理,37.0,222.0
115,輔仁,會計學系,會計,35.27,132.25
115,輔仁,資訊管理學系,資訊管理,40.2,201.0
115,輔仁,統計資訊學系,統計,35.8,179.0
115,輔仁,金融與國際企業學系,財務金融,43.2,216.0
115,輔仁,社會學系,社會學,40.0,200.0
115,輔仁,社會工作學系,社會工作,37.0,166.5
115,輔仁,經濟學系,經濟,32.8,164.0
115,輔仁,宗教學系,,36.0,144.0
115,輔仁,心理學系(社會組),心理,43.4,217.0
115,輔仁,心理學系(自然組),心理,37.5,150.0
115,輔仁,跨領域全英語學士學位學程,外文,42.5,170.0
101,海大,商船學系,,59.05,339.53
101,海大,航運管理學系,,75.44,301.75
101,海大,輪機工程學系能源應用組,,63.69,445.85
101,海大,輪機工程學系動力工程組,,65.22,456.55
101,海大,運輸科學系A組,,73.96,369.8
101,海大,運輸科學系B組,,62.46,312.3
101,海大,食品科學系食品科學組,,66.24,529.9
101,海大,食品科學系生物科技組,,67.36,538.9
101,海大,水產養殖學系,,59.11,428.58
101,海大,生命科學系,生命科學,67.29,454.2
101,海大,系統工程暨造船學系,,63.68,366.15
101,海大,河海工程學系,,61.77,401.5
101,海大,機械與機電工程學系,機械工程,67.17,436.6
101,海大,海洋環境資訊系,,61.3,398.45
101,海大,環境生物與漁業科學學系,,62.41,405.65
101,海大,電機工程學系,電機工程,69.34,346.7
101,海大,資訊工程學系,資訊工程,68.35,273.4
101,海大,通訊與導航工程學系,,67.28,336.4
102,海大,商船學系,,58.82,352.9
102,海大,航運管理學系,,75.05,300.2
102,海大,輪機工程學系能源應用組,,56.48,395.35
102,海大,輪機工程學系動力工程組,,58.44,409.1
102,海大,運輸科學系A組,,73.7,368.5
102,海大,運輸科學系B組,,63.52,317.6
102,海大,食品科學系食品科學組,,64.45,515.6
102,海大,食品科學系生物科技組,,66.08,528.6
102,海大,水產養殖學系,,59.05,428.13
102,海大,生命科學系,生命科學,64.18,433.2
102,海大,系統工程暨造船學系,,57.0,327.75
102,海大,河海工程學系,,54.72,355.7
102,海大,機械與機電工程學系,機械工程,60.42,392.7
102,海大,海洋環境資訊系,,53.48,347.6
102,海大,環境生物與漁業科學學系,,54.42,340.1
102,海大,電機工程學系,電機工程,63.62,318.1
102,海大,資訊工程學系,資訊工程,62.25,249.0
102,海大,通訊與導航工程學系,,60.4,302.0
103,海大,商船學系,,55.57,333.4
103,海大,航運管理學系,,76.61,306.45
103,海大,輪機工程學系能源應用組,,56.34,394.35
103,海大,輪機工程學系動力工程組,,59.68,417.75
103,海大,運輸科學系A組,,75.76,378.8
103,海大,運輸科學系B組,,60.46,302.3
103,海大,食品科學系食品科學組,,62.25,498.0
103,海大,食品科學系生物科技組,,62.79,502.3
103,海大,水產養殖學系,,54.25,393.3
103,海大,生命科學暨生物科技學系,生命科學,60.6,409.05
103,海大,系統工程暨造船學系,,57.0,327.73
103,海大,河海工程學系,,54.3,352.95
103,海大,機械與機電工程學系,機械工程,60.19,391.25
103,海大,海洋環境資訊系,,53.04,344.75
103,海大,環境生物與漁業科學學系,,53.3,333.1
103,海大,電機工程學系,電機工程,63.24,316.2
103,海大,資訊工程學系,資訊工程,59.88,239.5
103,海大,通訊與導航工程學系,,59.94,329.65
103,海大,海洋觀光管理學士學位學程,,73.89,295.55
104,海大,商船學系,,50.6,303.6
104,海大,航運管理學系,,64.87,291.9
104,海大,輪機工程學系能源應用組,,52.72,369.05
104,海大,輪機工程學系動力工程組,,55.59,389.1
104,海大,運輸科學系,,61.7,308.5
104,海大,食品科學系食品科學組,,57.26,458.1
104,海大,食品科學系生物科技組,,57.29,458.3
104,海大,水產養殖學系,,51.21,371.3
104,海大,生命科學暨生物科技學系,生命科學,55.53,360.95
104,海大,系統工程暨造船學系,,51.83,298.05
104,海大,河海工程學系,,50.52,328.4
104,海大,機械與機電工程學系,機械工程,56.58,367.8
104,海大,海洋環境資訊系,,48.48,315.1
104,海大,環境生物與漁業科學學系,,49.92,262.1
104,海大,電機工程學系,電機工程,59.84,299.2
104,海大,資訊工程學系,資訊工程,56.6,226.4
104,海大,通訊與導航工程學系,,55.6,305.8
104,海大,海洋觀光管理學士學位學程,,61.62,277.3
104,海大,海洋法政學士學位學程,,70.88,354.4
104,海大,光電與材料科技學士學位學程,光電,58.38,364.85
105,海大,商船學系,,51.7,310.2
105,海大,航運管理學系,,70.96,319.3
105,海大,運輸科學系A組,,70.8,354.0
105,海大,運輸科學系B組,,56.18,280.9
105,海大,輪機工程學系能源應用組,,53.51,374.55
105,海大,輪機工程學系動力工程組,,55.51,388.6
105,海大,食品科學系食品科學組,,58.23,465.8
105,海大,食品科學系生物科技組,,59.54,476.3
105,海大,水產養殖學系,,52.63,381.6
105,海大,生命科學暨生物科技學系,生命科學,56.12,364.75
105,海大,環境生物與漁業科學學系,,51.48,270.25
105,海大,海洋環境資訊系,,50.01,325.05
105,海大,機械與機電工程學系,機械工程,57.52,373.9
105,海大,系統工程暨造船學系,,52.5,301.9
105,海大,河海工程學系,,49.97,324.8
105,海大,電機工程學系,電機工程,60.4,302.0
105,海大,資訊工程學系,資訊工程,58.65,234.6
105,海大,通訊與導航工程學系,,57.33,315.3
105,海大,海洋觀光管理學士學位學程,,68.0,306.0
105,海大,海洋法政學士學位學程,,68.8,412.8
105,海大,光電與材料科技學士學位學程,光電,58.87,367.93
105,海大,海洋文創設計產業學士學位學程,,65.6,262.4
106,海大,商船學系,,51.88,285.35
106,海大,航運管理學系,,72.13,324.6
106,海大,運輸科學系A組,,72.14,360.7
106,海大,運輸科學系B組,,54.84,274.2
106,海大,輪機工程學系能源應用組,,54.78,356.05
106,海大,輪機工程學系動力工程組,,58.22,378.4
106,海大,食品科學系食品科學組,,56.54,452.3
106,海大,食品科學系生物科技組,,56.71,453.7
106,海大,水產養殖學系,,50.9,381.75
106,海大,生命科學暨生物科技學系,生命科學,54.77,410.8
106,海大,環境生物與漁業科學學系,,49.22,258.4
106,海大,海洋環境資訊系,,50.28,326.8
106,海大,機械與機電工程學系,機械工程,58.98,383.35
106,海大,系統工程暨造船學系,,53.7,308.78
106,海大,河海工程學系,,51.8,336.7
106,海大,電機工程學系,電機工程,61.52,307.6
106,海大,資訊工程學系,資訊工程,60.73,242.9
106,海大,通訊與導航工程學系,,58.96,324.3
106,海大,海洋觀光管理學士學位學程,,67.11,302.0
106,海大,海洋法政學士學位學程,,69.0,414.0
106,海大,光電與材料科技學士學位學程,光電,60.16,376.0
106,海大,海洋文創設計產業學士學位學程,,63.73,223.05
106,海大,海洋生物科技學士學位學程,,53.57,348.2
106,海大,海洋工程科技學士學位學程,,55.32,359.55
106,海大,海洋經營管理學士學位學程,,68.93,310.2
107,海大,商船學系,,56.49,310.68
107,海大,航運管理學系,,72.2,324.9
107,海大,運輸科學系A組,,72.08,360.4
107,海大,運輸科學系B組,,63.12,315.6
107,海大,輪機工程學系能源應用組,,58.65,381.25
107,海大,輪機工程學系動力工程組,,61.37,398.88
107,海大,食品科學系食品科學組,,57.41,459.3
107,海大,食品科學系生物科技組,,55.1,440.8
107,海大,水產養殖學系,,50.94,382.04
107,海大,生命科學暨生物科技學系,生命科學,55.45,360.43
107,海大,環境生物與漁業科學學系,,51.38,269.75
107,海大,海洋環境資訊系,,52.87,343.68
107,海大,機械與機電工程學系,機械工程,62.2,404.3
107,海大,系統工程暨造船學系,,57.73,331.96
107,海大,河海工程學系,,54.53,354.45
107,海大,電機工程學系,電機工程,65.47,327.35
107,海大,資訊工程學系,資訊工程,66.4,265.6
107,海大,通訊與導航工程學系,,64.14,352.78
107,海大,海洋觀光管理學士學位學程,,68.27,307.2
107,海大,海洋法政學士學位學程,,71.68,430.1
107,海大,光電與材料科技學系,光電,64.15,400.94
107,海大,海洋文創設計產業學士學位學程,,65.39,228.85
107,海大,海洋生物科技學士學位學程,,52.45,340.93
107,海大,海洋工程科技學士學位學程,,59.9,389.38
107,海大,海洋經營管理學士學位學程,,70.4,281.6
108,海大,商船學系,,60.03,330.15
108,海大,航運管理學系,,76.07,342.3
108,海大,運輸科學系A組,,76.62,383.1
108,海大,運輸科學系B組,,63.8,319.0
108,海大,輪機工程學系能源應用組,,61.75,401.4
108,海大,輪機工程學系動力工程組,,63.17,410.6
108,海大,食品科學系食品科學組,,63.16,505.3
108,海大,食品科學系生物科技組,,61.31,490.5
108,海大,水產養殖學系,,58.79,440.9
108,海大,生命科學暨生物科技學系,生命科學,62.07,403.45
108,海大,環境生物與漁業科學學系,,58.64,307.88
108,海大,海洋環境資訊系,,57.74,375.28
108,海大,機械與機電工程學系,機械工程,64.07,416.43
108,海大,系統工程暨造船學系,,61.2,351.9
108,海大,河海工程學系,,59.06,383.9
108,海大,電機工程學系,電機工程,67.31,336.55
108,海大,資訊工程學系,資訊工程,67.16,268.63
108,海大,通訊與導航工程學系,,64.8,356.4
108,海大,海洋觀光管理學士學位學程,,75.5,339.74
108,海大,海洋法政學士學位學程,,75.88,379.4
108,海大,光電與材料科技學系,光電,64.81,405.05
108,海大,海洋文創設計產業學士學位學程,,73.07,255.75
108,海大,海洋生物科技學士學位學程,,59.86,389.1
108,海大,海洋工程科技學士學位學程,,61.55,400.05
108,海大,海洋經營管理學士學位學程,,73.6,294.4
109,海大,商船學系,,53.93,296.63
109,海大,航運管理學系,,66.51,299.3
109,海大,運輸科學系A組,,66.78,333.9
109,海大,運輸科學系B組,,56.24,281.2
109,海大,輪機工程學系能源應用組,,54.97,357.28
109,海大,輪機工程學系動力工程組,,57.62,374.53
109,海大,食品科學系食品科學組,,54.71,437.7
109,海大,食品科學系生物科技組,,50.68,405.4
109,海大,水產養殖學系,,48.29,362.2
109,海大,生命科學暨生物科技學系,生命科學,51.08,332.05
109,海大,環境生物與漁業科學學系,,44.92,235.83
109,海大,海洋環境資訊系,,50.7,329.53
109,海大,機械與機電工程學系,機械工程,59.08,384.05
109,海大,系統工程暨造船學系,,53.82,309.46
109,海大,河海工程學系,,51.99,337.93
109,海大,電機工程學系,電機工程,62.71,313.55
109,海大,資訊工程學系,資訊工程,61.19,244.75
109,海大,通訊與導航工程學系,,58.46,321.53
109,海大,海洋觀光管理學士學位學程,,64.36,289.6
109,海大,海洋法政學士學位學程,,68.18,340.9
109,海大,光電與材料科技學系,光電,59.84,374.01
109,海大,海洋文創設計產業學士學位學程,,62.63,219.2
109,海大,海洋生物科技學士學位學程,,52.82,343.33
109,海大,海洋工程科技學士學位學程,,52.8,343.18
109,海大,海洋經營管理學士學位學程,,65.2,260.8
110,海大,商船學系,,49.12,270.15
110,海大,航運管理學系,,67.36,303.1
110,海大,運輸科學系A組,,67.08,335.4
110,海大,運輸科學系B組,,54.3,271.5
110,海大,輪機工程學系能源應用組,,46.49,302.18
110,海大,輪機工程學系動力工程組,,50.18,326.2
110,海大,食品科學系,,48.83,390.6
110,海大,水產養殖學系,,39.71,297.8
110,海大,生命科學暨生物科技學系,生命科學,43.74,284.33
110,海大,環境生物與漁業科學學系,,43.62,228.98
110,海大,海洋環境資訊系,,43.69,284.0
110,海大,機械與機電工程學系,機械工程,50.58,328.75
110,海大,系統工程暨造船學系,,44.08,253.48
110,海大,河海工程學系,,41.95,272.65
110,海大,電機工程學系,電機工程,59.09,295.45
110,海大,資訊工程學系,資訊工程,57.99,231.95
110,海大,通訊與導航工程學系,,52.61,289.33
110,海大,海洋觀光管理學士學位學程,,59.11,266.0
110,海大,海洋法政學士學位學程,,65.88,329.4
110,海大,光電與材料科技學系,光電,54.33,339.56
110,海大,海洋文創設計產業學士學位學程,,61.43,215.0
110,海大,海洋生物科技學士學位學程,,42.05,273.35
110,海大,海洋工程科技學士學位學程,,43.32,281.6
110,海大,海洋經營管理學士學位學程,,63.2,252.8
111,海大,商船學系,,25.36,139.5
111,海大,航運管理學系,,35.73,196.5
111,海大,運輸科學系A組,,33.83,203.0
111,海大,運輸科學系B組,,29.0,145.0
111,海大,輪機工程學系,,27.46,178.5
111,海大,食品科學系,,19.13,153.0
111,海大,水產養殖學系,,17.6,132.0
111,海大,生命科學暨生物科技學系,生命科學,26.27,144.5
111,海大,環境生物與漁業科學學系,,13.62,71.5
111,海大,海洋環境資訊系,,23.31,151.5
111,海大,機械與機電工程學系,機械工程,29.92,194.5
111,海大,系統工程暨造船學系,,23.77,77.25
111,海大,河海工程學系,,22.92,149.0
111,海大,電機工程學系,電機工程,35.8,179.0
111,海大,資訊工程學系,資訊工程,36.5,146.0
111,海大,通訊與導航工程學系,,32.0,176.0
111,海大,海洋觀光管理學士學位學程,,31.36,172.5
111,海大,光電與材料科技學系,光電,32.24,201.5
111,海大,海洋文創設計產業學士學位學程,,30.0,135.0
111,海大,海洋生物科技學士學位學程,,24.92,162.0
111,海大,海洋工程科技學士學位學程,,24.54,159.5
111,海大,海洋經營管理學士學位學程,,35.0,175.0
112,海大,商船學系,,36.73,202.0
112,海大,航運管理學系,,40.18,221.0
112,海大,運輸科學系A組,,38.17,229.0
112,海大,運輸科學系B組,,34.0,170.0
112,海大,輪機工程學系,,33.31,216.5
112,海大,食品科學系,,29.38,235.0
112,海大,水產養殖學系,,26.73,200.5
112,海大,生命科學暨生物科技學系,生命科學,36.91,203.0
112,海大,環境生物與漁業科學學系,,34.56,155.5
112,海大,海洋環境資訊系,,30.46,198.0
112,海大,機械與機電工程學系,機械工程,36.69,238.5
112,海大,系統工程暨造船學系,,31.69,103.0
112,海大,河海工程學系,,30.96,178.0
112,海大,電機工程學系,電機工程,40.6,203.0
112,海大,資訊工程學系,資訊工程,41.25,165.0
112,海大,通訊與導航工程學系,,37.25,149.0
112,海大,海洋觀光管理學士學位學程,,35.73,196.5
112,海大,海洋法政學士學位學程,,38.6,193.0
112,海大,光電與材料科技學系,光電,38.04,237.75
112,海大,海洋文創設計產業學士學位學程,,38.33,115.0
112,海大,海洋生物科技學士學位學程,,30.62,199.0
112,海大,海洋工程科技學士學位學程,,34.73,191.0
112,海大,海洋經營管理學士學位學程,,38.2,191.0
113,海大,商船學系,,36.36,200.0
113,海大,航運管理學系,,38.18,210.0
113,海大,運輸科學系A組,,34.17,205.0
113,海大,運輸科學系B組,,37.0,185.0
113,海大,輪機工程學系,,34.69,225.5
113,海大,海洋觀光管理學士學位學程,,33.18,182.5
113,海大,海洋經營管理學士學位學程,,36.6,183.0
113,海大,食品科學系,,30.13,241.0
113,海大,水產養殖學系,,27.87,209.0
113,海大,生命科學暨生物科技學系,生命科學,39.09,215.0
113,海大,海洋生物科技學士學位學程,,32.85,213.5
113,海大,環境生物與漁業科學學系,,34.11,153.5
113,海大,海洋環境資訊系,,31.77,206.5
113,海大,機械與機電工程學系,機械工程,38.77,252.0
113,海大,系統工程暨造船學系,,32.54,105.75
113,海大,河海工程學系,,31.78,182.75
113,海大,海洋工程科技學士學位學程,,35.82,197.0
113,海大,電機工程學系,電機工程,43.2,216.0
113,海大,資訊工程學系,資訊工程,42.0,168.0
113,海大,通訊與導航工程學系,,38.5,154.0
113,海大,光電與材料科技學系,光電,39.8,248.75
113,海大,海洋法政學士學位學程,,41.0,184.5
113,海大,海洋文創設計產業學士學位學程,,37.67,113.0
114,海大,商船學系,,36.17,217.0
114,海大,航運管理學系,,40.27,221.5
114,海大,運輸科學系A組,,42.0,210.0
114,海大,運輸科學系B組,,36.4,182.0
114,海大,輪機工程學系,,35.31,229.5
114,海大,海洋觀光管理學士學位學程,,34.73,191.0
114,海大,海洋經營管理學士學位學程,,39.2,196.0
114,海大,食品科學系,,31.38,251.0
114,海大,水產養殖學系,,29.92,179.5
114,海大,生命科學暨生物科技學系,生命科學,37.64,207.0
114,海大,海洋生物科技學士學位學程,,34.55,190.0
114,海大,環境生物與漁業科學學系,,32.89,148.0
114,海大,海洋環境資訊系,,34.85,226.5
114,海大,機械與機電工程學系,機械工程,39.85,259.0
114,海大,系統工程暨造船學系,,34.65,147.25
114,海大,河海工程學系,,33.09,190.25
114,海大,海洋工程科技學士學位學程,,38.0,209.0
114,海大,電機工程學系,電機工程,43.8,219.0
114,海大,資訊工程學系,資訊工程,42.75,171.0
114,海大,通訊與導航工程學系,,41.0,164.0
114,海大,光電與材料科技學系,光電,41.1,215.75
114,海大,海洋法政學士學位學程,,40.33,181.5
114,海大,海洋文創設計產業學士學位學程,,34.33,103.0
115,海大,商船學系,,36.75,220.5
115,海大,航運管理學系,,39.36,216.5
115,海大,運輸科學系A組,,39.0,195.0
115,海大,運輸科學系B組,,32.0,160.0
115,海大,輪機工程學系,,33.62,218.5
115,海大,海洋觀光管理學士學位學程,,31.73,174.5
115,海大,海洋經營管理學士學位學程,,38.2,191.0
115,海大,食品科學系,,30.5,244.0
115,海大,水產養殖學系,,28.83,173.0
115,海大,生命科學暨生物科技學系,生命科學,34.91,192.0
115,海大,海洋生物科技學士學位學程,,33.91,186.5
115,海大,環境生物與漁業科學學系,,31.33,141.0
115,海大,海洋環境資訊系,,32.0,208.0
115,海大,機械與機電工程學系,機械工程,37.15,241.5
115,海大,系統工程暨造船學系,,31.71,134.75
115,海大,河海工程學系,,31.65,182.0
115,海大,海洋工程科技學士學位學程,,35.0,192.5
115,海大,電機工程學系,電機工程,41.4,207.0
115,海大,資訊工程學系,資訊工程,38.75,155.0
115,海大,通訊與導航工程學系,,41.63,166.5
115,海大,光電與材料科技學系,光電,38.71,203.25
115,海大,海洋法政學士學位學程,,40.89,184.0
115,海大,海洋文創設計產業學士學位學程,,33.33,100.0
101,高師大,國文學系國文組(自費),中文,68.21,409.28
101,高師大,國文學系國文組(公費),中文,80.78,484.67
101,高師大,國文學系應用中文組,中文,68.13,408.78
101,高師大,英語學系(自費),外文,71.41,464.15
101,高師大,英語學系(公費)-內門國中,外文,82.73,537.75
101,高師大,英語學系(公費)-潮寮國中,外文,87.44,568.33
101,高師大,地理學系,地理,71.18,391.48
101,高師大,教育學系,,69.63,452.6
101,高師大,特殊教育學系,,67.31,370.2
101,高師大,事業經營學系,,76.59,402.1
101,高師大,體育學系,,48.6,388.8
101,高師大,音樂學系-長笛,,75.14,300.54
101,高師大,音樂學系-聲樂,,60.2,240.78
101,高師大,音樂學系-小提琴,,62.3,249.2
101,高師大,音樂學系-鋼琴,,74.57,298.26
101,高師大,美術學系,,60.77,303.86
101,高師大,視覺設計學系,,67.95,271.8
101,高師大,數學系數學組(自費),數學,66.85,367.68
101,高師大,數學系數學組(公費),數學,89.23,490.75
101,高師大,數學系應用數學組,數學,68.46,376.55
101,高師大,物理學系,物理,70.51,458.3
101,高師大,化學系,化學,69.34,485.35
101,高師大,生物科技系,,69.34,433.35
101,高師大,工業科技教育學系,,64.92,422.0
101,高師大,光電與通訊工程學系,,68.9,344.5
101,高師大,工業設計學系,,67.67,406.0
101,高師大,電子工程學系,電子工程,67.98,339.9
101,高師大,軟體工程學系,,67.47,421.7
102,高師大,國文學系國文組,中文,70.65,423.9
102,高師大,國文學系應用中文組,中文,69.65,417.88
102,高師大,英語學系,外文,72.18,469.2
102,高師大,地理學系,地理,73.3,403.13
102,高師大,地理學系(公費生),地理,87.75,482.63
102,高師大,教育學系,,70.78,460.05
102,高師大,特殊教育學系,,69.09,380.0
102,高師大,事業經營學系,,75.67,397.25
102,高師大,體育學系,,51.22,409.74
102,高師大,音樂學系-鋼琴,,75.16,300.62
102,高師大,音樂學系-聲樂,,60.69,242.76
102,高師大,音樂學系-小提琴,,74.08,296.32
102,高師大,音樂學系-法國號,,81.03,324.12
102,高師大,音樂學系-雙簧管,,64.02,256.08
102,高師大,美術學系,,60.15,300.76
102,高師大,視覺設計學系,,68.2,272.8
102,高師大,數學系數學組,數學,60.01,330.05
102,高師大,數學系應用數學組,數學,61.65,339.1
102,高師大,物理學系,物理,62.03,403.2
102,高師大,化學系,化學,61.46,430.25
102,高師大,化學系(公費生),化學,81.68,571.75
102,高師大,生物科技系,,67.19,419.93
102,高師大,工業科技教育學系,,57.84,375.95
102,高師大,光電與通訊工程學系,,61.6,308.0
102,高師大,工業設計學系,,62.48,374.85
102,高師大,電子工程學系,電子工程,60.43,362.6
102,高師大,軟體工程學系,,61.51,384.45
103,高師大,國文學系國文組,中文,71.11,426.68
103,高師大,國文學系應用中文組,中文,70.7,424.18
103,高師大,英語學系,外文,73.45,477.4
103,高師大,地理學系,地理,74.25,408.38
103,高師大,教育學系,,71.4,464.1
103,高師大,特殊教育學系,,70.42,387.3
103,高師大,事業經營學系,,77.02,404.35
103,高師大,體育學系,,48.63,389.03
103,高師大,音樂學系-鋼琴,,70.77,283.06
103,高師大,音樂學系-小提琴,,79.42,317.66
103,高師大,音樂學系-大提琴,,72.41,289.62
103,高師大,音樂學系-長笛,,71.15,284.58
103,高師大,音樂學系-單簧管,,59.42,237.68
103,高師大,美術學系,,57.8,289.0
103,高師大,視覺設計學系,,65.47,261.9
103,高師大,數學系數學組,數學,56.73,312.03
103,高師大,數學系應用數學組,數學,58.05,319.28
103,高師大,物理學系,物理,60.23,391.5
103,高師大,化學系,化學,61.36,429.5
103,高師大,生物科技系,,63.6,397.53
103,高師大,工業科技教育學系,,55.39,360.05
103,高師大,光電與通訊工程學系,,60.06,300.3
103,高師大,工業設計學系,,61.0,366.0
103,高師大,電子工程學系,電子工程,58.69,352.15
103,高師大,軟體工程學系,,60.53,378.33
104,高師大,國文學系,中文,66.02,396.13
104,高師大,英語學系,外文,66.3,414.35
104,高師大,地理學系,地理,67.6,371.8
104,高師大,教育學系,,64.41,418.65
104,高師大,特殊教育學系,,63.97,351.85
104,高師大,事業經營學系,,64.92,340.85
104,高師大,體育學系,,50.09,400.72
104,高師大,音樂學系-鋼琴,,71.6,286.38
104,高師大,音樂學系-聲樂、弦樂,,68.61,274.42
104,高師大,音樂學系-銅管樂,,60.67,242.68
104,高師大,音樂學系-單簧管,,69.34,277.36
104,高師大,美術學系,,52.11,260.56
104,高師大,視覺設計學系,,60.15,240.6
104,高師大,數學系數學組,數學,51.03,280.65
104,高師大,數學系應用數學組,數學,52.61,289.38
104,高師大,物理學系,物理,56.6,367.9
104,高師大,化學系,化學,57.74,404.2
104,高師大,生物科技系,,58.64,366.5
104,高師大,工業科技教育學系,,50.56,328.65
104,高師大,光電與通訊工程學系,,55.3,276.5
104,高師大,工業設計學系,,55.88,335.25
104,高師大,電子工程學系,電子工程,55.05,330.3
104,高師大,軟體工程與管理學系,,54.06,337.85
105,高師大,國文學系,中文,65.43,392.6
105,高師大,英語學系,外文,67.02,418.88
105,高師大,地理學系,地理,67.08,368.93
105,高師大,教育學系,,66.1,429.65
105,高師大,特殊教育學系,,64.0,351.98
105,高師大,事業經營學系,,69.5,364.9
105,高師大,體育學系,,47.85,382.76
105,高師大,音樂學系-聲樂,,69.43,277.7
105,高師大,音樂學系-弦樂,,60.77,243.06
105,高師大,音樂學系-銅管樂、木管樂,,60.01,240.02
105,高師大,美術學系,,57.35,229.4
105,高師大,視覺設計學系,,60.95,243.8
105,高師大,數學系數學組,數學,53.63,294.98
105,高師大,數學系應用數學組,數學,56.0,308.0
105,高師大,物理學系,物理,57.89,376.3
105,高師大,化學系,化學,58.75,411.25
105,高師大,生物科技系,,60.46,377.9
105,高師大,工業科技教育學系,,51.7,336.05
105,高師大,光電與通訊工程學系,,54.94,274.7
105,高師大,工業設計學系,,54.86,329.15
105,高師大,電子工程學系,電子工程,56.07,336.4
105,高師大,軟體工程與管理學系,,53.9,336.85
106,高師大,國文學系,中文,66.27,397.63
106,高師大,英語學系,外文,68.88,430.48
106,高師大,地理學系,地理,69.57,382.63
106,高師大,教育學系,,67.03,435.7
106,高師大,特殊教育學系,,64.78,356.28
106,高師大,事業經營學系,,70.7,371.2
106,高師大,體育學系,,45.78,366.22
106,高師大,音樂學系-綜合樂器,,64.6,258.4
106,高師大,音樂學系-銅管、木管,,64.87,259.48
106,高師大,美術學系,,56.43,225.7
106,高師大,視覺設計學系,,60.9,243.6
106,高師大,數學系數學組,數學,54.05,297.3
106,高師大,數學系應用數學組,數學,55.25,303.88
106,高師大,物理學系,物理,57.57,374.2
106,高師大,化學系,化學,59.15,414.05
106,高師大,生物科技系,,57.38,358.6
106,高師大,工業科技教育學系科技教育與訓練組,,51.97,298.8
106,高師大,工業科技教育學系能源與冷凍空調組,,49.54,284.88
106,高師大,光電與通訊工程學系,,55.58,277.9
106,高師大,工業設計學系,,53.79,322.75
106,高師大,電子工程學系,電子工程,57.35,344.1
106,高師大,軟體工程與管理學系,,55.92,349.48
107,高師大,國文學系,中文,66.24,397.45
107,高師大,英語學系,外文,67.71,423.2
107,高師大,地理學系,地理,69.18,380.51
107,高師大,教育學系,,68.39,444.53
107,高師大,特殊教育學系,,65.97,362.84
107,高師大,事業經營學系,,71.85,377.2
107,高師大,體育學系,,45.08,360.62
107,高師大,音樂學系-鋼琴.聲樂.弦樂.擊樂.理論作曲,,66.43,265.72
107,高師大,音樂學系-銅管樂、木管樂,,70.23,280.91
107,高師大,美術學系,,55.87,223.46
107,高師大,視覺設計學系,,60.2,240.8
107,高師大,數學系數學組,數學,57.0,313.49
107,高師大,數學系應用數學組,數學,58.73,323.0
107,高師大,物理學系,物理,59.75,388.4
107,高師大,化學系,化學,60.88,456.6
107,高師大,生物科技系,,57.24,357.75
107,高師大,工業科技教育學系科技教育與訓練組,,55.2,317.39
107,高師大,工業科技教育學系能源與冷凍空調組,,53.46,307.39
107,高師大,光電與通訊工程學系,,59.25,296.25
107,高師大,工業設計學系,,56.45,338.7
107,高師大,電子工程學系,電子工程,59.93,359.55
107,高師大,軟體工程與管理學系,,59.98,374.9
108,高師大,音樂學系,,73.47,293.89
108,高師大,美術學系,,58.85,235.39
108,高師大,視覺設計學系,,63.04,252.15
108,高師大,國文學系,中文,70.17,421.0
108,高師大,英語學系,外文,71.04,444.0
108,高師大,地理學系,地理,71.73,394.5
108,高師大,教育學系,,72.06,468.38
108,高師大,特殊教育學系,,73.34,256.68
108,高師大,事業經營學系,,76.17,399.9
108,高師大,體育學系,,46.29,370.28
108,高師大,數學系數學組,數學,58.31,320.73
108,高師大,數學系應用數學組,數學,60.39,332.14
108,高師大,物理學系,物理,60.97,396.3
108,高師大,化學系,化學,62.76,470.7
108,高師大,生物科技系,,63.47,396.71
108,高師大,工業科技教育學系科技教育與訓練組(自費),,60.06,345.34
108,高師大,工業科技教育學系科技教育與訓練組(公費)-臺南市,,76.96,384.8
108,高師大,工業科技教育學系能源與冷凍空調組,,60.64,348.69
108,高師大,光電與通訊工程學系,,63.15,315.75
108,高師大,工業設計學系,,59.76,358.53
108,高師大,電子工程學系,電子工程,61.9,371.4
108,高師大,軟體工程與管理學系,,62.76,392.23
109,高師大,音樂學系,,66.17,264.69
109,高師大,美術學系,,55.21,220.82
109,高師大,視覺設計學系,,56.85,227.4
109,高師大,國文學系,中文,69.27,380.98
109,高師大,英語學系,外文,65.95,412.2
109,高師大,地理學系,地理,66.41,365.28
109,高師大,教育學系,,65.99,428.95
109,高師大,特殊教育學系,,68.34,239.19
109,高師大,事業經營學系,,69.44,364.55
109,高師大,體育學系,,43.11,344.87
109,高師大,數學系數學組,數學,51.26,281.91
109,高師大,數學系應用數學組,數學,51.89,285.39
109,高師大,物理學系,物理,54.65,355.2
109,高師大,化學系,化學,64.62,323.1
109,高師大,生物科技系,,56.1,350.64
109,高師大,工業科技教育學系科技教育與訓練組,,53.23,306.08
109,高師大,工業科技教育學系能源與冷凍空調組,,51.93,298.61
109,高師大,電機工程學系,電機工程,59.86,299.3
109,高師大,工業設計學系,,65.74,328.7
109,高師大,電子工程學系,電子工程,56.17,337.0
109,高師大,軟體工程與管理學系,,57.04,356.48
110,高師大,音樂學系,,67.76,271.02
110,高師大,美術學系,,55.82,223.29
110,高師大,視覺設計學系,,57.53,230.1
110,高師大,國文學系,中文,68.57,377.14
110,高師大,英語學系,外文,65.45,425.4
110,高師大,地理學系,地理,68.81,378.44
110,高師大,教育學系,,66.62,466.36
110,高師大,特殊教育學系,,64.3,225.04
110,高師大,事業經營學系,,69.24,363.5
110,高師大,體育學系,,40.22,321.79
110,高師大,數學系數學組,數學,45.1,248.05
110,高師大,數學系應用數學組,數學,43.37,238.51
110,高師大,物理學系,物理,45.83,297.9
110,高師大,化學系,化學,57.64,288.2
110,高師大,生物科技系,,52.38,327.35
110,高師大,工業科技教育學系科技教育與訓練組,,45.18,259.76
110,高師大,工業科技教育學系能源與冷凍空調組,,40.18,231.05
110,高師大,電機工程學系,電機工程,53.83,269.15
110,高師大,工業設計學系,,65.62,328.1
110,高師大,電子工程學系,電子工程,49.94,299.65
110,高師大,軟體工程與管理學系,,53.86,336.63
111,高師大,音樂學系,,56.94,227.76
111,高師大,美術學系,,44.19,220.96
111,高師大,視覺設計學系,,47.68,238.4
111,高師大,國文學系,中文,33.72,151.75
111,高師大,英語學系,外文,18.69,121.5
111,高師大,地理學系,地理,38.64,212.5
111,高師大,教育學系,,34.79,208.75
111,高師大,特殊教育學系,,32.64,114.25
111,高師大,事業經營學系,,35.52,222.0
111,高師大,體育學系,,30.49,243.89
111,高師大,數學系數學組,數學,23.55,170.75
111,高師大,數學系應用數學組,數學,22.45,162.75
111,高師大,物理學系,物理,25.92,168.5
111,高師大,化學系,化學,36.67,110.0
111,高師大,生物科技系,,26.76,167.25
111,高師大,工業科技教育學系科技教育與訓練組,,27.65,159.0
111,高師大,工業科技教育學系能源與冷凍空調組,,21.78,125.25
111,高師大,電機工程學系,電機工程,31.8,238.5
111,高師大,工業設計學系,,34.75,139.0
111,高師大,電子工程學系,電子工程,28.47,135.25
111,高師大,軟體工程與管理學系,,35.33,106.0
112,高師大,音樂學系,,52.07,208.26
112,高師大,美術學系,,46.97,234.86
112,高師大,視覺設計學系,,49.8,249.0
112,高師大,國文學系,中文,41.67,187.5
112,高師大,英語學系,外文,37.6,235.0
112,高師大,地理學系,地理,40.5,202.5
112,高師大,教育學系,,39.38,236.25
112,高師大,特殊教育學系,,40.57,142.0
112,高師大,事業經營學系,,38.6,241.25
112,高師大,體育學系,,33.03,264.27
112,高師大,數學系數學組,數學,31.96,199.75
112,高師大,數學系應用數學組,數學,32.72,204.5
112,高師大,物理學系,物理,36.6,183.0
112,高師大,化學系,化學,39.33,118.0
112,高師大,生物科技系,,35.6,222.5
112,高師大,工業科技教育學系科技教育與訓練組,,32.7,188.0
112,高師大,工業科技教育學系能源與冷凍空調組,,33.83,194.5
112,高師大,電機工程學系,電機工程,37.79,264.5
112,高師大,工業設計學系,,39.25,157.0
112,高師大,電子工程學系,電子工程,36.36,127.25
112,高師大,軟體工程與管理學系,,39.33,118.0
113,高師大,國文學系,中文,41.5,186.75
113,高師大,英語學系,外文,40.48,212.5
113,高師大,地理學系,地理,38.3,191.5
113,高師大,數學系數學組,數學,33.8,211.25
113,高師大,數學系應用數學組,數學,34.68,216.75
113,高師大,化學系,化學,39.67,119.0
113,高師大,物理學系,物理,38.4,192.0
113,高師大,生物科技系,,37.04,222.25
113,高師大,教育學系,,37.21,223.25
113,高師大,特殊教育學系,,40.36,141.25
113,高師大,體育學系,,31.16,249.31
113,高師大,事業經營學系,,38.08,238.0
113,高師大,工業科技教育學系科技教育與訓練組,,34.65,199.25
113,高師大,工業科技教育學系能源與冷凍空調組,,35.17,202.25
113,高師大,工業設計學系,,31.75,127.0
113,高師大,電子工程學系,電子工程,39.32,186.75
113,高師大,軟體工程與管理學系,,42.33,127.0
113,高師大,電機工程學系,電機工程,40.4,202.0
113,高師大,美術學系,,44.67,223.34
113,高師大,音樂學系,,46.11,230.56
113,高師大,視覺設計學系,,46.4,232.0
114,高師大,國文學系,中文,38.94,175.25
114,高師大,英語學系,外文,39.33,206.5
114,高師大,地理學系,地理,42.5,212.5
114,高師大,數學系數學組,數學,33.72,210.75
114,高師大,數學系應用數學組,數學,34.64,216.5
114,高師大,化學系,化學,39.67,119.0
114,高師大,物理學系,物理,39.6,198.0
114,高師大,生物科技系,,37.5,187.5
114,高師大,教育學系,,37.33,224.0
114,高師大,特殊教育學系,,39.43,138.0
114,高師大,體育學系,,32.06,256.47
114,高師大,事業經營學系,,37.44,234.0
114,高師大,工業科技教育學系科技教育與訓練組,,36.63,174.0
114,高師大,工業科技教育學系能源與冷凍空調組,,34.67,104.0
114,高師大,工業設計學系,,38.0,152.0
114,高師大,電子工程學系,電子工程,40.95,194.5
114,高師大,軟體工程與管理學系,,42.0,126.0
114,高師大,電機工程學系,電機工程,41.6,208.0
114,高師大,美術學系,,46.01,230.06
114,高師大,音樂學系,,49.08,245.4
114,高師大,視覺設計學系,,47.0,235.0
115,高師大,國文學系,中文,42.11,189.5
115,高師大,英語學系,外文,40.81,214.25
115,高師大,地理學系,地理,44.9,224.5
115,高師大,數學系數學組,數學,33.0,206.25
115,高師大,數學系應用數學組,數學,33.76,211.0
115,高師大,化學系,化學,37.67,113.0
115,高師大,物理學系,物理,37.8,189.0
115,高師大,生物科技系,,39.63,158.5
115,高師大,教育學系,,35.96,215.75
115,高師大,特殊教育學系,,41.14,144.0
115,高師大,體育學系,,30.02,240.14
115,高師大,事業經營學系,,34.08,213.0
115,高師大,工業科技教育學系科技教育與訓練組,,34.32,163.0
115,高師大,工業科技教育學系能源與冷凍空調組,,32.0,96.0
115,高師大,工業設計學系(自然組),,40.0,200.0
115,高師大,工業設計學系(社會組),,38.0,190.0
115,高師大,電子工程學系,電子工程,39.77,218.75
115,高師大,軟體工程與管理學系,,39.0,117.0
115,高師大,電機工程學系,電機工程,38.33,115.0
115,高師大,美術學系,,45.34,226.72
115,高師大,音樂學系,,45.56,227.82
115,高師大,視覺設計學系,,49.2,246.0
101,彰師大,輔導諮商系校輔與學生事務組,,71.65,501.58
101,彰師大,輔導諮商系社區諮商與社工組,,72.4,506.8
101,彰師大,特殊教育學系(自費),,66.04,396.25
101,彰師大,特殊教育學系(公費)-雲林縣,,79.21,475.25
101,彰師大,特殊教育學系(公費)-嘉義縣,,79.06,474.35
101,彰師大,特殊教育學系(公費)-彰化縣,,79.43,476.6
101,彰師大,特殊教育學系(公費)-臺中市,,79.49,476.95
101,彰師大,英語學系,外文,71.54,465.0
101,彰師大,國文學系(自費),中文,67.48,404.9
101,彰師大,國文學系(公費),中文,81.63,489.8
101,彰師大,地理學系,地理,70.19,386.03
101,彰師大,美術學系,,61.49,307.46
101,彰師大,電子工程學系,電子工程,67.85,542.8
101,彰師大,機電工程學系,,67.5,540.0
101,彰師大,電機工程學系,電機工程,70.65,565.2
101,彰師大,資訊工程學系,資訊工程,68.37,512.8
101,彰師大,生物學系,生命科學,67.81,491.6
101,彰師大,數學系(自費),數學,64.64,355.53
101,彰師大,數學系(公費)-嘉義縣,數學,87.36,480.48
101,彰師大,數學系(公費)-臺中市,數學,88.91,488.98
101,彰師大,化學系,化學,67.95,441.65
101,彰師大,物理學系物理組(自費),物理,68.83,481.8
101,彰師大,物理系物理組(公費)-雲林縣,,84.63,592.4
101,彰師大,物理系物理組(公費)-彰化縣,,85.85,600.92
101,彰師大,物理學系光電組,光電,69.21,484.45
101,彰師大,企業管理學系,企業管理,78.0,390.0
101,彰師大,會計學系,會計,73.64,552.3
101,彰師大,資訊管理學系資訊管理組,資訊管理,78.6,393.0
101,彰師大,資訊管理學系數位科技管理組,資訊管理,71.96,359.8
101,彰師大,運動學系,,58.97,324.34
101,彰師大,公務與公教學系公共事務組,,75.22,564.13
101,彰師大,公務與公教學系公民教育組,,74.49,558.65
102,彰師大,輔導與諮商學系學校輔導與諮商組,,74.88,524.18
102,彰師大,輔導與諮商學系學校輔導與諮商組(公費生)-彰化縣,,86.32,604.25
102,彰師大,輔導與諮商學系學校輔導與諮商組(公費生)-雲林縣,,85.36,597.55
102,彰師大,輔導與諮商學系社區輔導與諮商組,,74.38,520.65
102,彰師大,特殊教育學系,,68.01,408.05
102,彰師大,英語學系,外文,73.61,478.45
102,彰師大,英語學系(公費生)-臺中市,外文,87.45,568.4
102,彰師大,英語學系(公費生)-彰化縣,外文,84.74,550.8
102,彰師大,國文學系,中文,71.43,428.6
102,彰師大,國文學系(公費生),中文,84.73,508.4
102,彰師大,地理學系,地理,71.86,395.25
102,彰師大,美術學系,,64.59,322.96
102,彰師大,美術學系(公費生),,77.18,385.92
102,彰師大,電子工程學系,電子工程,60.41,483.3
102,彰師大,機電工程學系,,60.29,482.3
102,彰師大,電機工程學系,電機工程,64.6,516.8
102,彰師大,資訊工程學系,資訊工程,61.79,432.5
102,彰師大,生物學系,生命科學,66.6,482.88
102,彰師大,生物學系(公費生),生命科學,85.17,617.45
102,彰師大,數學系,數學,56.61,311.33
102,彰師大,數學系(公費生)-臺中市,數學,84.09,462.48
102,彰師大,數學系(公費生)-嘉義市,數學,84.7,465.83
102,彰師大,化學系,化學,61.29,398.4
102,彰師大,物理學系物理組,物理,59.49,416.45
102,彰師大,物理學系物理組(公費生),物理,82.02,574.15
102,彰師大,物理學系光電組,光電,60.66,424.6
102,彰師大,企業管理學系,企業管理,76.18,380.9
102,彰師大,會計學系,會計,74.2,556.5
102,彰師大,資訊管理學系資訊管理組,資訊管理,76.84,384.2
102,彰師大,資訊管理學系數位內容科技與管理組,資訊管理,69.34,346.7
102,彰師大,運動學系,,61.11,336.12
102,彰師大,公共事務與公民教育學系公共事務組,,75.12,563.4
102,彰師大,公共事務與公民教育學系公民教育組,,74.23,556.75
102,彰師大,公共事務與公民教育學系公民教育組(公費生),,84.84,636.33
103,彰師大,輔導與諮商學系學校輔導與諮商組,,75.81,530.7
103,彰師大,輔導與諮商學系學校輔導與諮商組(公費生),,86.14,603.0
103,彰師大,輔導與諮商學系社區輔導與諮商組,,74.83,523.8
103,彰師大,特殊教育學系,,69.32,415.9
103,彰師大,英語學系,外文,75.15,488.45
103,彰師大,國文學系,中文,71.01,426.05
103,彰師大,地理學系,地理,72.64,399.53
103,彰師大,美術學系,,60.61,303.04
103,彰師大,美術學系(公費生),,73.52,367.58
103,彰師大,電子工程學系,電子工程,59.65,477.2
103,彰師大,機電工程學系,,59.71,477.7
103,彰師大,電機工程學系,電機工程,63.33,506.6
103,彰師大,資訊工程學系,資訊工程,61.83,370.95
103,彰師大,生物學系,生命科學,62.32,451.83
103,彰師大,生物學系(公費生),生命科學,84.34,611.48
103,彰師大,數學系,數學,52.8,290.38
103,彰師大,化學系,化學,61.82,401.8
103,彰師大,化學系(公費生),化學,83.35,541.8
103,彰師大,物理學系物理組,物理,58.01,406.1
103,彰師大,物理學系光電組,光電,59.3,415.1
103,彰師大,企業管理學系,企業管理,77.72,388.6
103,彰師大,會計學系,會計,75.59,566.9
103,彰師大,資訊管理學系資訊管理組,資訊管理,77.68,388.4
103,彰師大,資訊管理學系數位內容科技與管理組,資訊管理,64.98,324.9
103,彰師大,運動學系,,59.77,328.72
103,彰師大,公共事務與公民教育學系公共事務組,,76.17,571.3
103,彰師大,公共事務與公民教育學系公民教育組,,75.77,568.3
103,彰師大,公共事務與公民教育學系公民教育組(公費生),,85.19,638.93
104,彰師大,輔導與諮商學系學校輔導與諮商組,,68.42,478.95
104,彰師大,輔導與諮商學系社區輔導與諮商組,,66.35,464.48
104,彰師大,特殊教育學系,,63.31,379.85
104,彰師大,英語學系,外文,66.58,432.75
104,彰師大,國文學系,中文,68.75,412.5
104,彰師大,地理學系,地理,65.95,362.75
104,彰師大,美術學系,,57.9,289.48
104,彰師大,電子工程學系,電子工程,55.84,446.7
104,彰師大,機電工程學系,,55.05,440.4
104,彰師大,電機工程學系,電機工程,59.91,479.3
104,彰師大,資訊工程學系,資訊工程,56.49,338.95
104,彰師大,生物學系,生命科學,58.73,425.78
104,彰師大,數學系,數學,48.31,265.73
104,彰師大,化學系,化學,58.57,380.73
104,彰師大,物理學系物理組,物理,54.54,381.8
104,彰師大,物理學系光電組,光電,54.99,384.95
104,彰師大,企業管理學系,企業管理,64.56,322.8
104,彰師大,會計學系,會計,66.05,495.4
104,彰師大,資訊管理學系資訊管理組,資訊管理,64.58,322.9
104,彰師大,資訊管理學系數位內容科技與管理組,資訊管理,56.1,280.5
104,彰師大,運動學系,,59.89,329.38
104,彰師大,公共事務與公民教育學系公共事務組,,69.14,449.4
104,彰師大,公共事務與公民教育學系公民教育組,,68.74,446.8
105,彰師大,輔導與諮商學系學校輔導與諮商組,,70.87,496.1
105,彰師大,輔導與諮商學系社區輔導與諮商組,,68.36,478.55
105,彰師大,特殊教育學系,,61.93,371.6
105,彰師大,英語學系,外文,68.78,447.1
105,彰師大,國文學系,中文,65.14,390.85
105,彰師大,地理學系,地理,65.88,362.33
105,彰師大,美術學系,,56.31,281.56
105,彰師大,電子工程學系,電子工程,57.6,460.8
105,彰師大,機電工程學系,,56.56,452.5
105,彰師大,電機工程學系,電機工程,60.99,487.9
105,彰師大,資訊工程學系,資訊工程,59.97,359.8
105,彰師大,生物學系,生命科學,58.18,421.78
105,彰師大,數學系,數學,50.26,276.43
105,彰師大,化學系,化學,59.56,387.13
105,彰師大,物理學系物理組,物理,55.51,388.55
105,彰師大,物理學系光電組,光電,55.69,389.8
105,彰師大,企業管理學系,企業管理,70.98,354.9
105,彰師大,會計學系,會計,69.03,517.7
105,彰師大,資訊管理學系資訊管理組,資訊管理,72.62,363.1
105,彰師大,資訊管理學系數位內容科技與管理組,資訊管理,59.86,299.3
105,彰師大,運動學系,,54.83,301.54
105,彰師大,公共事務與公民教育學系公共事務組,,68.62,446.05
105,彰師大,公共事務與公民教育學系公民教育組,,67.79,440.65
106,彰師大,輔導與諮商學系學校輔導與諮商組,,70.84,495.88
106,彰師大,輔導與諮商學系社區輔導與諮商組,,68.83,481.83
106,彰師大,特殊教育學系,,63.88,383.25
106,彰師大,英語學系,外文,69.2,449.8
106,彰師大,國文學系,中文,67.04,402.25
106,彰師大,地理學系,地理,69.11,380.08
106,彰師大,美術學系,,58.52,292.6
106,彰師大,電子工程學系,電子工程,60.15,481.2
106,彰師大,機電工程學系,,58.4,467.2
106,彰師大,電機工程學系,電機工程,61.49,491.9
106,彰師大,資訊工程學系,資訊工程,60.78,364.65
106,彰師大,生物學系,生命科學,56.65,410.68
106,彰師大,數學系,數學,51.81,284.93
106,彰師大,化學系,化學,61.34,398.68
106,彰師大,物理學系物理組,物理,57.29,401.0
106,彰師大,物理學系光電組,光電,58.3,408.1
106,彰師大,企業管理學系,企業管理,72.92,364.6
106,彰師大,會計學系,會計,71.61,537.1
106,彰師大,資訊管理學系資訊管理組,資訊管理,75.4,377.0
106,彰師大,資訊管理學系數位內容科技與管理組,資訊管理,58.66,293.3
106,彰師大,運動學系,,56.5,310.76
106,彰師大,公共事務與公民教育學系公共事務組,,72.08,468.5
106,彰師大,公共事務與公民教育學系公民教育組,,71.31,463.5
107,彰師大,輔導與諮商學系學校輔導與諮商組,,71.84,502.86
107,彰師大,輔導與諮商學系社區輔導與諮商組,,70.23,491.64
107,彰師大,特殊教育學系,,64.87,389.23
107,彰師大,數學系,數學,56.85,312.7
107,彰師大,物理學系物理組,物理,60.7,424.9
107,彰師大,物理學系光電組,光電,61.81,432.65
107,彰師大,生物學系,生命科學,56.77,411.61
107,彰師大,化學系,化學,62.75,407.89
107,彰師大,英語學系,外文,69.51,451.8
107,彰師大,國文學系,中文,69.26,415.55
107,彰師大,美術學系,,57.67,288.34
107,彰師大,地理學系,地理,68.75,378.13
107,彰師大,機電工程學系,,61.85,494.8
107,彰師大,電機工程學系,電機工程,64.55,516.4
107,彰師大,電子工程學系,電子工程,63.05,504.4
107,彰師大,資訊工程學系,資訊工程,65.88,395.3
107,彰師大,企業管理學系,企業管理,74.0,370.0
107,彰師大,會計學系,會計,71.36,535.2
107,彰師大,資訊管理學系資訊管理組,資訊管理,74.98,374.9
107,彰師大,資訊管理學系數位內容科技與管理組,資訊管理,65.76,328.8
107,彰師大,運動學系,,60.97,335.34
107,彰師大,公共事務與公民教育學系公民教育組,,70.86,460.58
107,彰師大,公共事務與公民教育學系公共事務組,,70.71,459.61
108,彰師大,輔導與諮商學系學校輔導與諮商組,,75.11,525.8
108,彰師大,輔導與諮商學系社區輔導與諮商組,,74.16,519.14
108,彰師大,特殊教育學系,,70.26,421.53
108,彰師大,數學系,數學,58.56,322.1
108,彰師大,物理學系物理組,物理,62.4,436.8
108,彰師大,物理學系光電組,光電,62.89,440.25
108,彰師大,生物學系,生命科學,64.07,464.53
108,彰師大,化學系,化學,65.85,428.01
108,彰師大,英語學系,外文,73.26,476.2
108,彰師大,國文學系,中文,73.65,441.9
108,彰師大,美術學系,,59.74,298.72
108,彰師大,地理學系,地理,71.94,395.66
108,彰師大,機電工程學系,,62.6,500.8
108,彰師大,電機工程學系,電機工程,65.13,521.0
108,彰師大,電子工程學系,電子工程,63.06,504.5
108,彰師大,資訊工程學系,資訊工程,65.13,390.76
108,彰師大,企業管理學系,企業管理,78.54,392.7
108,彰師大,會計學系,會計,78.07,429.4
108,彰師大,資訊管理學系資訊管理組,資訊管理,79.76,398.8
108,彰師大,資訊管理學系數位內容科技與管理組,資訊管理,67.92,339.6
108,彰師大,運動學系,,63.74,350.59
108,彰師大,公共事務與公民教育學系公民教育組,,75.42,490.21
108,彰師大,公共事務與公民教育學系公共事務組,,75.09,488.09
109,彰師大,輔導與諮商學系學校輔導與諮商組,,68.0,475.99
109,彰師大,輔導與諮商學系社區輔導與諮商組,,68.91,482.4
109,彰師大,特殊教育學系,,63.54,381.25
109,彰師大,數學系,數學,51.95,285.7
109,彰師大,物理學系物理組,物理,57.62,374.55
109,彰師大,物理學系光電組,光電,57.73,375.25
109,彰師大,生物學系,生命科學,57.6,417.59
109,彰師大,化學系,化學,63.51,412.83
109,彰師大,英語學系,外文,67.54,439.0
109,彰師大,國文學系,中文,69.72,418.33
109,彰師大,美術學系,,55.65,278.24
109,彰師大,地理學系,地理,67.49,371.2
109,彰師大,機電工程學系,,58.06,464.5
109,彰師大,電機工程學系,電機工程,61.76,494.1
109,彰師大,電子工程學系,電子工程,59.01,472.1
109,彰師大,資訊工程學系,資訊工程,59.83,358.95
109,彰師大,企業管理學系,企業管理,70.74,353.7
109,彰師大,會計學系,會計,70.38,387.1
109,彰師大,資訊管理學系資訊管理組,資訊管理,73.94,369.7
109,彰師大,資訊管理學系數位內容科技與管理組,資訊管理,60.8,304.0
109,彰師大,運動學系,,56.92,313.04
109,彰師大,公共事務與公民教育學系公民教育組,,69.17,449.61
109,彰師大,公共事務與公民教育學系公共事務組,,68.54,445.49
110,彰師大,輔導與諮商學系學校輔導與諮商組,,70.24,509.25
110,彰師大,輔導與諮商學系社區輔導與諮商組,,70.96,514.48
110,彰師大,特殊教育學系,,64.5,387.0
110,彰師大,數學系,數學,45.89,252.41
110,彰師大,物理學系物理組,物理,48.76,316.95
110,彰師大,物理學系光電組,光電,49.46,321.5
110,彰師大,生物學系,生命科學,51.95,376.64
110,彰師大,化學系,化學,55.19,358.74
110,彰師大,英語學系,外文,70.31,457.0
110,彰師大,國文學系,中文,69.49,416.93
110,彰師大,美術學系,,60.15,300.73
110,彰師大,地理學系,地理,71.26,391.93
110,彰師大,機電工程學系,,50.75,406.0
110,彰師大,電機工程學系,電機工程,58.18,465.4
110,彰師大,電子工程學系,電子工程,54.0,432.0
110,彰師大,資訊工程學系,資訊工程,56.07,336.4
110,彰師大,企業管理學系,企業管理,70.84,354.2
110,彰師大,會計學系,會計,70.33,386.8
110,彰師大,資訊管理學系資訊管理組,資訊管理,74.16,370.8
110,彰師大,資訊管理學系數位內容科技與管理組,資訊管理,59.88,299.4
110,彰師大,運動學系,,58.87,323.76
110,彰師大,公共事務與公民教育學系公民教育組,,70.04,455.24
110,彰師大,公共事務與公民教育學系公共事務組,,70.52,458.35
111,彰師大,輔導與諮商學系學校輔導與諮商組,,46.07,345.5
111,彰師大,輔導與諮商學系社區輔導與諮商組,,45.47,341.0
111,彰師大,特殊教育學系,,36.47,136.75
111,彰師大,數學系,數學,29.06,130.75
111,彰師大,物理學系物理組,物理,27.56,124.0
111,彰師大,物理學系光電組,光電,29.11,131.0
111,彰師大,生物學系,生命科學,30.52,190.75
111,彰師大,化學系,化學,32.08,208.5
111,彰師大,英語學系,外文,30.82,169.5
111,彰師大,國文學系,中文,34.0,204.0
111,彰師大,地理學系,地理,40.63,193.0
111,彰師大,美術學系,,42.98,214.88
111,彰師大,機電工程學系,,30.63,245.0
111,彰師大,電機工程學系,電機工程,34.5,276.0
111,彰師大,電子工程學系,電子工程,32.13,257.0
111,彰師大,資訊工程學系,資訊工程,31.9,159.5
111,彰師大,企業管理學系,企業管理,36.5,146.0
111,彰師大,會計學系,會計,36.11,162.5
111,彰師大,資訊管理學系資訊管理組,資訊管理,41.5,249.0
111,彰師大,資訊管理學系數位內容科技與管理組,資訊管理,32.33,194.0
111,彰師大,運動學系,,42.83,299.84
111,彰師大,公共事務與公民教育學系公民教育組,,38.77,252.0
111,彰師大,公共事務與公民教育學系公共事務組,,38.15,248.0
112,彰師大,輔導與諮商學系學校輔導與諮商組,,45.86,321.0
112,彰師大,輔導與諮商學系社區輔導與諮商組,,45.6,342.0
112,彰師大,特殊教育學系,,41.93,146.75
112,彰師大,數學系,數學,33.25,133.0
112,彰師大,物理學系物理組,物理,38.67,174.0
112,彰師大,物理學系光電組,光電,39.89,179.5
112,彰師大,生物學系,生命科學,39.52,247.0
112,彰師大,化學系,化學,38.65,251.25
112,彰師大,英語學系(社會組),外文,42.77,139.0
112,彰師大,英語學系(自然組),外文,41.0,133.25
112,彰師大,國文學系,中文,42.0,147.0
112,彰師大,地理學系,地理,42.11,200.0
112,彰師大,美術學系,,46.38,231.92
112,彰師大,機電工程學系,,37.25,298.0
112,彰師大,電機工程學系,電機工程,39.25,314.0
112,彰師大,電子工程學系,電子工程,38.38,307.0
112,彰師大,資訊工程學系,資訊工程,37.9,189.5
112,彰師大,企業管理學系,企業管理,41.5,166.0
112,彰師大,會計學系,會計,39.89,179.5
112,彰師大,資訊管理學系資訊管理組,資訊管理,42.17,253.0
112,彰師大,資訊管理學系數位內容科技與管理組,資訊管理,40.33,242.0
112,彰師大,運動學系,,36.83,221.0
112,彰師大,公共事務與公民教育學系公民教育組,,43.65,283.75
112,彰師大,公共事務與公民教育學系公共事務組,,43.38,282.0
113,彰師大,輔導與諮商學系學校輔導與諮商組,,49.0,343.0
113,彰師大,輔導與諮商學系社區輔導與諮商組,,46.73,350.5
113,彰師大,特殊教育學系,,41.5,145.25
113,彰師大,數學系,數學,37.25,149.0
113,彰師大,物理學系物理組,物理,39.0,175.5
113,彰師大,物理學系光電組,光電,39.44,177.5
113,彰師大,生物學系,生命科學,40.96,256.0
113,彰師大,化學系,化學,39.86,219.25
113,彰師大,英語學系(社會組),外文,42.29,148.0
113,彰師大,英語學系(自然組),外文,44.14,154.5
113,彰師大,國文學系,中文,41.71,146.0
113,彰師大,地理學系,地理,39.11,185.75
113,彰師大,美術學系,,43.67,218.36
113,彰師大,機電工程學系,,38.63,309.0
113,彰師大,電機工程學系,電機工程,40.75,326.0
113,彰師大,電子工程學系,電子工程,40.13,321.0
113,彰師大,資訊工程學系,資訊工程,38.8,194.0
113,彰師大,企業管理學系,企業管理,41.5,166.0
113,彰師大,會計學系,會計,39.0,175.5
113,彰師大,資訊管理學系資訊管理組,資訊管理,39.83,239.0
113,彰師大,資訊管理學系數位內容科技與管理組,資訊管理,40.5,243.0
113,彰師大,運動學系,,36.04,216.21
113,彰師大,公共事務與公民教育學系公民教育組,,42.73,277.75
113,彰師大,公共事務與公民教育學系公共事務組,,42.69,277.5
114,彰師大,輔導與諮商學系學校輔導與諮商組,,47.43,332.0
114,彰師大,輔導與諮商學系社區輔導與諮商組,,45.67,342.5
114,彰師大,特殊教育學系,,41.71,146.0
114,彰師大,數學系,數學,38.0,152.0
114,彰師大,物理學系物理組,物理,40.67,183.0
114,彰師大,物理學系光電組,光電,41.0,184.5
114,彰師大,生物學系,生命科學,40.04,250.25
114,彰師大,化學系,化學,41.05,225.75
114,彰師大,英語學系(社會組),外文,41.71,146.0
114,彰師大,英語學系(自然組),外文,45.0,157.5
114,彰師大,國文學系,中文,38.71,135.5
114,彰師大,地理學系,地理,40.6,203.0
114,彰師大,美術學系,,47.25,236.24
114,彰師大,機電工程學系,,40.0,320.0
114,彰師大,電機工程學系,電機工程,42.0,210.0
114,彰師大,電子工程學系,電子工程,42.0,336.0
114,彰師大,資訊工程學系,資訊工程,40.1,200.5
114,彰師大,企業管理學系,企業管理,40.75,163.0
114,彰師大,會計學系,會計,40.75,163.0
114,彰師大,資訊管理學系資訊管理組,資訊管理,39.67,238.0
114,彰師大,資訊管理學系數位內容科技與管理組,資訊管理,39.67,238.0
114,彰師大,運動學系,,36.23,217.38
114,彰師大,公共事務與公民教育學系公民教育組,,45.59,250.75
114,彰師大,公共事務與公民教育學系公共事務組,,44.5,244.75
115,彰師大,輔導與諮商學系學校輔導與諮商組,,45.86,321.0
115,彰師大,輔導與諮商學系社區輔導與諮商組,,45.6,342.0
115,彰師大,特殊教育學系,,41.57,145.5
115,彰師大,數學系,數學,35.25,141.0
115,彰師大,物理學系物理組,物理,40.67,183.0
115,彰師大,物理學系光電組,光電,41.67,187.5
115,彰師大,生物學系,生命科學,37.25,149.0
115,彰師大,化學系,化學,40.14,220.75
115,彰師大,智慧車輛工程學系,,37.27,205.0
115,彰師大,英語學系,外文,44.0,154.0
115,彰師大,國文學系,中文,42.14,147.5
115,彰師大,地理學系,地理,42.0,220.5
115,彰師大,美術學系,,42.9,214.52
115,彰師大,機電工程學系,,38.13,305.0
115,彰師大,電機工程學系,電機工程,39.2,196.0
115,彰師大,電子工程學系,電子工程,39.88,319.0
115,彰師大,資訊工程學系,資訊工程,36.0,180.0
115,彰師大,企業管理學系,企業管理,38.75,155.0
115,彰師大,會計學系,會計,37.25,149.0
115,彰師大,資訊管理學系資訊管理組,資訊管理,35.0,210.0
115,彰師大,資訊管理學系數位內容科技與管理組,資訊管理,34.67,208.0
115,彰師大,運動學系,,36.11,216.68
115,彰師大,公共事務與公民教育學系公民教育組,,45.18,248.5
115,彰師大,公共事務與公民教育學系公共事務組,,45.45,250.0
101,陽明,醫學系,醫學,89.03,534.2
101,陽明,牙醫學系,牙醫,87.32,567.58
101,陽明,醫學生物技術暨檢驗學系,,79.79,538.6
101,陽明,生物醫學影像暨放射科學系,生命科學,78.09,527.1
101,陽明,物理治療暨輔助科技學系,物理治療,78.86,512.6
101,陽明,護理學系,護理,74.66,522.65
101,陽明,生命科學系暨基因體研究所,生命科學,79.06,533.68
101,陽明,生物醫學工程學系,生醫工程,80.13,440.73
102,陽明,醫學系,醫學,89.67,538.0
102,陽明,牙醫學系,牙醫,86.52,519.1
102,陽明,醫學生物技術暨檢驗學系,,78.17,527.68
102,陽明,生物醫學影像暨放射科學系,生命科學,76.07,513.45
102,陽明,物理治療暨輔助科技學系,物理治療,77.28,502.35
102,陽明,護理學系,護理,73.84,516.85
102,陽明,生命科學系暨基因體科學研究所,生命科學,76.27,514.83
102,陽明,生物醫學工程學系,生醫工程,78.02,429.1
103,陽明,醫學系,醫學,86.9,521.4
103,陽明,牙醫學系,牙醫,84.87,509.2
103,陽明,醫學生物技術暨檢驗學系,,76.54,516.63
103,陽明,生物醫學影像暨放射科學系,生命科學,73.55,496.43
103,陽明,物理治療暨輔助科技學系,物理治療,75.75,492.4
103,陽明,護理學系,護理,71.78,502.45
103,陽明,生命科學系暨基因體科學研究所,生命科學,73.84,498.4
103,陽明,生物醫學工程學系,生醫工程,75.06,375.3
104,陽明,醫學系,醫學,88.7,443.5
104,陽明,牙醫學系,牙醫,82.8,414.0
104,陽明,醫學生物技術暨檢驗學系,,73.38,421.95
104,陽明,生物醫學影像暨放射科學系,生命科學,70.83,389.58
104,陽明,物理治療暨輔助科技學系,物理治療,73.72,405.45
104,陽明,護理學系,護理,68.93,413.6
104,陽明,生命科學系暨基因體科學研究所,生命科學,71.65,412.0
104,陽明,生物醫學工程學系,生醫工程,72.56,362.8
104,陽明,學士班大一大二不分系,,74.52,428.48
105,陽明,醫學系,醫學,90.04,450.2
105,陽明,醫學系(公費),醫學,86.34,431.7
105,陽明,牙醫學系,牙醫,87.06,435.3
105,陽明,醫學生物技術暨檢驗學系,,75.95,436.73
105,陽明,生物醫學影像暨放射科學系,生命科學,75.46,415.03
105,陽明,物理治療暨輔助科技學系,物理治療,78.55,432.0
105,陽明,護理學系,護理,72.49,434.95
105,陽明,生命科學系暨基因體科學研究所,生命科學,76.34,438.93
105,陽明,生物醫學工程學系,生醫工程,74.62,373.1
105,陽明,學士班大一大二不分系,,78.84,453.33
105,陽明,藥學系,藥學,85.21,468.65
106,陽明,醫學系,醫學,88.98,444.9
106,陽明,醫學系(公費),醫學,85.05,425.25
106,陽明,牙醫學系,牙醫,85.72,428.6
106,陽明,醫學生物技術暨檢驗學系,,76.05,437.28
106,陽明,生物醫學影像暨放射科學系,生命科學,74.1,426.08
106,陽明,物理治療暨輔助科技學系,物理治療,78.4,431.2
106,陽明,護理學系,護理,71.08,426.45
106,陽明,生命科學系暨基因體科學研究所,生命科學,75.81,435.88
106,陽明,生物醫學工程學系,生醫工程,73.28,366.4
106,陽明,學士班大一大二不分系,,78.2,449.65
106,陽明,藥學系,藥學,83.58,417.9
107,陽明,醫學系(自費),醫學,88.94,444.7
107,陽明,醫學系(公費),醫學,85.52,427.6
107,陽明,牙醫學系,牙醫,86.6,433.0
107,陽明,醫學生物技術暨檢驗學系,,75.13,431.98
107,陽明,生物醫學影像暨放射科學系,生命科學,72.76,418.35
107,陽明,物理治療暨輔助科技學系,物理治療,78.45,431.45
107,陽明,護理學系,護理,72.0,431.98
107,陽明,生命科學系暨基因體科學研究所,生命科學,74.83,430.28
107,陽明,生物醫學工程學系,生醫工程,75.98,379.9
107,陽明,學士班大一大二不分系,,79.23,455.55
107,陽明,藥學系,藥學,84.0,420.0
108,陽明,醫學系(自費),醫學,87.81,439.05
108,陽明,醫學系(公費),醫學,83.95,419.77
108,陽明,牙醫學系,牙醫,85.68,428.4
108,陽明,醫學生物技術暨檢驗學系,,76.78,441.48
108,陽明,生物醫學影像暨放射科學系,生命科學,74.03,425.68
108,陽明,物理治療暨輔助科技學系,物理治療,78.81,433.44
108,陽明,護理學系,護理,77.16,462.98
108,陽明,生命科學系暨基因體科學研究所,生命科學,76.62,459.71
108,陽明,生物醫學工程學系,生醫工程,76.99,384.95
108,陽明,學士班大一大二不分系,,80.59,483.51
108,陽明,藥學系,藥學,83.29,416.45
109,陽明,醫學系(自費),醫學,87.19,435.95
109,陽明,醫學系(公費),醫學,83.16,415.8
109,陽明,牙醫學系,牙醫,84.48,422.4
109,陽明,醫學生物技術暨檢驗學系,,76.96,365.55
109,陽明,生物醫學影像暨放射科學系,生命科學,71.93,413.6
109,陽明,物理治療暨輔助科技學系,物理治療,78.37,431.01
109,陽明,護理學系,護理,71.48,428.85
109,陽明,生命科學系暨基因體科學研究所,生命科學,75.27,451.63
109,陽明,生物醫學工程學系,生醫工程,75.59,377.95
109,陽明,學士班大一大二不分系,,80.31,481.86
109,陽明,藥學系,藥學,82.37,411.85
101,中山醫,醫學系,醫學,85.8,579.13
101,中山醫,牙醫學系,牙醫,85.26,532.85
101,中山醫,醫檢暨生物技術系醫事檢驗組,,69.88,576.55
101,中山醫,醫檢暨生物技術系生物技術組,,66.93,552.2
101,中山醫,物理治療學系,物理治療,70.22,474.0
101,中山醫,職能治療學系,職能治療,68.74,515.55
101,中山醫,語言治療與聽力系語言治療組,,72.4,434.4
101,中山醫,語言治療與聽力學系聽力組,,70.23,421.4
101,中山醫,生物醫學科學學系,生命科學,63.51,444.55
101,中山醫,視光學系,,57.92,434.4
101,中山醫,醫學影像暨放射科學系,,62.29,498.3
101,中山醫,心理學系,心理,65.47,425.55
101,中山醫,營養學系,,60.61,484.9
101,中山醫,公共衛生學系健康管理組,公共衛生,56.4,338.4
101,中山醫,公共衛生學系環境衛生組,公共衛生,53.42,320.5
101,中山醫,醫療產業科技管理學系,,64.88,324.4
101,中山醫,職業安全衛生學系,,55.25,414.35
101,中山醫,應用化學系,化學,59.62,357.7
101,中山醫,健康餐飲暨產業管理學系,,52.06,364.4
101,中山醫,醫學資訊學系,,55.84,279.2
101,中山醫,醫學社會工作系(社會工作組),社會工作,59.69,417.8
101,中山醫,醫學社會工作系(醫學社會組),社會工作,58.69,410.8
101,中山醫,應用外國語言學系英文組,外文,66.2,331.0
101,中山醫,應用外國語言學系日文組,日文,64.52,322.6
101,中山醫,台灣語文學系,,53.86,215.45
101,中山醫,護理學系(男),護理,57.88,347.3
101,中山醫,護理學系(女),護理,57.23,343.35
102,中山醫,醫學系,醫學,85.6,556.38
102,中山醫,牙醫學系,牙醫,84.52,528.28
102,中山醫,醫學檢驗暨生物技術學系,醫檢,68.04,561.33
102,中山醫,物理治療學系,物理治療,70.69,477.15
102,中山醫,職能治療學系,職能治療,69.6,452.38
102,中山醫,語言治療與聽力學系語言治療組,,74.05,444.3
102,中山醫,語言治療與聽力學系聽力組,,68.82,412.9
102,中山醫,生物醫學科學學系,生命科學,64.34,450.35
102,中山醫,視光學系,,60.66,424.6
102,中山醫,醫學影像暨放射科學系,,60.13,481.05
102,中山醫,心理學系,心理,63.97,415.8
102,中山醫,營養學系,,63.04,504.3
102,中山醫,公共衛生學系,公共衛生,56.57,339.4
102,中山醫,醫療產業科技管理學系,,64.38,321.9
102,中山醫,職業安全衛生學系,,57.4,430.5
102,中山醫,應用化學系,化學,56.14,336.85
102,中山醫,健康餐飲暨產業管理學系,,55.95,447.6
102,中山醫,醫學資訊學系,,55.96,279.8
102,中山醫,醫學社會暨社會工作學系,社會工作,59.86,419.0
102,中山醫,應用外國語言學系,,64.29,417.9
102,中山醫,護理學系(男),護理,56.72,340.3
102,中山醫,護理學系(女),護理,60.21,361.28
103,中山醫,醫學系,醫學,83.53,501.2
103,中山醫,牙醫學系,牙醫,82.86,517.9
103,中山醫,醫學檢驗暨生物技術學系,醫檢,66.98,552.58
103,中山醫,物理治療學系,物理治療,68.7,463.7
103,中山醫,職能治療學系,職能治療,67.2,453.63
103,中山醫,語言治療與聽力學系語言治療組,,70.86,425.15
103,中山醫,語言治療與聽力學系聽力組,,66.53,399.2
103,中山醫,生物醫學科學學系,生命科學,61.1,427.7
103,中山醫,視光學系,,57.17,400.2
103,中山醫,醫學影像暨放射科學系,,60.08,480.6
103,中山醫,心理學系,心理,62.58,406.75
103,中山醫,營養學系,,61.08,488.6
103,中山醫,公共衛生學系,公共衛生,53.54,321.25
103,中山醫,醫療產業科技管理學系,,66.44,332.2
103,中山醫,職業安全衛生學系,,52.92,396.9
103,中山醫,醫學應用化學系,化學,57.67,317.2
103,中山醫,健康餐飲暨產業管理學系,,52.54,420.3
103,中山醫,醫學資訊學系,,53.96,269.8
103,中山醫,醫學社會暨社會工作學系,社會工作,59.26,414.8
103,中山醫,應用外國語言學系,,64.62,420.05
103,中山醫,護理學系(男),護理,53.63,321.8
103,中山醫,護理學系(女),護理,56.65,339.9
104,中山醫,醫學系,醫學,81.58,407.9
104,中山醫,牙醫學系,牙醫,80.36,421.9
104,中山醫,醫學檢驗暨生物技術學系,醫檢,63.73,430.15
104,中山醫,物理治療學系,物理治療,66.66,433.3
104,中山醫,職能治療學系,職能治療,63.24,426.88
104,中山醫,語言治療與聽力學系語言治療組,,69.26,415.55
104,中山醫,語言治療與聽力學系聽力組,,63.52,381.1
104,中山醫,生物醫學科學學系,生命科學,55.39,387.7
104,中山醫,視光學系,,52.07,364.5
104,中山醫,醫學影像暨放射科學系,,54.89,384.25
104,中山醫,心理學系,心理,56.58,367.75
104,中山醫,營養學系,,56.88,455.0
104,中山醫,公共衛生學系,公共衛生,47.23,283.4
104,中山醫,醫療產業科技管理學系,,56.66,283.3
104,中山醫,職業安全衛生學系,,49.55,371.6
104,中山醫,醫學應用化學系,化學,50.71,278.9
104,中山醫,健康餐飲暨產業管理學系,,47.83,382.6
104,中山醫,醫學資訊學系,,46.46,232.3
104,中山醫,醫學社會暨社會工作學系,社會工作,54.71,383.0
104,中山醫,應用外國語言學系,,56.82,369.3
104,中山醫,護理學系(男),護理,47.68,286.1
104,中山醫,護理學系(女),護理,51.22,307.33
105,中山醫,醫學系,醫學,82.76,413.8
105,中山醫,牙醫學系,牙醫,81.74,429.13
105,中山醫,醫學檢驗暨生物技術學系,醫檢,64.15,433.0
105,中山醫,物理治療學系,物理治療,69.15,449.5
105,中山醫,職能治療學系,職能治療,65.85,428.05
105,中山醫,語言治療與聽力學系語言治療組,,69.23,415.4
105,中山醫,語言治療與聽力學系聽力組,,65.17,391.0
105,中山醫,生物醫學科學學系,生命科學,55.83,390.8
105,中山醫,視光學系,,54.24,379.7
105,中山醫,醫學影像暨放射科學系,,58.01,406.05
105,中山醫,心理學系,心理,59.56,268.0
105,中山醫,營養學系,,58.38,467.0
105,中山醫,公共衛生學系,公共衛生,48.91,293.45
105,中山醫,醫療產業科技管理學系,,58.77,293.85
105,中山醫,職業安全衛生學系,,49.87,374.0
105,中山醫,醫學應用化學系,化學,52.25,287.4
105,中山醫,健康餐飲暨產業管理學系,,48.15,385.2
105,中山醫,醫學資訊學系,,45.98,229.9
105,中山醫,醫學社會暨社會工作學系,社會工作,51.56,360.9
105,中山醫,應用外國語言學系,,54.74,355.8
105,中山醫,護理學系(男),護理,50.56,303.35
105,中山醫,護理學系(女),護理,53.94,323.63
106,中山醫,醫學系,醫學,81.34,406.7
106,中山醫,牙醫學系,牙醫,79.54,417.58
106,中山醫,醫學檢驗暨生物技術學系,醫檢,62.69,423.15
106,中山醫,物理治療學系,物理治療,68.68,446.45
106,中山醫,職能治療學系,職能治療,66.4,431.6
106,中山醫,語言治療與聽力學系語言治療組,,69.53,417.15
106,中山醫,語言治療與聽力學系聽力組,,65.67,394.0
106,中山醫,生物醫學科學學系,生命科學,53.52,374.65
106,中山醫,視光學系,,54.19,379.3
106,中山醫,醫學影像暨放射科學系,,57.95,405.65
106,中山醫,心理學系,心理,59.14,266.15
106,中山醫,營養學系,,56.68,453.4
106,中山醫,公共衛生學系,公共衛生,48.53,291.2
106,中山醫,醫療產業科技管理學系,,60.45,302.25
106,中山醫,職業安全衛生學系,,47.75,358.1
106,中山醫,醫學應用化學系,化學,52.38,288.1
106,中山醫,健康餐飲暨產業管理學系,,45.78,366.2
106,中山醫,醫學資訊學系,,48.32,241.6
106,中山醫,醫學社會暨社會工作學系,社會工作,53.07,371.5
106,中山醫,應用外國語言學系,,56.8,369.2
106,中山醫,護理學系(男),護理,48.83,293.0
106,中山醫,護理學系(女),護理,51.72,310.3
107,中山醫,醫學系,醫學,83.6,418.0
107,中山醫,牙醫學系,牙醫,82.57,433.48
107,中山醫,醫學檢驗暨生物技術學系,醫檢,64.09,368.5
107,中山醫,物理治療學系,物理治療,69.05,448.8
107,中山醫,職能治療學系,職能治療,70.15,263.08
107,中山醫,語言治療與聽力學系語言治療組,,67.22,403.3
107,中山醫,語言治療與聽力學系聽力組,,63.37,380.2
107,中山醫,生物醫學科學學系,生命科學,54.36,380.53
107,中山醫,視光學系,,53.13,371.88
107,中山醫,醫學影像暨放射科學系,,56.8,369.2
107,中山醫,心理學系,心理,64.87,291.9
107,中山醫,營養學系,,56.09,448.7
107,中山醫,公共衛生學系,公共衛生,51.13,383.5
107,中山醫,醫療產業科技管理學系,,60.01,300.05
107,中山醫,職業安全衛生學系,,49.67,372.55
107,中山醫,醫學應用化學系,化學,57.43,315.85
107,中山醫,健康餐飲暨產業管理學系,,46.58,372.6
107,中山醫,醫學資訊學系,,55.56,277.8
107,中山醫,醫學社會暨社會工作學系,社會工作,51.67,361.7
107,中山醫,應用外國語言學系,,56.14,364.9
107,中山醫,護理學系,護理,51.78,310.65
108,中山醫,醫學系,醫學,84.55,422.75
108,中山醫,牙醫學系,牙醫,84.58,444.05
108,中山醫,醫學檢驗暨生物技術學系,醫檢,73.34,421.68
108,中山醫,物理治療學系,物理治療,72.57,471.7
108,中山醫,職能治療學系,職能治療,79.17,296.88
108,中山醫,語言治療與聽力學系語言治療組,,73.35,440.1
108,中山醫,語言治療與聽力學系聽力組,,69.7,418.2
108,中山醫,生物醫學科學學系,生命科學,63.14,442.0
108,中山醫,視光學系,,58.61,263.75
108,中山醫,醫學影像暨放射科學系,,60.4,392.6
108,中山醫,心理學系,心理,70.31,316.4
108,中山醫,營養學系,,64.71,517.7
108,中山醫,公共衛生學系,公共衛生,61.91,464.3
108,中山醫,醫療產業科技管理學系,,65.07,325.35
108,中山醫,職業安全衛生學系,,57.96,434.7
108,中山醫,醫學應用化學系,化學,63.76,350.7
108,中山醫,健康餐飲暨產業管理學系,,57.16,457.25
108,中山醫,醫學資訊學系,,60.12,300.6
108,中山醫,醫學社會暨社會工作學系,社會工作,59.84,418.9
108,中山醫,應用外國語言學系,,66.6,299.7
108,中山醫,護理學系,護理,58.95,353.67
109,中山醫,醫學系,醫學,83.22,416.1
109,中山醫,牙醫學系,牙醫,81.51,427.91
109,中山醫,醫學檢驗暨生物技術學系,醫檢,69.49,295.35
109,中山醫,物理治療學系,物理治療,65.91,428.43
109,中山醫,職能治療學系,職能治療,72.75,272.8
109,中山醫,語言治療與聽力學系語言治療組,,66.4,398.4
109,中山醫,語言治療與聽力學系聽力組,,59.57,357.4
109,中山醫,生物醫學科學學系,生命科學,57.08,399.53
109,中山醫,視光學系,,50.26,226.15
109,中山醫,醫學影像暨放射科學系,,52.9,357.05
109,中山醫,心理學系,心理,62.73,282.3
109,中山醫,營養學系,,55.39,443.1
109,中山醫,公共衛生學系,公共衛生,54.21,406.6
109,中山醫,醫療產業科技管理學系,,51.79,258.95
109,中山醫,職業安全衛生學系,,47.87,359.0
109,中山醫,醫學應用化學系,化學,57.72,317.45
109,中山醫,健康餐飲暨產業管理學系,,45.54,364.35
109,中山醫,醫學資訊學系,,54.0,270.0
109,中山醫,醫學社會暨社會工作學系,社會工作,53.11,371.8
109,中山醫,應用外國語言學系,,57.76,259.9
109,中山醫,護理學系,護理,48.2,289.2
110,中山醫,醫學系,醫學,82.65,413.25
110,中山醫,牙醫學系,牙醫,82.83,434.88
110,中山醫,醫學檢驗暨生物技術學系,醫檢,66.99,267.95
110,中山醫,物理治療學系,物理治療,67.84,440.98
110,中山醫,職能治療學系,職能治療,74.11,277.9
110,中山醫,語言治療與聽力學系語言治療組,,66.46,398.75
110,中山醫,語言治療與聽力學系聽力組,,57.33,343.95
110,中山醫,生物醫學科學學系,生命科學,51.35,359.45
110,中山醫,視光學系,,46.17,253.95
110,中山醫,醫學影像暨放射科學系,,47.91,323.4
110,中山醫,心理學系,心理,60.56,272.5
110,中山醫,營養學系,,49.45,395.6
110,中山醫,公共衛生學系,公共衛生,47.76,358.2
110,中山醫,醫療產業科技管理學系,,50.96,254.78
110,中山醫,職業安全衛生學系,,44.64,334.8
110,中山醫,醫學應用化學系,化學,51.46,283.05
110,中山醫,健康產業科技管理學系,,42.79,342.3
110,中山醫,醫學資訊學系,,47.46,237.3
110,中山醫,醫學社會暨社會工作學系,社會工作,51.91,363.4
110,中山醫,應用外國語言學系,,47.58,190.3
110,中山醫,護理學系,護理,44.75,268.5
111,中山醫,醫學系,醫學,51.2,256.0
111,中山醫,牙醫學系,牙醫,49.53,210.5
111,中山醫,醫學檢驗暨生物技術學系,醫檢,36.0,144.0
111,中山醫,物理治療學系,物理治療,41.55,228.5
111,中山醫,職能治療學系,職能治療,41.6,156.0
111,中山醫,語言治療與聽力學系語言治療組,,30.5,183.0
111,中山醫,語言治療與聽力學系聽力組,,22.17,133.0
111,中山醫,生物醫學科學學系,生命科學,24.83,149.0
111,中山醫,視光學系,,22.11,99.5
111,中山醫,醫學影像暨放射科學系,,22.74,108.0
111,中山醫,心理學系,心理,32.0,144.0
111,中山醫,營養學系,,16.13,129.0
111,中山醫,公共衛生學系,公共衛生,14.29,100.0
111,中山醫,醫療產業科技管理學系,,24.71,86.5
111,中山醫,職業安全衛生學系,,22.92,149.0
111,中山醫,醫學應用化學系,化學,25.4,127.0
111,中山醫,健康產業科技管理學系,,18.38,147.0
111,中山醫,醫學資訊學系,,24.2,121.0
111,中山醫,醫學社會暨社會工作學系,社會工作,27.0,162.0
111,中山醫,應用外國語言學系,,18.25,73.0
111,中山醫,護理學系,護理,19.53,92.75
112,中山醫,醫學系,醫學,52.0,260.0
112,中山醫,醫學社會暨社會工作學系,社會工作,34.0,170.0
112,中山醫,護理學系,護理,31.5,126.0
112,中山醫,牙醫學系,牙醫,51.43,270.0
112,中山醫,醫學檢驗暨生物技術學系,醫檢,41.25,165.0
112,中山醫,物理治療學系,物理治療,46.82,257.5
112,中山醫,職能治療學系,職能治療,47.2,177.0
112,中山醫,語言治療與聽力學系語言治療組,,42.17,253.0
112,中山醫,語言治療與聽力學系聽力組,,37.58,225.5
112,中山醫,生物醫學科學學系,生命科學,33.6,168.0
112,中山醫,視光學系,,34.33,154.5
112,中山醫,醫學影像暨放射科學系,,33.26,158.0
112,中山醫,心理學系,心理,39.11,176.0
112,中山醫,營養學系,,33.29,233.0
112,中山醫,公共衛生學系(A組),公共衛生,32.17,193.0
112,中山醫,公共衛生學系(B組),公共衛生,27.67,166.0
112,中山醫,醫療產業科技管理學系,,30.86,108.0
112,中山醫,職業安全衛生學系,,29.67,89.0
112,中山醫,醫學應用化學系,化學,32.89,148.0
112,中山醫,健康產業科技管理學系,,27.0,81.0
112,中山醫,醫學資訊學系,,30.8,154.0
112,中山醫,應用外國語言學系,,28.43,99.5
113,中山醫,醫學系,醫學,52.8,264.0
113,中山醫,醫學社會暨社會工作學系,社會工作,34.4,172.0
113,中山醫,護理學系,護理,33.25,133.0
113,中山醫,牙醫學系,牙醫,52.43,275.25
113,中山醫,醫學檢驗暨生物技術學系,醫檢,44.0,176.0
113,中山醫,物理治療學系,物理治療,46.91,258.0
113,中山醫,職能治療學系,職能治療,47.4,177.75
113,中山醫,語言治療與聽力學系語言治療組,,43.67,262.0
113,中山醫,語言治療與聽力學系聽力組,,39.33,236.0
113,中山醫,生物醫學科學學系,生命科學,36.4,182.0
113,中山醫,視光學系,,37.11,167.0
113,中山醫,醫學影像暨放射科學系,,34.0,161.5
113,中山醫,心理學系,心理,42.67,192.0
113,中山醫,營養學系,,40.0,230.0
113,中山醫,公共衛生學系(A組),公共衛生,36.33,218.0
113,中山醫,公共衛生學系(B組),公共衛生,33.33,200.0
113,中山醫,醫療產業科技管理學系,,29.89,134.5
113,中山醫,職業安全衛生學系,,34.0,102.0
113,中山醫,醫學應用化學系,化學,38.75,155.0
113,中山醫,健康產業科技管理學系,,31.33,94.0
113,中山醫,醫學資訊學系,,34.6,173.0
113,中山醫,應用外國語言學系,,30.57,107.0
114,中山醫,醫學系,醫學,53.4,267.0
114,中山醫,醫學社會暨社會工作學系,社會工作,33.0,148.5
114,中山醫,護理學系,護理,32.75,131.0
114,中山醫,牙醫學系,牙醫,53.38,280.25
114,中山醫,醫學檢驗暨生物技術學系,醫檢,43.0,172.0
114,中山醫,物理治療學系,物理治療,47.73,262.5
114,中山醫,職能治療學系,職能治療,47.47,178.0
114,中山醫,語言治療與聽力學系語言治療組,,43.08,258.5
114,中山醫,語言治療與聽力學系聽力組,,39.08,234.5
114,中山醫,生物醫學科學學系,生命科學,35.6,178.0
114,中山醫,視光學系,,36.78,165.5
114,中山醫,醫學影像暨放射科學系,,33.84,160.75
114,中山醫,心理學系,心理,42.89,193.0
114,中山醫,營養學系,,40.17,231.0
114,中山醫,公共衛生學系(A組),公共衛生,41.4,207.0
114,中山醫,公共衛生學系(B組),公共衛生,38.4,192.0
114,中山醫,醫療產業科技管理學系,,31.0,139.5
114,中山醫,職業安全衛生學系,,34.67,104.0
114,中山醫,醫學應用化學系,化學,38.5,154.0
114,中山醫,健康產業科技管理學系,,34.67,104.0
114,中山醫,醫學資訊學系,,35.2,176.0
114,中山醫,應用外國語言學系,,32.29,113.0
115,中山醫,醫學系,醫學,52.0,260.0
115,中山醫,醫學社會暨社會工作學系,社會工作,33.44,150.5
115,中山醫,護理學系,護理,30.5,122.0
115,中山醫,牙醫學系,牙醫,51.95,272.75
115,中山醫,醫學檢驗暨生物技術學系,醫檢,41.0,123.0
115,中山醫,物理治療學系,物理治療,48.0,264.0
115,中山醫,職能治療學系,職能治療,47.8,179.25
115,中山醫,語言治療與聽力學系語言治療組,,44.0,264.0
115,中山醫,語言治療與聽力學系聽力組,,37.33,224.0
115,中山醫,生物醫學科學學系,生命科學,31.8,159.0
115,中山醫,視光學系,,35.22,158.5
115,中山醫,醫學影像暨放射科學系,,36.11,162.5
115,中山醫,心理學系,心理,40.67,183.0
115,中山醫,營養學系,,37.48,215.5
115,中山醫,公共衛生學系(A組),公共衛生,38.4,192.0
115,中山醫,公共衛生學系(B組),公共衛生,38.2,191.0
115,中山醫,醫療產業科技管理學系,,29.67,133.5
115,中山醫,職業安全衛生學系,,34.67,104.0
115,中山醫,醫學應用化學系,化學,37.25,149.0
115,中山醫,健康產業科技管理學系,,32.67,98.0
115,中山醫,醫學資訊學系,,32.4,162.0
115,中山醫,應用外國語言學系,,31.86,111.5
101,中山,中國文學系,中文,72.4,506.8
101,中山,外國語文學系,外文,76.06,494.4
101,中山,音樂學系-鋼琴,,73.42,293.66
101,中山,音樂學系-聲樂,,53.58,214.32
101,中山,音樂學系-絃樂,,58.1,232.4
101,中山,音樂學系-銅管樂、木管樂,,52.23,208.9
101,中山,音樂學系-擊樂,,70.63,282.5
101,中山,劇場藝術學系(男),,69.77,418.6
101,中山,劇場藝術學系(女),,73.32,439.9
101,中山,生物科學系,生命科學,73.15,438.9
101,中山,化學系,化學,73.77,442.6
101,中山,物理學系,物理,73.64,423.45
101,中山,應用數學系,數學,78.73,354.3
101,中山,電機工程學系,電機工程,74.72,373.6
101,中山,機械與機電工程學系,機械工程,74.82,561.15
101,中山,資訊工程學系,資訊工程,81.22,406.1
101,中山,材料與光電科學學系,光電,74.36,371.8
101,中山,光電工程學系,光電,73.92,369.6
101,中山,企業管理學系,企業管理,79.12,395.58
101,中山,資訊管理學系(社會組),資訊管理,79.38,515.95
101,中山,資訊管理學系(自然組),資訊管理,77.06,423.85
101,中山,財務管理學系,,81.72,326.9
101,中山,海洋生物科技暨資源學系,,73.84,406.1
101,中山,海洋環境及工程學系,,74.41,334.85
101,中山,海洋科學學士學位學程,,73.45,312.15
101,中山,政治經濟學系,經濟,80.53,402.65
101,中山,社會學系,社會學,79.39,396.95
102,中山,中國文學系,中文,76.44,535.1
102,中山,外國語文學系,外文,77.93,506.55
102,中山,音樂學系-鋼琴,,74.14,296.54
102,中山,音樂學系-聲樂,,55.23,220.9
102,中山,音樂學系-絃樂,,64.42,257.66
102,中山,音樂學系-銅管樂、木管樂,,62.78,251.12
102,中山,音樂學系-擊樂,,58.88,235.5
102,中山,劇場藝術學系(男),,72.6,435.6
102,中山,劇場藝術學系(女),,75.92,455.5
102,中山,生物科學系,生命科學,71.59,429.53
102,中山,化學系,化學,70.37,422.2
102,中山,物理學系,物理,68.68,480.75
102,中山,應用數學系,數學,71.03,319.65
102,中山,電機工程學系,電機工程,71.02,355.1
102,中山,機械與機電工程學系,機械工程,69.23,519.25
102,中山,資訊工程學系,資訊工程,73.68,368.4
102,中山,材料與光電科學學系,光電,69.72,348.6
102,中山,光電工程學系,光電,68.98,344.9
102,中山,企業管理學系,企業管理,78.57,392.83
102,中山,資訊管理學系(社會組),資訊管理,79.58,517.3
102,中山,資訊管理學系(自然組),資訊管理,74.57,410.15
102,中山,財務管理學系,,81.55,326.2
102,中山,海洋生物科技暨資源學系,,70.52,387.85
102,中山,海洋環境及工程學系,,66.66,299.98
102,中山,海洋科學系,,66.06,280.75
102,中山,政治經濟學系,經濟,79.18,395.9
102,中山,社會學系,社會學,77.86,389.3
103,中山,中國文學系,中文,76.59,536.1
103,中山,外國語文學系,外文,77.83,505.9
103,中山,音樂學系-鋼琴,,71.74,286.94
103,中山,音樂學系-聲樂,,58.64,234.56
103,中山,音樂學系-弦樂,,70.47,281.86
103,中山,音樂學系-銅管樂、木管樂,,68.68,274.7
103,中山,音樂學系-擊樂,,62.15,248.58
103,中山,劇場藝術學系(男),,71.22,427.3
103,中山,劇場藝術學系(女),,74.92,449.5
103,中山,生物科學系,生命科學,68.54,411.25
103,中山,化學系,化學,69.8,418.8
103,中山,物理學系,物理,67.1,469.7
103,中山,應用數學系,數學,66.16,297.7
103,中山,電機工程學系甲組,電機工程,72.02,360.1
103,中山,電機工程學系乙組,電機工程,68.74,412.45
103,中山,機械與機電工程學系,機械工程,66.97,502.25
103,中山,資訊工程學系,資訊工程,69.98,349.9
103,中山,材料與光電科學學系,光電,68.48,342.4
103,中山,光電工程學系,光電,67.9,339.5
103,中山,企業管理學系,企業管理,79.53,397.63
103,中山,資訊管理學系(社會組),資訊管理,80.13,520.85
103,中山,資訊管理學系(自然組),資訊管理,69.75,383.65
103,中山,財務管理學系,,83.11,332.45
103,中山,海洋生物科技暨資源學系,,68.55,377.05
103,中山,海洋環境及工程學系,,65.3,293.83
103,中山,海洋科學系,,65.87,279.93
103,中山,政治經濟學系,經濟,80.35,401.75
103,中山,社會學系,社會學,79.33,396.65
104,中山,中國文學系,中文,75.33,527.3
104,中山,外國語文學系,外文,71.88,467.2
104,中山,音樂學系-鋼琴,,57.21,228.82
104,中山,音樂學系-聲樂,,61.83,247.3
104,中山,音樂學系-弦樂,,67.19,268.74
104,中山,音樂學系-銅管樂、木管樂,,63.74,254.94
104,中山,音樂學系-擊樂,,54.53,218.1
104,中山,劇場藝術學系(男),,63.8,382.8
104,中山,劇場藝術學系(女),,67.7,406.2
104,中山,生物科學系,生命科學,63.53,381.15
104,中山,化學系,化學,65.6,393.6
104,中山,物理學系,物理,62.88,424.43
104,中山,應用數學系,數學,62.59,281.65
104,中山,電機工程學系甲組,電機工程,72.54,362.7
104,中山,電機工程學系乙組,電機工程,66.77,400.6
104,中山,機械與機電工程學系,機械工程,63.78,478.35
104,中山,資訊工程學系,資訊工程,67.76,338.8
104,中山,材料與光電科學學系,光電,65.12,325.6
104,中山,光電工程學系,光電,64.56,322.8
104,中山,企業管理學系,企業管理,69.19,345.95
104,中山,資訊管理學系(社會組),資訊管理,70.06,455.4
104,中山,資訊管理學系(自然組),資訊管理,63.52,349.35
104,中山,財務管理學系,,71.15,284.6
104,中山,海洋生物科技暨資源學系,,62.97,346.35
104,中山,海洋環境及工程學系,,60.56,317.93
104,中山,海洋科學系,,60.43,256.83
104,中山,政治經濟學系,經濟,68.96,344.8
104,中山,社會學系,社會學,72.92,364.6
105,中山,中國文學系,中文,71.13,497.9
105,中山,外國語文學系,外文,72.91,473.9
105,中山,音樂學系-鋼琴,,57.54,230.14
105,中山,音樂學系-聲樂、弦樂,,52.76,211.04
105,中山,音樂學系-銅管樂、木管樂、擊樂,,56.68,226.7
105,中山,劇場藝術學系(男),,67.33,404.0
105,中山,劇場藝術學系(女),,71.05,426.3
105,中山,生物科學系,生命科學,64.34,386.03
105,中山,化學系,化學,67.8,406.8
105,中山,物理學系,物理,64.33,434.23
105,中山,應用數學系,數學,66.39,298.75
105,中山,電機工程學系甲組,電機工程,74.44,372.2
105,中山,電機工程學系乙組,電機工程,72.1,432.6
105,中山,機械與機電工程學系,機械工程,66.08,495.6
105,中山,資訊工程學系,資訊工程,73.0,365.0
105,中山,材料與光電科學學系,光電,67.16,335.8
105,中山,光電工程學系,光電,66.59,399.55
105,中山,企業管理學系,企業管理,75.3,376.5
105,中山,資訊管理學系(社會組),資訊管理,75.55,491.05
105,中山,資訊管理學系(自然組),資訊管理,67.08,368.95
105,中山,財務管理學系,,78.9,315.6
105,中山,海洋生物科技暨資源學系,,62.85,345.7
105,中山,海洋環境及工程學系,,61.92,325.08
105,中山,海洋科學系,,61.01,259.28
105,中山,政治經濟學系,經濟,73.73,368.65
105,中山,社會學系,社會學,74.64,373.2
106,中山,中國文學系,中文,74.21,519.5
106,中山,外國語文學系,外文,75.26,489.2
106,中山,音樂學系,,62.35,249.4
106,中山,劇場藝術學系(男),,65.7,394.2
106,中山,劇場藝術學系(女),,69.73,418.4
106,中山,生物科學系,生命科學,62.08,372.45
106,中山,化學系,化學,66.6,399.6
106,中山,物理學系,物理,64.95,438.38
106,中山,應用數學系,數學,67.0,301.5
106,中山,電機工程學系甲組,電機工程,73.18,365.9
106,中山,電機工程學系乙組,電機工程,73.35,440.1
106,中山,機械與機電工程學系,機械工程,65.53,491.45
106,中山,資訊工程學系,資訊工程,73.78,368.9
106,中山,材料與光電科學學系,光電,66.64,333.2
106,中山,光電工程學系,光電,66.5,399.0
106,中山,企業管理學系,企業管理,75.25,376.23
106,中山,資訊管理學系(社會組),資訊管理,77.34,502.7
106,中山,資訊管理學系(自然組),資訊管理,65.64,361.0
106,中山,財務管理學系,,79.3,317.2
106,中山,海洋生物科技暨資源學系,,60.8,334.4
106,中山,海洋環境及工程學系,,62.85,329.98
106,中山,海洋科學系,,60.15,255.63
106,中山,政治經濟學系,經濟,76.83,384.15
106,中山,社會學系,社會學,78.2,391.0
107,中山,中國文學系,中文,74.99,524.9
107,中山,外國語文學系,外文,75.43,490.3
107,中山,音樂學系,,65.47,261.89
107,中山,劇場藝術學系(男),,67.9,407.4
107,中山,劇場藝術學系(女),,70.37,422.2
107,中山,生物科學系,生命科學,61.75,370.5
107,中山,化學系,化學,68.52,411.1
107,中山,物理學系,物理,67.02,452.36
107,中山,應用數學系,數學,70.37,316.65
107,中山,電機工程學系甲組,電機工程,75.27,376.35
107,中山,電機工程學系乙組,電機工程,74.62,447.7
107,中山,機械與機電工程學系,機械工程,67.73,507.98
107,中山,資訊工程學系,資訊工程,76.97,384.85
107,中山,光電工程學系,光電,69.27,415.6
107,中山,材料與光電科學學系,光電,69.58,347.9
107,中山,企業管理學系,企業管理,77.31,386.55
107,中山,資訊管理學系(社會組),資訊管理,78.06,507.4
107,中山,資訊管理學系(自然組),資訊管理,72.22,397.2
107,中山,財務管理學系,,79.99,319.95
107,中山,海洋生物科技暨資源學系,,59.33,326.3
107,中山,海洋環境及工程學系,,64.71,339.71
107,中山,海洋科學系,,65.08,276.6
107,中山,政治經濟學系,經濟,75.25,376.23
107,中山,社會學系,社會學,76.7,383.5
108,中山,中國文學系,中文,77.59,543.15
108,中山,外國語文學系,外文,77.48,503.6
108,中山,音樂學系,,68.31,273.24
108,中山,劇場藝術學系(男),,72.07,432.4
108,中山,劇場藝術學系(女),,75.23,451.4
108,中山,生物科學系,生命科學,67.58,405.49
108,中山,化學系,化學,70.34,422.05
108,中山,物理學系,物理,67.73,457.18
108,中山,應用數學系,數學,66.09,297.4
108,中山,電機工程學系甲組,電機工程,76.33,381.65
108,中山,電機工程學系乙組,電機工程,71.66,429.95
108,中山,機械與機電工程學系甲組,機械工程,69.54,521.58
108,中山,機械與機電工程學系乙組,機械工程,67.18,436.7
108,中山,資訊工程學系甲組,資訊工程,75.19,375.95
108,中山,資訊工程學系乙組,資訊工程,71.02,355.1
108,中山,光電工程學系甲組,光電,70.97,354.85
108,中山,光電工程學系乙組,光電,68.97,413.83
108,中山,材料與光電科學學系甲組,光電,72.52,362.6
108,中山,材料與光電科學學系乙組,光電,69.49,416.95
108,中山,材料與光電科學學系丙組,光電,71.6,501.2
108,中山,企業管理學系,企業管理,81.41,407.03
108,中山,資訊管理學系(社會組),資訊管理,81.0,526.5
108,中山,資訊管理學系(自然組),資訊管理,72.67,399.7
108,中山,財務管理學系,,83.56,334.25
108,中山,海洋生物科技暨資源學系,,63.75,350.6
108,中山,海洋環境及工程學系,,62.91,330.3
108,中山,海洋科學系,,68.78,292.31
108,中山,政治經濟學系,經濟,79.76,398.78
108,中山,社會學系,社會學,78.38,391.9
109,中山,中國文學系,中文,75.44,528.1
109,中山,外國語文學系,外文,73.18,475.7
109,中山,音樂學系,,61.51,246.02
109,中山,劇場藝術學系,,69.93,419.6
109,中山,生物科學系,生命科學,63.56,381.38
109,中山,化學系,化學,68.2,409.2
109,中山,物理學系,物理,64.73,436.95
109,中山,應用數學系,數學,63.89,287.5
109,中山,電機工程學系甲組,電機工程,75.16,375.8
109,中山,電機工程學系乙組,電機工程,70.25,526.9
109,中山,機械與機電工程學系甲組,機械工程,67.27,504.55
109,中山,機械與機電工程學系乙組,機械工程,61.88,278.45
109,中山,資訊工程學系甲組,資訊工程,73.96,369.8
109,中山,資訊工程學系乙組,資訊工程,68.61,343.05
109,中山,光電工程學系甲組,光電,68.27,512.0
109,中山,光電工程學系乙組,光電,65.49,392.95
109,中山,材料與光電科學學系甲組,光電,69.77,348.85
109,中山,材料與光電科學學系乙組,光電,66.41,398.45
109,中山,材料與光電科學學系丙組,光電,70.76,495.3
109,中山,企業管理學系,企業管理,75.26,376.3
109,中山,資訊管理學系(社會組),資訊管理,78.65,432.6
109,中山,資訊管理學系(自然組),資訊管理,66.89,367.9
109,中山,財務管理學系,,78.86,394.3
109,中山,海洋生物科技暨資源學系,,60.06,330.33
109,中山,海洋環境及工程學系,,60.87,319.56
109,中山,海洋科學系,,65.92,280.15
109,中山,政治經濟學系,經濟,72.66,363.28
109,中山,社會學系,社會學,72.82,364.1
109,中山,人文暨科技跨領域學士學位學程,,73.78,368.9
110,中山,中國文學系,中文,77.38,541.65
110,中山,外國語文學系,外文,78.91,434.0
110,中山,音樂學系,,60.57,242.29
110,中山,劇場藝術學系,,71.53,429.2
110,中山,生物科學系,生命科學,61.42,368.53
110,中山,化學系,化學,62.26,373.55
110,中山,化學系英語組,外文,64.78,388.7
110,中山,物理學系,物理,58.85,411.93
110,中山,應用數學系,數學,55.97,251.85
110,中山,電機工程學系,電機工程,68.12,442.75
110,中山,電機工程學系全英語組,電機工程,69.24,450.05
110,中山,機械與機電工程學系,機械工程,59.02,383.6
110,中山,機械與機電工程學系全英語組,機械工程,60.7,455.25
110,中山,資訊工程學系甲組,資訊工程,70.76,353.8
110,中山,資訊工程學系乙組,資訊工程,65.17,325.85
110,中山,光電工程學系,光電,60.73,364.4
110,中山,材料與光電科學學系甲組,光電,65.8,329.0
110,中山,材料與光電科學學系乙組,光電,62.49,312.45
110,中山,材料與光電科學學系丙組,光電,64.71,453.0
110,中山,企業管理學系,企業管理,77.78,388.9
110,中山,資訊管理學系(社會組),資訊管理,79.56,437.6
110,中山,資訊管理學系(自然組),資訊管理,68.49,376.7
110,中山,財務管理學系,,80.56,402.8
110,中山,海洋生物科技暨資源學系,,57.38,315.58
110,中山,海洋環境及工程學系,,54.71,287.25
110,中山,海洋科學系,,61.02,259.34
110,中山,政治經濟學系,經濟,73.53,367.63
110,中山,社會學系,社會學,72.0,360.0
110,中山,人文暨科技跨領域學士學位學程,,75.18,375.9
110,中山,人文暨科技跨領域學士學位學程,,75.18,375.9
111,中山,中國文學系,中文,41.8,209.0
111,中山,外國語文學系,外文,43.82,241.0
111,中山,音樂學系,,52.64,210.54
111,中山,劇場藝術學系(男),,38.4,192.0
111,中山,劇場藝術學系(女),,40.4,202.0
111,中山,生物科學系,生命科學,35.25,211.5
111,中山,化學系,化學,37.5,225.0
111,中山,化學系英語組,外文,37.83,227.0
111,中山,物理學系,物理,35.75,250.25
111,中山,物理學系量子科技組(全英),物理,36.62,265.5
111,中山,應用數學系,數學,33.67,151.5
111,中山,應用數學系英語組,數學,34.44,155.0
111,中山,電機工程學系,電機工程,43.75,262.5
111,中山,電機工程學系全英語組,電機工程,42.0,273.0
111,中山,機械與機電工程學系,機械工程,35.86,251.0
111,中山,機械與機電工程學系全英語組,機械工程,37.31,242.5
111,中山,資訊工程學系,資訊工程,40.8,204.0
111,中山,光電工程學系,光電,36.83,221.0
111,中山,材料與光電科學學系甲組,光電,40.6,203.0
111,中山,材料與光電科學學系乙組,光電,38.2,191.0
111,中山,材料與光電科學學系丙組,光電,40.8,204.0
111,中山,企業管理學系(社會組),企業管理,45.8,229.0
111,中山,企業管理學系(自然組),企業管理,39.8,199.0
111,中山,資訊管理學系,資訊管理,40.64,223.5
111,中山,財務管理學系,,51.25,205.0
111,中山,國際經營管理全英語學士學位學程,外文,48.2,241.0
111,中山,海洋生物科技暨資源學系,,32.0,176.0
111,中山,海洋環境及工程學系,,31.24,164.0
111,中山,海洋科學系,,35.82,152.25
111,中山,政治經濟學系,經濟,39.8,199.0
111,中山,社會學系,社會學,44.8,224.0
111,中山,人文暨科技跨領域學士學位學程,,42.8,160.5
112,中山,中國文學系,中文,46.4,232.0
112,中山,外國語文學系,外文,47.55,261.5
112,中山,音樂學系,,36.14,180.72
112,中山,劇場藝術學系(男),,41.6,208.0
112,中山,劇場藝術學系(女),,43.0,215.0
112,中山,生物科學系,生命科學,40.0,240.0
112,中山,生物科學系英語組,外文,39.48,246.75
112,中山,化學系,化學,41.33,248.0
112,中山,化學系英語組,外文,42.17,253.0
112,中山,物理學系,物理,41.07,287.5
112,中山,物理學系量子科技組(全英),物理,40.59,294.25
112,中山,應用數學系,數學,39.56,178.0
112,中山,應用數學系英語組,數學,38.11,171.5
112,中山,電機工程學系,電機工程,46.25,277.5
112,中山,電機工程學系全英語組,電機工程,44.15,287.0
112,中山,機械與機電工程學系,機械工程,40.93,286.5
112,中山,機械與機電工程學系全英語組,機械工程,41.08,267.0
112,中山,資訊工程學系,資訊工程,46.0,230.0
112,中山,資訊工程學系全英語學士班,資訊工程,45.17,271.0
112,中山,光電工程學系,光電,42.0,252.0
112,中山,光電工程學系全英語組,光電,42.38,275.5
112,中山,材料與光電科學學系甲組,光電,44.4,222.0
112,中山,材料與光電科學學系乙組,光電,46.6,233.0
112,中山,材料與光電科學學系全英語組,光電,43.33,260.0
112,中山,企業管理學系(社會組),企業管理,43.4,217.0
112,中山,企業管理學系(自然組),企業管理,41.0,205.0
112,中山,資訊管理學系,資訊管理,43.0,236.5
112,中山,財務管理學系,,51.25,205.0
112,中山,國際經營管理全英語學士學位學程,外文,45.4,227.0
112,中山,海洋生物科技暨資源學系,,35.64,196.0
112,中山,海洋環境及工程學系,,36.81,193.25
112,中山,海洋科學系,,38.65,164.25
112,中山,政治經濟學系,經濟,42.0,210.0
112,中山,社會學系,社會學,46.0,230.0
112,中山,人文暨科技跨領域學士學位學程,,41.4,155.25
113,中山,中國文學系,中文,45.8,229.0
113,中山,外國語文學系,外文,47.0,258.5
113,中山,音樂學系,,40.54,202.7
113,中山,劇場藝術學系(男),,41.4,207.0
113,中山,劇場藝術學系(女),,44.0,220.0
113,中山,生物科學系,生命科學,42.96,257.75
113,中山,生物科學系英語組,外文,41.8,261.25
113,中山,化學系,化學,44.33,266.0
113,中山,化學系英語組,外文,44.0,264.0
113,中山,物理學系,物理,43.04,301.25
113,中山,物理學系量子科技組(全英),物理,43.21,313.25
113,中山,應用數學系,數學,41.11,185.0
113,中山,應用數學系英語組,數學,40.22,181.0
113,中山,電機工程學系,電機工程,49.5,198.0
113,中山,電機工程學系全英語組,電機工程,46.5,186.0
113,中山,機械與機電工程學系,機械工程,44.78,201.5
113,中山,機械與機電工程學系全英語組,機械工程,43.45,239.0
113,中山,資訊工程學系,資訊工程,47.0,258.5
113,中山,資訊工程學系全英語學士班,資訊工程,46.36,255.0
113,中山,光電工程學系,光電,44.17,265.0
113,中山,光電工程學系全英語組,光電,43.62,283.5
113,中山,材料與光電科學學系甲組,光電,46.0,230.0
113,中山,材料與光電科學學系乙組,光電,49.0,245.0
113,中山,材料與光電科學學系全英語組,光電,45.17,271.0
113,中山,企業管理學系(社會組),企業管理,44.0,220.0
113,中山,企業管理學系(自然組),企業管理,43.4,217.0
113,中山,資訊管理學系,資訊管理,45.27,249.0
113,中山,財務管理學系,,51.5,206.0
113,中山,國際經營管理全英語學士學位學程,外文,46.56,209.5
113,中山,海洋生物科技暨資源學系,,38.82,213.5
113,中山,海洋環境及工程學系,,39.1,205.25
113,中山,海洋科學系,,41.71,177.25
113,中山,政治經濟學系,經濟,41.6,208.0
113,中山,社會學系,社會學,45.0,225.0
113,中山,人文暨科技跨領域學士學位學程,,42.67,128.0
113,中山,生物醫學科技學系全英語學士班生物醫學組,生命科學,42.83,257.0
113,中山,生物醫學科技學系全英語學士班生醫工程組,生醫工程,40.69,264.5
114,中山,中國文學系,中文,44.8,224.0
114,中山,外國語文學系,外文,45.73,251.5
114,中山,音樂學系,,42.0,210.0
114,中山,劇場藝術學系(男),,41.2,206.0
114,中山,劇場藝術學系(女),,42.4,212.0
114,中山,生物科學系,生命科學,42.42,254.5
114,中山,生物科學系英語組,外文,42.12,263.25
114,中山,化學系,化學,45.17,271.0
114,中山,化學系英語組,外文,44.67,268.0
114,中山,物理學系,物理,45.04,315.25
114,中山,物理學系量子科技組(全英),物理,45.03,326.5
114,中山,應用數學系,數學,42.11,189.5
114,中山,應用數學系英語組,數學,42.56,191.5
114,中山,電機工程學系,電機工程,50.5,202.0
114,中山,電機工程學系全英語組,電機工程,48.5,194.0
114,中山,機械與機電工程學系,機械工程,46.89,211.0
114,中山,機械與機電工程學系全英語組,機械工程,46.0,253.0
114,中山,資訊工程學系,資訊工程,47.91,263.5
114,中山,資訊工程學系全英語學士班,資訊工程,47.64,262.0
114,中山,光電工程學系,光電,46.67,280.0
114,中山,光電工程學系全英語組,光電,46.23,300.5
114,中山,材料與光電科學學系甲組,光電,48.0,240.0
114,中山,材料與光電科學學系乙組,光電,51.8,259.0
114,中山,材料與光電科學學系全英語組,光電,47.33,284.0
114,中山,企業管理學系(A組),企業管理,48.8,244.0
114,中山,企業管理學系(B組),企業管理,47.0,235.0
114,中山,資訊管理學系,資訊管理,45.64,251.0
114,中山,財務管理學系,,51.0,204.0
114,中山,國際經營管理全英語學士學位學程,外文,45.44,204.5
114,中山,海洋生物科技暨資源學系,,40.67,122.0
114,中山,海洋環境及工程學系,,42.05,220.75
114,中山,海洋科學系,,42.56,191.5
114,中山,政治經濟學系,經濟,46.3,231.5
114,中山,社會學系,社會學,44.2,221.0
114,中山,人文暨科技跨領域學士學位學程,,44.33,133.0
114,中山,生物醫學科技學系全英語學士班生物醫學組,生命科學,43.08,258.5
114,中山,生物醫學科技學系全英語學士班生醫工程組,生醫工程,41.38,269.0
114,中山,護理學系,護理,40.08,250.5
115,中山,中國文學系,中文,46.0,230.0
115,中山,外國語文學系,外文,47.2,236.0
115,中山,音樂學系,,44.66,223.32
115,中山,劇場藝術學系(男),,41.4,207.0
115,中山,劇場藝術學系(女),,44.4,222.0
115,中山,生物科學系,生命科學,41.92,251.5
115,中山,生物科學系英語組,外文,40.68,254.25
115,中山,化學系,化學,44.08,275.5
115,中山,化學系英語組,外文,43.52,272.0
115,中山,物理學系,物理,43.07,301.5
115,中山,物理學系量子科技組(全英),物理,42.62,309.0
115,中山,應用數學系,數學,39.78,179.0
115,中山,應用數學系英語組,數學,39.11,176.0
115,中山,電機工程學系,電機工程,48.75,195.0
115,中山,電機工程學系英語組,電機工程,46.75,187.0
115,中山,機械與機電工程學系,機械工程,43.44,195.5
115,中山,機械與機電工程學系全英語組,機械工程,44.0,242.0
115,中山,資訊工程學系,資訊工程,44.36,244.0
115,中山,資訊工程學系全英語學士班,資訊工程,44.45,244.5
115,中山,光電工程學系,光電,44.33,266.0
115,中山,光電工程學系全英語組,光電,43.77,284.5
115,中山,材料與光電科學學系甲組,光電,48.6,243.0
115,中山,材料與光電科學學系乙組,光電,47.2,236.0
115,中山,材料與光電科學學系全英語組,光電,45.2,226.0
115,中山,企業管理學系(A組),企業管理,47.2,236.0
115,中山,企業管理學系(B組),企業管理,45.4,227.0
115,中山,資訊管理學系,資訊管理,43.0,236.5
115,中山,財務管理學系,,49.0,196.0
115,中山,國際經營管理全英語學士學位學程,外文,44.67,201.0
115,中山,海洋生物科技暨資源學系,,39.33,118.0
115,中山,海洋環境及工程學系,,38.9,204.25
115,中山,海洋科學系,,40.39,181.75
115,中山,政治經濟學系,經濟,44.5,222.5
115,中山,社會學系,社會學,46.0,230.0
115,中山,人文暨科技跨領域學系,,43.0,129.0
115,中山,生物醫學科技學系全英語學士班生物醫學組,生命科學,41.67,250.0
115,中山,生物醫學科技學系全英語學士班生醫工程組,生醫工程,38.77,252.0
115,中山,護理學系,護理,37.17,213.75
101,長庚,醫學系,醫學,87.55,590.95
101,長庚,中醫學系,中醫,85.4,512.4
101,長庚,護理學系,護理,65.2,391.2
101,長庚,醫學生物技術暨檢驗學系,,75.29,564.65
101,長庚,醫學影像暨放射科學系,,69.43,468.65
101,長庚,物理治療學系,物理治療,73.35,476.75
101,長庚,職能治療學系,職能治療,73.36,476.83
101,長庚,生物醫學系,生命科學,68.35,461.33
101,長庚,呼吸治療學系,,69.69,470.4
101,長庚,電機工程學系系統晶片設計組,電機工程,67.39,353.78
101,長庚,電機工程學系通訊組,電機工程,67.82,356.03
101,長庚,機械工程學系,機械工程,64.44,402.73
101,長庚,化工與材料工程學系,化學工程,68.43,410.6
101,長庚,電子工程學系,電子工程,64.36,370.05
101,長庚,資訊工程學系,資訊工程,65.33,391.95
101,長庚,醫務管理學系(社會組),,74.76,280.35
101,長庚,醫務管理學系(自然組),,68.71,257.65
101,長庚,工商管理學系(社會組),企業管理,74.19,352.38
101,長庚,工商管理學系(自然組),企業管理,62.31,295.98
101,長庚,工業設計學系媒體傳達設計組,,68.96,241.35
101,長庚,工業設計學系產品設計組,,65.5,229.25
101,長庚,資訊管理學系(社會組),資訊管理,69.85,296.88
101,長庚,資訊管理學系(自然組),資訊管理,62.54,265.78
102,長庚,醫學系,醫學,87.61,591.38
102,長庚,中醫學系,中醫,84.47,506.8
102,長庚,護理學系,護理,64.46,386.75
102,長庚,醫學生物技術暨檢驗學系,,74.66,559.95
102,長庚,醫學影像暨放射科學系,,66.68,450.08
102,長庚,物理治療學系,物理治療,72.42,470.75
102,長庚,職能治療學系,職能治療,71.88,467.2
102,長庚,生物醫學系,生命科學,64.97,438.55
102,長庚,呼吸治療學系,,67.57,456.13
102,長庚,電機工程學系系統與晶片設計組,電機工程,60.2,316.05
102,長庚,電機工程學系通訊組,電機工程,60.71,318.73
102,長庚,機械工程學系,機械工程,56.69,354.3
102,長庚,化工與材料工程學系,化學工程,62.42,374.5
102,長庚,電子工程學系,電子工程,55.25,317.7
102,長庚,資訊工程學系,資訊工程,57.34,344.03
102,長庚,醫務管理學系(社會組),,74.03,277.6
102,長庚,醫務管理學系(自然組),,66.0,247.5
102,長庚,工商管理學系(社會組),企業管理,72.44,344.1
102,長庚,工商管理學系(自然組),企業管理,59.77,283.93
102,長庚,工業設計學系媒體與傳達設計組,,65.44,229.05
102,長庚,工業設計學系產品設計組,,62.4,218.4
102,長庚,資訊管理學系(社會組),資訊管理,68.69,291.93
102,長庚,資訊管理學系(自然組),資訊管理,58.89,250.28
103,長庚,醫學系,醫學,86.3,582.5
103,長庚,中醫學系,中醫,83.1,498.6
103,長庚,護理學系,護理,63.58,381.45
103,長庚,醫學生物技術暨檢驗學系,,73.28,439.7
103,長庚,醫學影像暨放射科學系,,66.7,450.25
103,長庚,物理治療學系,物理治療,71.18,462.65
103,長庚,職能治療學系,職能治療,69.75,453.35
103,長庚,生物醫學系,生命科學,63.07,425.73
103,長庚,呼吸治療學系,,66.58,449.4
103,長庚,電機工程學系系統與晶片設計組,電機工程,57.12,299.88
103,長庚,電機工程學系通訊組,電機工程,56.69,297.6
103,長庚,機械工程學系,機械工程,54.73,342.08
103,長庚,化工與材料工程學系,化學工程,61.56,369.38
103,長庚,電子工程學系,電子工程,53.83,309.5
103,長庚,資訊工程學系,資訊工程,56.31,337.85
103,長庚,醫務管理學系(社會組),,75.77,284.15
103,長庚,醫務管理學系(自然組),,61.89,232.1
103,長庚,工商管理學系(社會組),企業管理,73.68,349.98
103,長庚,工商管理學系(自然組),企業管理,54.61,259.38
103,長庚,工業設計學系媒體與傳達設計組,,67.14,235.0
103,長庚,工業設計學系產品設計組,,59.67,208.85
103,長庚,資訊管理學系(社會組),資訊管理,70.69,300.45
103,長庚,資訊管理學系(自然組),資訊管理,56.65,240.75
104,長庚,醫學系,醫學,86.76,477.18
104,長庚,中醫學系,中醫,84.42,464.33
104,長庚,護理學系,護理,57.07,342.4
104,長庚,醫學生物技術暨檢驗學系,,70.34,422.05
104,長庚,醫學影像暨放射科學系,,63.39,364.48
104,長庚,物理治療學系,物理治療,70.31,386.68
104,長庚,職能治療學系,職能治療,68.25,375.4
104,長庚,生物醫學系,生命科學,56.43,324.45
104,長庚,呼吸治療學系,,62.64,360.2
104,長庚,電機工程學系系統與晶片設計組,電機工程,55.24,290.03
104,長庚,電機工程學系通訊組,電機工程,52.28,274.48
104,長庚,機械工程學系,機械工程,48.55,303.43
104,長庚,化工與材料工程學系,化學工程,55.26,331.55
104,長庚,電子工程學系,電子工程,48.34,277.95
104,長庚,資訊工程學系,資訊工程,51.51,309.08
104,長庚,醫務管理學系(社會組),,63.39,237.7
104,長庚,醫務管理學系(自然組),,55.3,207.38
104,長庚,工商管理學系(社會組),企業管理,59.66,208.8
104,長庚,工商管理學系(自然組),企業管理,47.77,167.18
104,長庚,工業設計學系媒體與傳達設計組,,55.47,194.15
104,長庚,工業設計學系產品設計組,,51.06,178.7
104,長庚,資訊管理學系(社會組),資訊管理,57.89,246.03
104,長庚,資訊管理學系(自然組),資訊管理,47.81,203.18
105,長庚,醫學系,醫學,88.31,485.68
105,長庚,醫學系(公費),醫學,86.07,473.38
105,長庚,中醫學系,中醫,82.67,475.38
105,長庚,護理學系,護理,61.07,366.4
105,長庚,醫學生物技術暨檢驗學系,,71.77,430.6
105,長庚,醫學影像暨放射科學系,,66.63,383.13
105,長庚,物理治療學系,物理治療,74.46,409.53
105,長庚,職能治療學系,職能治療,70.95,390.23
105,長庚,生物醫學系,生命科學,57.91,333.0
105,長庚,呼吸治療學系,,64.56,371.2
105,長庚,電機工程學系系統與晶片設計組,電機工程,57.84,303.68
105,長庚,電機工程學系通訊組,電機工程,53.1,278.8
105,長庚,機械工程學系,機械工程,47.31,295.7
105,長庚,化工與材料工程學系,化學工程,55.62,333.73
105,長庚,電子工程學系,電子工程,46.03,264.65
105,長庚,資訊工程學系,資訊工程,51.15,306.88
105,長庚,醫務管理學系(社會組),,68.15,255.55
105,長庚,醫務管理學系(自然組),,58.45,219.2
105,長庚,工商管理學系(社會組),企業管理,63.19,221.15
105,長庚,工商管理學系(自然組),企業管理,46.29,162.0
105,長庚,工業設計學系媒體與傳達設計組,,56.21,196.75
105,長庚,工業設計學系產品設計組,,43.4,151.9
105,長庚,資訊管理學系(社會組),資訊管理,58.81,249.93
105,長庚,資訊管理學系(自然組),資訊管理,50.18,213.25
106,長庚,醫學系,醫學,86.94,434.7
106,長庚,醫學系(公費),醫學,84.62,423.1
106,長庚,中醫學系,中醫,80.98,465.65
106,長庚,護理學系,護理,59.43,356.6
106,長庚,醫學生物技術暨檢驗學系,,69.22,415.3
106,長庚,醫學影像暨放射科學系,,67.81,389.88
106,長庚,物理治療學系,物理治療,74.09,407.5
106,長庚,職能治療學系,職能治療,71.65,394.08
106,長庚,生物醫學系,生命科學,58.27,335.03
106,長庚,呼吸治療學系,,65.23,375.05
106,長庚,電機工程學系系統與晶片設計組,電機工程,58.51,307.18
106,長庚,電機工程學系通訊組,電機工程,55.96,293.78
106,長庚,機械工程學系,機械工程,49.68,310.53
106,長庚,化工與材料工程學系,化學工程,55.96,321.78
106,長庚,電子工程學系,電子工程,48.1,240.5
106,長庚,資訊工程學系,資訊工程,54.54,272.68
106,長庚,醫務管理學系(社會組),,68.56,257.1
106,長庚,醫務管理學系(自然組),,59.28,222.3
106,長庚,工商管理學系(社會組),企業管理,62.54,218.88
106,長庚,工商管理學系(自然組),企業管理,46.1,161.35
106,長庚,工業設計學系(社會組),,40.43,141.5
106,長庚,工業設計學系(自然組),,39.53,138.35
106,長庚,資訊管理學系(社會組),資訊管理,57.24,243.28
106,長庚,資訊管理學系(自然組),資訊管理,49.56,210.65
107,長庚,醫學系(自費),醫學,87.66,438.3
107,長庚,醫學系(公費),醫學,85.06,425.3
107,長庚,中醫學系,中醫,84.64,423.2
107,長庚,護理學系,護理,60.11,360.68
107,長庚,醫學生物技術暨檢驗學系,,69.3,415.8
107,長庚,醫學影像暨放射科學系,,65.8,378.36
107,長庚,物理治療學系,物理治療,72.67,399.7
107,長庚,職能治療學系,職能治療,69.29,381.1
107,長庚,生物醫學系,生命科學,55.1,316.84
107,長庚,呼吸治療學系,,63.17,363.2
107,長庚,電機工程學系系統與晶片設計組,電機工程,62.05,325.78
107,長庚,電機工程學系通訊組,電機工程,60.3,316.55
107,長庚,機械工程學系,機械工程,54.62,341.4
107,長庚,化工與材料工程學系,化學工程,58.61,336.99
107,長庚,電子工程學系,電子工程,53.16,265.8
107,長庚,資訊工程學系,資訊工程,59.88,299.39
107,長庚,醫務管理學系(社會組),,70.93,265.98
107,長庚,醫務管理學系(自然組),,63.38,237.68
107,長庚,工商管理學系(社會組),企業管理,62.67,219.34
107,長庚,工商管理學系(自然組),企業管理,52.14,182.5
107,長庚,工業設計學系(社會組),,55.96,209.85
107,長庚,工業設計學系(自然組),,50.87,203.48
107,長庚,資訊管理學系(社會組),資訊管理,61.02,259.33
107,長庚,資訊管理學系(自然組),資訊管理,58.16,247.18
108,長庚,醫學系(自費),醫學,86.35,431.75
108,長庚,醫學系(公費),醫學,83.8,419.0
108,長庚,中醫學系,中醫,85.96,429.8
108,長庚,護理學系,護理,66.37,398.23
108,長庚,醫學生物技術暨檢驗學系,,74.03,444.15
108,長庚,醫學影像暨放射科學系,,67.15,386.11
108,長庚,物理治療學系,物理治療,73.85,406.16
108,長庚,職能治療學系,職能治療,71.71,394.4
108,長庚,生物醫學系,生命科學,62.05,356.8
108,長庚,呼吸治療學系,,65.77,378.16
108,長庚,電機工程學系,電機工程,61.95,325.23
108,長庚,機械工程學系,機械工程,58.14,363.35
108,長庚,化工與材料工程學系,化學工程,61.5,353.61
108,長庚,電子工程學系,電子工程,58.51,292.55
108,長庚,資訊工程學系,資訊工程,61.58,307.9
108,長庚,醫務管理學系(社會組),,77.05,288.95
108,長庚,醫務管理學系(自然組),,66.63,249.85
108,長庚,工商管理學系(社會組),企業管理,68.08,238.28
108,長庚,工商管理學系(自然組),企業管理,59.71,208.99
108,長庚,工業設計學系(社會組),,65.33,261.33
108,長庚,工業設計學系(自然組),,56.95,227.78
108,長庚,資訊管理學系(社會組),資訊管理,69.91,297.13
108,長庚,資訊管理學系(自然組),資訊管理,64.33,273.4
109,長庚,醫學系(自費),醫學,85.71,428.55
109,長庚,醫學系(公費),醫學,82.95,414.75
109,長庚,中醫學系,中醫,83.03,415.15
109,長庚,護理學系,護理,57.93,347.55
109,長庚,醫學生物技術暨檢驗學系,,70.27,421.6
109,長庚,醫學影像暨放射科學系,,63.04,362.5
109,長庚,物理治療學系,物理治療,76.24,304.95
109,長庚,職能治療學系,職能治療,67.34,370.39
109,長庚,生物醫學系,生命科學,59.22,340.54
109,長庚,呼吸治療學系,,72.51,253.78
109,長庚,電機工程學系,電機工程,54.95,288.5
109,長庚,機械工程學系,機械工程,49.33,308.29
109,長庚,化工與材料工程學系,化學工程,55.67,320.11
109,長庚,電子工程學系,電子工程,50.07,250.35
109,長庚,資訊工程學系,資訊工程,53.58,267.89
109,長庚,人工智慧學士學位學程,,56.8,269.81
109,長庚,醫務管理學系(社會組),,65.89,247.08
109,長庚,醫務管理學系(自然組),,57.73,216.5
109,長庚,工商管理學系(社會組),企業管理,52.92,185.21
109,長庚,工商管理學系(自然組),企業管理,44.45,155.56
109,長庚,工業設計學系(社會組),,52.15,208.6
109,長庚,工業設計學系(自然組),,43.69,174.75
109,長庚,資訊管理學系(社會組),資訊管理,57.55,244.58
109,長庚,資訊管理學系(自然組),資訊管理,55.28,234.93
110,長庚,醫學系(自費),醫學,86.02,430.1
110,長庚,醫學系(公費),醫學,81.9,409.5
110,長庚,中醫學系,中醫,83.82,419.1
110,長庚,護理學系,護理,58.66,351.95
110,長庚,醫學生物技術暨檢驗學系,,68.36,410.15
110,長庚,醫學影像暨放射科學系,,58.69,337.48
110,長庚,物理治療學系,物理治療,72.04,288.15
110,長庚,職能治療學系,職能治療,65.75,361.65
110,長庚,生物醫學系,生命科學,55.88,321.3
110,長庚,呼吸治療學系,,73.59,257.55
110,長庚,電機工程學系,電機工程,51.92,272.59
110,長庚,機械工程學系,機械工程,36.03,225.19
110,長庚,化工與材料工程學系,化學工程,48.99,281.7
110,長庚,電子工程學系,電子工程,41.93,209.65
110,長庚,資訊工程學系,資訊工程,48.97,257.08
110,長庚,人工智慧學士學位學程,,49.07,233.1
110,長庚,醫務管理學系(社會組),,68.83,258.13
110,長庚,醫務管理學系(自然組),,57.25,214.7
110,長庚,工商管理學系(社會組),企業管理,50.27,175.96
110,長庚,工商管理學系(自然組),企業管理,42.23,147.8
110,長庚,工業設計學系(社會組),,45.1,180.4
110,長庚,工業設計學系(自然組),,39.15,156.6
110,長庚,資訊管理學系(社會組),資訊管理,56.07,238.28
110,長庚,資訊管理學系(自然組),資訊管理,48.75,207.18
111,長庚,醫學系(自費),醫學,53.0,265.0
111,長庚,醫學系(公費),醫學,50.2,251.0
111,長庚,中醫學系,中醫,53.6,268.0
111,長庚,護理學系,護理,24.2,121.0
111,長庚,醫學生物技術暨檢驗學系,,37.2,186.0
111,長庚,醫學影像暨放射科學系,,31.65,182.0
111,長庚,物理治療學系,物理治療,41.38,217.25
111,長庚,職能治療學系,職能治療,32.95,181.25
111,長庚,生物醫學系,生命科學,23.65,136.0
111,長庚,呼吸治療學系,,36.43,127.5
111,長庚,電機工程學系,電機工程,31.14,163.5
111,長庚,機械工程學系,機械工程,18.8,117.5
111,長庚,化工與材料工程學系,化學工程,27.4,137.0
111,長庚,電子工程學系,電子工程,21.0,105.0
111,長庚,資訊工程學系,資訊工程,28.75,115.0
111,長庚,人工智慧學士學位學程,,21.0,84.0
111,長庚,生物醫學工程學系,生醫工程,34.63,138.5
111,長庚,醫務管理學系,,30.86,108.0
111,長庚,工商管理學系(數智商務組),企業管理,26.33,79.0
111,長庚,工商管理學系(工業管理組),企業管理,14.67,44.0
111,長庚,工業設計學系(社會組),,19.43,68.0
111,長庚,工業設計學系(自然組),,23.0,80.5
111,長庚,資訊管理學系(數據分析與創新組),資訊管理,26.6,99.75
111,長庚,資訊管理學系(數位金融科技組),資訊管理,17.88,76.0
112,長庚,醫學系(自費),醫學,53.8,269.0
112,長庚,醫學系(公費),醫學,50.8,254.0
112,長庚,中醫學系,中醫,52.2,261.0
112,長庚,護理學系,護理,38.2,191.0
112,長庚,醫學生物技術暨檢驗學系,,41.3,206.5
112,長庚,醫學影像暨放射科學系,,36.13,207.75
112,長庚,物理治療學系,物理治療,45.81,240.5
112,長庚,職能治療學系,職能治療,49.65,211.0
112,長庚,生物醫學系,生命科學,32.43,186.5
112,長庚,呼吸治療學系,,42.14,147.5
112,長庚,電機工程學系,電機工程,37.86,198.75
112,長庚,機械工程學系,機械工程,30.46,99.0
112,長庚,化工與材料工程學系,化學工程,33.0,132.0
112,長庚,電子工程學系,電子工程,31.0,124.0
112,長庚,資訊工程學系,資訊工程,37.25,149.0
112,長庚,生物醫學工程學系,生醫工程,36.41,154.75
112,長庚,人工智慧學系,,29.21,138.75
112,長庚,醫務管理學系,,35.86,125.5
112,長庚,工商管理學系(數智商務組),企業管理,28.0,84.0
112,長庚,工商管理學系(工商創業組),企業管理,22.67,68.0
112,長庚,工業設計學系,,27.56,124.0
112,長庚,資訊管理學系,資訊管理,32.93,123.5
112,長庚,數位金融科技學系(甲組),財務金融,35.0,192.5
112,長庚,數位金融科技學系(乙組),財務金融,26.09,143.5
113,長庚,醫學系(自費),醫學,54.6,273.0
113,長庚,醫學系(公費),醫學,52.0,260.0
113,長庚,中醫學系,中醫,54.4,272.0
113,長庚,護理學系,護理,40.0,200.0
113,長庚,醫學生物技術暨檢驗學系,,44.1,220.5
113,長庚,醫學影像暨放射科學系,,38.22,219.75
113,長庚,物理治療學系,物理治療,46.71,245.25
113,長庚,職能治療學系,職能治療,50.4,189.0
113,長庚,生物醫學系,生命科學,36.13,289.0
113,長庚,呼吸治療學系,,43.43,152.0
113,長庚,電機工程學系,電機工程,39.71,208.5
113,長庚,機械工程學系,機械工程,33.62,109.25
113,長庚,化工與材料工程學系,化學工程,37.0,148.0
113,長庚,電子工程學系,電子工程,35.75,143.0
113,長庚,資訊工程學系,資訊工程,39.5,158.0
113,長庚,生物醫學工程學系,生醫工程,37.88,161.0
113,長庚,人工智慧學系,,38.14,133.5
113,長庚,醫務管理學系,,36.43,127.5
113,長庚,工商管理學系(數智商務組),企業管理,27.0,108.0
113,長庚,工商管理學系(工商創業組),企業管理,25.25,101.0
113,長庚,工業設計學系,,29.0,116.0
113,長庚,資訊管理學系,資訊管理,34.53,146.75
113,長庚,數位金融科技學系(甲組),財務金融,38.2,191.0
113,長庚,數位金融科技學系(乙組),財務金融,30.5,122.0
114,長庚,醫學系(自費),醫學,54.8,274.0
114,長庚,醫學系(公費),醫學,53.0,265.0
114,長庚,中醫學系,中醫,53.8,269.0
114,長庚,護理學系,護理,40.88,163.5
114,長庚,醫學生物技術暨檢驗學系,,46.0,184.0
114,長庚,醫學影像暨放射科學系,,38.61,222.0
114,長庚,物理治療學系,物理治療,49.58,235.5
114,長庚,職能治療學系,職能治療,50.76,215.75
114,長庚,生物醫學系,生命科學,36.63,293.0
114,長庚,呼吸治療學系,,42.71,149.5
114,長庚,電機工程學系,電機工程,41.25,165.0
114,長庚,機械工程學系,機械工程,35.69,116.0
114,長庚,化工與材料工程學系(化學工程組),化學工程,38.6,193.0
114,長庚,化工與材料工程學系(材料工程組),化學工程,38.6,193.0
114,長庚,電子工程學系,電子工程,37.5,150.0
114,長庚,資訊工程學系,資訊工程,39.75,159.0
114,長庚,生物醫學工程學系,生醫工程,38.53,163.75
114,長庚,人工智慧學系,,38.29,134.0
114,長庚,醫務管理學系,,36.86,129.0
114,長庚,工商管理學系,企業管理,27.25,109.0
114,長庚,工業設計學系,,29.25,117.0
114,長庚,資訊管理學系,資訊管理,36.78,165.5
114,長庚,數位金融科技學系(甲組),財務金融,35.25,141.0
114,長庚,數位金融科技學系(乙組),財務金融,33.0,132.0
115,長庚,醫學系,醫學,53.8,269.0
115,長庚,中醫學系,中醫,53.2,266.0
115,長庚,護理學系,護理,38.38,153.5
115,長庚,醫學生物技術暨檢驗學系,,44.88,179.5
115,長庚,醫學影像暨放射科學系,,37.09,213.25
115,長庚,物理治療學系,物理治療,48.75,243.75
115,長庚,職能治療學系,職能治療,49.35,209.75
115,長庚,生物醫學系,生命科學,36.13,289.0
115,長庚,呼吸治療學系,,41.14,144.0
115,長庚,電機工程學系,電機工程,40.75,163.0
115,長庚,機械工程學系,機械工程,35.67,107.0
115,長庚,化工與材料工程學系(化學工程組),化學工程,37.4,187.0
115,長庚,化工與材料工程學系(材料工程組),化學工程,38.2,191.0
115,長庚,電子工程學系,電子工程,36.5,146.0
115,長庚,資訊工程學系,資訊工程,37.75,151.0
115,長庚,生物醫學工程學系,生醫工程,34.41,146.25
115,長庚,生物醫學工程學系(國際雙聯組),生醫工程,48.67,146.0
115,長庚,人工智慧學系,,37.33,112.0
115,長庚,醫務管理學系,,34.29,120.0
115,長庚,工商管理學系,企業管理,27.5,110.0
115,長庚,工業設計學系,,31.75,127.0
115,長庚,資訊管理學系,資訊管理,36.67,165.0
115,長庚,數位金融科技學系,財務金融,29.8,149.0
101,中教大,教育學系,,66.05,346.75
101,中教大,幼兒教育學系,,61.33,352.63
101,中教大,數學教育學系,數學,56.79,397.5
101,中教大,區域與社會發展學系,,71.71,573.7
101,中教大,語文教育學系,,63.15,410.5
101,中教大,特殊教育學系,,62.63,407.1
101,中教大,國際企業學系,國際企業,71.76,502.3
101,中教大,美術學系,,59.05,295.26
101,中教大,音樂學系(自費),,64.02,256.08
101,中教大,音樂學系(公費),,82.11,328.44
101,中教大,科學應用與推廣學系,,58.0,464.0
101,中教大,體育學系,,44.55,289.55
101,中教大,臺灣語文學系,,59.36,356.15
101,中教大,數位內容科技學系,,58.42,350.5
101,中教大,資訊工程學系,資訊工程,63.5,365.13
101,中教大,英語學系(自費),外文,69.04,345.2
101,中教大,英語學系(公費),外文,84.42,422.1
101,中教大,諮商與應用心理學系,心理,70.07,402.9
101,中教大,文化創意產業設計與營運學系,,66.18,430.2
102,中教大,教育學系,,66.86,351.03
102,中教大,幼兒教育學系,,63.14,363.08
102,中教大,數學教育學系,數學,52.31,366.2
102,中教大,區域與社會發展學系,,73.63,589.0
102,中教大,語文教育學系,,65.8,427.7
102,中教大,特殊教育學系,,63.85,415.05
102,中教大,國際企業學系,國際企業,71.16,355.78
102,中教大,美術學系,,60.2,301.0
102,中教大,音樂學系,,61.63,246.5
102,中教大,音樂學系(公費生),,82.42,329.66
102,中教大,科學應用與推廣學系,,50.24,401.9
102,中教大,體育學系,,42.28,274.82
102,中教大,臺灣語文學系,,59.35,356.1
102,中教大,數位內容科技學系,,53.35,320.1
102,中教大,資訊工程學系,資訊工程,58.18,334.55
102,中教大,英語學系,外文,70.08,350.4
102,中教大,英語學系(公費生),外文,87.21,436.07
102,中教大,諮商與應用心理學系,心理,69.53,399.8
102,中教大,文化創意產業設計與營運學系,,67.88,441.2
103,中教大,教育學系,,67.66,355.2
103,中教大,幼兒教育學系,,64.82,372.73
103,中教大,數學教育學系,數學,49.14,344.0
103,中教大,區域與社會發展學系,,74.83,598.6
103,中教大,語文教育學系,,66.17,430.1
103,中教大,特殊教育學系,,65.22,423.95
103,中教大,國際企業學系,國際企業,73.45,348.9
103,中教大,美術學系,,58.1,290.5
103,中教大,音樂學系,,43.48,173.92
103,中教大,科學教育與應用學系,,49.58,396.6
103,中教大,體育學系,,39.22,274.51
103,中教大,臺灣語文學系,,56.73,340.4
103,中教大,數位內容科技學系,,52.05,312.3
103,中教大,資訊工程學系,資訊工程,56.21,323.23
103,中教大,英語學系,外文,72.18,360.9
103,中教大,諮商與應用心理學系,心理,70.1,403.1
103,中教大,文化創意產業設計與營運學系,,69.18,449.7
104,中教大,教育學系,,61.97,325.33
104,中教大,教育學系(公費)-雲林縣,,78.15,410.28
104,中教大,幼兒教育學系,,59.85,344.13
104,中教大,數學教育學系,數學,40.63,284.4
104,中教大,區域與社會發展學系,,70.91,567.3
104,中教大,語文教育學系,,62.32,405.08
104,中教大,特殊教育學系,,58.65,381.2
104,中教大,國際企業學系,國際企業,61.83,293.7
104,中教大,美術學系,,55.14,275.68
104,中教大,音樂學系,,36.49,145.96
104,中教大,科學教育與應用學系,,46.89,375.1
104,中教大,體育學系,,40.35,322.84
104,中教大,臺灣語文學系,,54.37,326.2
104,中教大,數位內容科技學系,,41.98,251.9
104,中教大,資訊工程學系,資訊工程,49.5,284.65
104,中教大,英語學系,外文,66.84,334.2
104,中教大,諮商與應用心理學系,心理,59.91,344.5
104,中教大,文化創意產業設計與營運學系,,63.2,410.8
105,中教大,教育學系,,63.0,330.75
105,中教大,幼兒教育學系,,59.9,344.45
105,中教大,數學教育學系,數學,43.34,303.4
105,中教大,區域與社會發展學系,,64.56,516.5
105,中教大,語文教育學系,,61.73,401.25
105,中教大,特殊教育學系,,59.72,388.2
105,中教大,國際企業學系,國際企業,64.64,307.03
105,中教大,美術學系,,52.78,263.88
105,中教大,音樂學系,,47.06,188.24
105,中教大,科學教育與應用學系,,44.59,356.7
105,中教大,體育學系,,35.61,284.87
105,中教大,臺灣語文學系,,52.32,261.6
105,中教大,數位內容科技學系,,46.82,280.9
105,中教大,資訊工程學系,資訊工程,51.78,271.85
105,中教大,英語學系,外文,60.04,300.2
105,中教大,諮商與應用心理學系,心理,66.14,380.3
105,中教大,文化創意產業設計與營運學系,,61.71,401.1
106,中教大,教育學系,,65.37,343.18
106,中教大,幼兒教育學系,,64.08,368.48
106,中教大,數學教育學系,數學,43.94,307.6
106,中教大,區域與社會發展學系,,71.3,570.4
106,中教大,語文教育學系,,63.62,413.55
106,中教大,特殊教育學系,,62.35,405.3
106,中教大,國際企業學系,國際企業,66.52,315.95
106,中教大,美術學系,,56.14,280.7
106,中教大,音樂學系,,62.84,251.36
106,中教大,科學教育與應用學系,,48.09,384.7
106,中教大,體育學系,,37.71,301.67
106,中教大,臺灣語文學系,,57.96,289.8
106,中教大,數位內容科技學系,,47.6,261.8
106,中教大,資訊工程學系,資訊工程,52.39,275.05
106,中教大,英語學系,外文,65.1,325.5
106,中教大,諮商與應用心理學系,心理,66.92,384.8
106,中教大,文化創意產業設計與營運學系,,62.33,249.3
107,中教大,教育學系,,65.62,344.5
107,中教大,幼兒教育學系,,63.21,363.48
107,中教大,特殊教育學系,,62.3,404.93
107,中教大,語文教育學系,,64.64,420.14
107,中教大,區域與社會發展學系,,69.6,556.8
107,中教大,諮商與應用心理學系,心理,69.3,398.5
107,中教大,英語學系,外文,67.9,339.5
107,中教大,臺灣語文學系,,58.35,291.75
107,中教大,國際企業學系,國際企業,66.96,318.05
107,中教大,文化創意產業設計與營運學系,,62.55,250.2
107,中教大,數學教育學系,數學,50.3,352.1
107,中教大,科學教育與應用學系,,51.48,411.85
107,中教大,資訊工程學系,資訊工程,60.5,302.49
107,中教大,數位內容科技學系,,55.13,303.23
107,中教大,體育學系,,39.98,319.83
107,中教大,音樂學系,,62.53,250.1
107,中教大,美術學系,,55.84,279.19
108,中教大,教育學系,,70.22,368.65
108,中教大,幼兒教育學系,,70.47,405.19
108,中教大,特殊教育學系,,66.42,431.73
108,中教大,語文教育學系,,69.84,453.96
108,中教大,區域與社會發展學系,,73.28,586.2
108,中教大,諮商與應用心理學系,心理,74.79,430.05
108,中教大,英語學系,外文,71.04,355.2
108,中教大,台灣語文學系,,62.4,312.0
108,中教大,國際企業學系,國際企業,73.45,348.88
108,中教大,文化創意產業設計與營運學系,,68.88,275.5
108,中教大,體育學系,,44.02,352.17
108,中教大,數學教育學系(自費),數學,55.27,386.9
108,中教大,數學教育學系(公費)-臺南市,數學,80.41,562.86
108,中教大,科學教育與應用學系(自費),,59.48,475.8
108,中教大,科學教育與應用學系(公費)-嘉義縣、限原住民,,59.8,478.36
108,中教大,資訊工程學系(自費),資訊工程,62.32,311.58
108,中教大,資訊工程學系(公費)-臺南市,資訊工程,83.8,419.01
108,中教大,數位內容科技學系,,59.26,325.93
108,中教大,音樂學系,,65.64,262.55
108,中教大,美術學系,,58.03,290.15
109,中教大,教育學系,,63.78,334.82
109,中教大,特殊教育學系(自費),,58.78,382.08
109,中教大,特殊教育學系(公費)-雲林縣,,72.65,472.25
109,中教大,幼兒教育學系,,63.18,363.28
109,中教大,體育學系,,35.02,280.12
109,中教大,語文教育學系,,62.76,407.94
109,中教大,區域與社會發展學系,,69.08,552.6
109,中教大,諮商與應用心理學系,心理,66.49,382.3
109,中教大,美術學系,,54.09,270.43
109,中教大,音樂學系,,61.98,247.93
109,中教大,台灣語文學系,,57.77,288.85
109,中教大,英語學系(自費),外文,66.58,332.9
109,中教大,英語學系(公費)-臺中市,外文,77.55,465.3
109,中教大,數學教育學系,數學,50.13,350.9
109,中教大,科學教育與應用學系,,52.75,422.0
109,中教大,資訊工程學系,資訊工程,56.09,238.4
109,中教大,數位內容科技學系,,49.81,273.93
109,中教大,國際企業學系,國際企業,65.46,310.95
109,中教大,文化創意產業設計與營運學系,,60.85,243.4
110,中教大,教育學系,,66.06,346.8
110,中教大,特殊教育學系,,56.49,240.1
110,中教大,幼兒教育學系,,57.26,272.0
110,中教大,體育學系,,35.05,280.39
110,中教大,語文教育學系,,64.22,417.4
110,中教大,區域與社會發展學系,,69.28,554.2
110,中教大,諮商與應用心理學系,心理,66.49,382.3
110,中教大,美術學系,,57.08,285.4
110,中教大,音樂學系,,59.32,237.26
110,中教大,台灣語文學系,,57.85,289.25
110,中教大,英語學系,外文,62.95,314.76
110,中教大,數學教育學系,數學,41.0,287.0
110,中教大,科學教育與應用學系,,39.64,317.1
110,中教大,資訊工程學系,資訊工程,53.51,227.4
110,中教大,數位內容科技學系,,44.1,242.53
110,中教大,國際企業學系,國際企業,62.91,298.83
110,中教大,文化創意產業設計與營運學系,,59.78,478.2
111,中教大,教育學系,,28.45,156.5
111,中教大,特殊教育學系,,27.48,144.25
111,中教大,幼兒教育學系,,35.8,134.25
111,中教大,體育學系,,26.57,212.56
111,中教大,語文教育學系,,35.92,233.5
111,中教大,區域與社會發展學系,,37.88,303.0
111,中教大,諮商與應用心理學系,心理,39.41,266.0
111,中教大,美術學系,,47.52,237.6
111,中教大,音樂學系(自費),,54.36,217.44
111,中教大,音樂學系(公費),,61.29,245.14
111,中教大,台灣語文學系,,29.75,119.0
111,中教大,數學教育學系,數學,20.11,90.5
111,中教大,科學教育與應用學系,,13.75,110.0
111,中教大,資訊工程學系,資訊工程,31.35,133.25
111,中教大,數位內容科技學系,,29.45,162.0
111,中教大,國際企業學系,國際企業,35.89,170.5
111,中教大,文化創意產業設計與營運學系,,34.67,208.0
112,中教大,教育學系,,39.92,239.5
112,中教大,特殊教育學系,,35.75,143.0
112,中教大,幼兒教育學系,,40.0,150.0
112,中教大,體育學系,,29.92,239.35
112,中教大,語文教育學系,,40.04,260.25
112,中教大,區域與社會發展學系,,44.13,353.0
112,中教大,諮商與應用心理學系,心理,44.0,220.0
112,中教大,美術學系,,46.8,234.02
112,中教大,音樂學系,,48.91,244.56
112,中教大,台灣語文學系,,39.0,156.0
112,中教大,英語學系,外文,22.0,88.0
112,中教大,數學教育學系,數學,33.67,151.5
112,中教大,科學教育與應用學系,,28.43,199.0
112,中教大,資訊工程學系,資訊工程,37.08,120.5
112,中教大,數位內容科技學系,,37.0,166.5
112,中教大,國際企業學系,國際企業,38.21,181.5
112,中教大,文化創意產業設計與營運學系,,38.6,193.0
113,中教大,教育學系,,35.8,179.0
113,中教大,特殊教育學系,,34.25,137.0
113,中教大,幼兒教育學系,,38.22,172.0
113,中教大,體育學系,,27.09,216.68
113,中教大,語文教育學系,,37.08,241.0
113,中教大,區域與社會發展學系,,42.63,341.0
113,中教大,諮商與應用心理學系,心理,43.4,217.0
113,中教大,美術學系,,38.12,228.74
113,中教大,音樂學系,,41.84,209.2
113,中教大,台灣語文學系,,36.75,147.0
113,中教大,英語學系,外文,30.75,123.0
113,中教大,數學教育學系,數學,33.33,150.0
113,中教大,科學教育與應用學系,,29.86,209.0
113,中教大,資訊工程學系,資訊工程,39.86,139.5
113,中教大,數位內容科技學系,,36.0,162.0
113,中教大,國際企業學系,國際企業,39.33,147.5
113,中教大,文化創意產業設計與營運學系,,35.2,176.0
114,中教大,全校不分系學士學位學程,,39.92,129.75
114,中教大,教育學系,,36.5,182.5
114,中教大,特殊教育學系,,35.88,143.5
114,中教大,幼兒教育學系,,37.67,169.5
114,中教大,體育學系,,41.83,292.78
114,中教大,語文教育學系,,38.25,153.0
114,中教大,區域與社會發展學系,,40.29,282.0
114,中教大,諮商與應用心理學系,心理,43.6,218.0
114,中教大,美術學系,,45.74,228.7
114,中教大,音樂學系,,43.43,217.14
114,中教大,台灣語文學系,,31.33,94.0
114,中教大,英語學系,外文,36.5,146.0
114,中教大,數學教育學系,數學,32.67,147.0
114,中教大,科學教育與應用學系,,30.0,180.0
114,中教大,資訊工程學系,資訊工程,39.86,139.5
114,中教大,數位內容科技學系,,33.56,151.0
114,中教大,國際企業學系,國際企業,39.27,147.25
114,中教大,文化創意產業設計與營運學系,,33.0,165.0
115,中教大,全校不分系學士學位學程,,34.69,112.75
115,中教大,教育學系,,36.5,146.0
115,中教大,特殊教育學系,,37.0,148.0
115,中教大,幼兒教育學系,,37.44,168.5
115,中教大,體育學系,,46.36,278.18
115,中教大,語文教育學系,,42.0,168.0
115,中教大,區域與社會發展學系,,42.57,298.0
115,中教大,諮商與應用心理學系,心理,43.4,217.0
115,中教大,美術學系,,47.78,191.12
115,中教大,音樂學系,,29.0,87.0
115,中教大,臺灣語文學系,,40.0,120.0
115,中教大,英語學系,外文,38.75,155.0
115,中教大,數學教育學系,數學,34.0,136.0
115,中教大,科學教育與應用學系,,25.8,129.0
115,中教大,資訊工程學系,資訊工程,36.57,128.0
115,中教大,數位內容科技學系,,32.33,97.0
115,中教大,國際企業學系,國際企業,37.27,139.75
115,中教大,文化創意產業設計與營運學系,,33.8,169.0
101,北教大,教育經營與管理學系,,74.79,411.35
101,北教大,教育學系,,72.86,491.8
101,北教大,心理與諮商學系,心理,73.55,478.1
101,北教大,特殊教育學系(男),,71.22,356.1
101,北教大,特殊教育學系(女),,72.97,364.85
101,北教大,幼兒與家庭教育學系,,69.51,417.05
101,北教大,社會與區域發展學系,,71.36,499.55
101,北教大,兒童英語教育學系,外文,73.17,439.0
101,北教大,文化創意產業經營學系,,74.64,503.8
101,北教大,語文與創作學系語文師資組,,69.94,489.6
101,北教大,語文與創作學系文學創作組,,70.38,422.3
101,北教大,藝術與造形設計系藝術組(男),,68.85,413.1
101,北教大,藝術與造形設計系藝術組(女),,70.97,425.8
101,北教大,藝術與造形設計學系設計組,,76.84,365.0
101,北教大,音樂學系-鋼琴,,78.71,314.84
101,北教大,音樂學系-聲樂,,67.63,270.52
101,北教大,音樂學系-小提琴,,66.34,265.36
101,北教大,音樂學系-長笛,,76.22,304.86
101,北教大,音樂學系-中國傳統樂器,,61.96,247.82
101,北教大,體育學系(男),,50.84,355.9
101,北教大,體育學系(女),,46.49,325.43
101,北教大,資訊科學系,資訊工程,70.8,495.6
101,北教大,數學暨資訊教育系數學組(男),數學,68.08,374.45
101,北教大,數學暨資訊教育系數學組(女),數學,64.76,356.2
101,北教大,數學暨資訊教育系資訊組(男),數學,68.02,374.1
101,北教大,數學暨資訊教育系資訊組(女),數學,64.11,352.6
101,北教大,數位科技設計學系,,69.5,486.5
101,北教大,自然科學教育學系(男),,65.96,379.28
101,北教大,自然科學教育學系(女),,62.78,360.98
102,北教大,教育經營與管理學系,,73.03,401.65
102,北教大,教育學系,,73.81,498.2
102,北教大,心理與諮商學系,心理,74.96,487.25
102,北教大,特殊教育學系(男),,68.44,342.2
102,北教大,特殊教育學系(女),,73.17,365.85
102,北教大,特殊教育學系(公費生),,88.45,442.25
102,北教大,幼兒與家庭教育學系,,70.93,425.6
102,北教大,社會與區域發展學系,,72.96,510.7
102,北教大,兒童英語教育學系,外文,74.57,447.4
102,北教大,文化創意產業經營學系,,75.12,507.03
102,北教大,語文與創作學系語文師資組,,71.66,501.6
102,北教大,語文與創作學系文學創作組,,73.23,439.4
102,北教大,藝術與造形設計學系藝術組(男),,57.27,343.6
102,北教大,藝術與造形設計學系藝術組(女),,65.39,392.35
102,北教大,藝術與造形設計學系設計組,,76.36,362.73
102,北教大,音樂學系-鋼琴,,79.64,318.54
102,北教大,音樂學系-聲樂,,61.31,245.22
102,北教大,音樂學系-小提琴,,79.05,316.18
102,北教大,音樂學系-單簧管,,72.46,289.84
102,北教大,音樂學系-中國傳統樂器,,69.09,276.36
102,北教大,音樂學系(公費生),,82.68,330.72
102,北教大,體育學系(男),,52.29,366.06
102,北教大,體育學系(女),,47.06,329.43
102,北教大,資訊科學系,資訊工程,64.03,448.2
102,北教大,數學暨資訊教育學系數學組(男),數學,66.63,299.85
102,北教大,數學暨資訊教育學系數學組(女),數學,61.14,275.15
102,北教大,數學暨資訊教育學系資訊組(男),數學,64.17,288.75
102,北教大,數學暨資訊教育學系資訊組(女),數學,60.49,272.2
102,北教大,數位科技設計學系,,62.46,437.2
102,北教大,自然科學教育學系(男),,59.98,374.88
102,北教大,自然科學教育學系(女),,57.32,358.25
103,北教大,教育經營與管理學系,,74.44,409.4
103,北教大,教育學系,,74.76,504.65
103,北教大,心理與諮商學系,心理,75.68,491.95
103,北教大,特殊教育學系(男),,69.71,383.4
103,北教大,特殊教育學系(女),,74.75,411.15
103,北教大,幼兒與家庭教育學系,,71.76,430.55
103,北教大,社會與區域發展學系,,74.61,522.3
103,北教大,兒童英語教育學系,外文,75.22,451.3
103,北教大,兒童英語教育學系(公費生),外文,85.67,514.0
103,北教大,文化創意產業經營學系,,77.01,519.85
103,北教大,語文與創作學系語文師資組,,71.54,500.8
103,北教大,語文與創作學系語文師資組(公費生),,84.31,590.2
103,北教大,語文與創作學系文學創作組,,73.45,440.7
103,北教大,藝術與造形設計學系藝術組(自費男),,52.19,313.15
103,北教大,藝術與造形設計學系藝術組(自費女),,61.13,366.75
103,北教大,藝術與造形設計學系藝術組(公費生)-桃園縣,,68.83,413.0
103,北教大,藝術與造形設計學系藝術組(公費生)-雲林縣,,68.77,412.65
103,北教大,藝術與造形設計學系設計組,,76.47,363.23
103,北教大,音樂學系-鋼琴,,73.22,292.88
103,北教大,音樂學系-聲樂,,64.92,259.66
103,北教大,音樂學系-小提琴,,78.7,314.8
103,北教大,音樂學系-單簧管,,78.17,312.68
103,北教大,音樂學系-中國傳統樂器,,66.57,266.26
103,北教大,音樂學系(公費生),,82.76,331.02
103,北教大,體育學系(男),,50.17,351.2
103,北教大,體育學系(女),,45.52,318.63
103,北教大,資訊科學系,資訊工程,63.19,442.3
103,北教大,數學暨資訊教育學系數學組(男),數學,58.98,265.4
103,北教大,數學暨資訊教育學系數學組(女),數學,56.96,256.3
103,北教大,數學暨資訊教育學系資訊組(男),數學,58.84,264.8
103,北教大,數學暨資訊教育學系資訊組(女),數學,56.92,256.15
103,北教大,數位科技設計學系,,60.57,302.85
103,北教大,自然科學教育學系(男),,60.04,375.28
103,北教大,自然科學教育學系(女),,57.3,358.1
104,北教大,教育經營與管理學系,,63.2,347.6
104,北教大,教育學系,,65.9,444.8
104,北教大,心理與諮商學系,心理,68.4,444.6
104,北教大,特殊教育學系(男),,58.56,322.1
104,北教大,特殊教育學系(女),,64.55,355.05
104,北教大,特殊教育學系(公費)-臺北市,,77.75,427.65
104,北教大,特殊教育學系(公費)-桃園市,,78.17,429.95
104,北教大,幼兒與家庭教育學系,,65.42,392.5
104,北教大,幼兒與家庭教育學系(公費)-新北市,,75.61,453.65
104,北教大,社會與區域發展學系,,67.84,474.85
104,北教大,兒童英語教育學系,外文,67.08,402.5
104,北教大,兒童英語教育學系(公費特教)-桃園市,外文,79.1,474.6
104,北教大,兒童英語教育學系(公費)-桃園市,外文,78.8,472.8
104,北教大,文化創意產業經營學系,,68.97,396.6
104,北教大,語文與創作學系語文師資組,,65.31,457.2
104,北教大,語文與創作學系文學創作組,,70.32,421.9
104,北教大,藝術與造形設計學系藝術組(男),,53.39,373.7
104,北教大,藝術與造形設計學系藝術組(女),,57.96,405.75
104,北教大,藝術與造形設計學系設計組,,63.62,302.18
104,北教大,音樂學系-鋼琴,,64.46,257.84
104,北教大,音樂學系-聲樂,,66.21,264.84
104,北教大,音樂學系-小提琴,,67.76,271.02
104,北教大,音樂學系-中國傳統樂器,,74.26,297.02
104,北教大,音樂學系(公費)-桃園市,,73.85,295.38
104,北教大,體育學系(男),,51.53,360.73
104,北教大,體育學系(女),,45.42,317.93
104,北教大,資訊科學系,資訊工程,57.36,401.5
104,北教大,數學暨資訊教育學系數學組(男),數學,55.3,248.85
104,北教大,數學暨資訊教育學系數學組(女),數學,50.56,227.5
104,北教大,數學暨資訊教育學系資訊組(男),數學,54.86,246.85
104,北教大,數學暨資訊教育學系資訊組(女),數學,51.89,233.5
104,北教大,數位科技設計學系,,55.04,275.2
104,北教大,自然科學教育學系(男),,54.67,341.7
104,北教大,自然科學教育學系(女),,52.33,327.08
105,北教大,教育經營與管理學系,,62.87,345.8
105,北教大,教育學系,,68.27,460.85
105,北教大,心理與諮商學系,心理,70.88,425.28
105,北教大,特殊教育學系(男),,64.22,353.2
105,北教大,特殊教育學系(女),,68.32,375.75
105,北教大,特殊教育學系(公費)-桃園市,,83.56,459.6
105,北教大,幼兒與家庭教育學系,,64.17,385.0
105,北教大,社會與區域發展學系,,66.9,468.3
105,北教大,兒童英語教育學系,外文,67.08,402.5
105,北教大,文化創意產業經營學系,,67.84,390.1
105,北教大,語文與創作學系語文師資組,,64.31,450.2
105,北教大,語文與創作學系語文師資組(公費)-新竹市,,83.63,585.4
105,北教大,語文與創作學系文學創作組,,66.53,399.2
105,北教大,藝術與造形設計學系藝術組(男),,50.14,350.95
105,北教大,藝術與造形設計學系藝術組(女),,60.21,421.45
105,北教大,藝術與造形設計學系設計組,,69.87,331.9
105,北教大,音樂學系-鋼琴,,73.61,294.42
105,北教大,音樂學系-聲樂,,74.6,298.38
105,北教大,音樂學系-小提琴,,64.85,259.4
105,北教大,音樂學系(公費)-臺南市,,75.37,301.48
105,北教大,自然科學教育學系(男),,55.47,346.7
105,北教大,自然科學教育學系(女),,53.81,336.33
105,北教大,數學暨資訊教育學系數學組(男),數學,56.0,252.0
105,北教大,數學暨資訊教育學系數學組(女),數學,52.13,234.6
105,北教大,數學暨資訊教育學系數學組(公費)-新竹市,數學,83.06,373.75
105,北教大,數學暨資訊教育學系資訊組(男),數學,56.68,255.05
105,北教大,數學暨資訊教育學系資訊組(女),數學,54.68,246.05
105,北教大,資訊科學系,資訊工程,59.53,416.7
105,北教大,數位科技設計學系,,57.13,285.65
105,北教大,體育學系(男),,48.13,336.93
105,北教大,體育學系(女),,46.57,326.02
106,北教大,教育經營與管理學系,,65.23,358.75
106,北教大,教育學系,,69.74,470.75
106,北教大,教育學系(公費)-雲林縣,,81.04,607.8
106,北教大,心理與諮商學系,心理,73.34,440.03
106,北教大,特殊教育學系(男),,67.28,370.05
106,北教大,特殊教育學系(女),,69.83,384.05
106,北教大,幼兒與家庭教育學系,,66.38,398.25
106,北教大,社會與區域發展學系,,69.74,488.15
106,北教大,兒童英語教育學系,外文,69.0,414.0
106,北教大,兒童英語教育學系(公費)-臺南市,外文,83.25,499.5
106,北教大,文化創意產業經營學系,,71.05,444.05
106,北教大,語文與創作學系語文師資組,,67.59,422.43
106,北教大,語文與創作學系文學創作組,,69.44,364.58
106,北教大,藝術與造形設計學系藝術組(男),,51.59,361.15
106,北教大,藝術與造形設計學系藝術組(女),,59.3,415.1
106,北教大,藝術與造形設計學系設計組,,71.27,338.55
106,北教大,音樂學系-鋼琴,,64.95,259.8
106,北教大,音樂學系-聲樂,,61.59,246.34
106,北教大,音樂學系-小提琴,,69.89,279.54
106,北教大,音樂學系(公費)-花蓮縣,,71.9,287.6
106,北教大,自然科學教育學系(男),,55.99,349.95
106,北教大,自然科學教育學系(女),,52.76,329.75
106,北教大,數學暨資訊教育學系數學組(男),數學,55.59,250.15
106,北教大,數學暨資訊教育學系數學組(女),數學,51.68,232.55
106,北教大,數學暨資訊教育學系資訊組(男),數學,55.74,250.85
106,北教大,數學暨資訊教育學系資訊組(女),數學,51.71,232.7
106,北教大,數學暨資訊教育學系資訊組(公費-層林)-臺南市,數學,81.33,427.0
106,北教大,數學暨資訊教育學系資訊組(公費-北寮)-臺南市,數學,83.84,670.7
106,北教大,數學暨資訊教育學系資訊組(公費-甲中)-臺南市,數學,81.84,654.7
106,北教大,資訊科學系,資訊工程,60.39,422.7
106,北教大,數位科技設計學系,,57.32,286.6
106,北教大,體育學系(男),,52.98,370.85
106,北教大,體育學系(女),,46.47,325.26
107,北教大,教育經營與管理學系,,65.5,360.23
107,北教大,教育學系,,69.66,435.35
107,北教大,心理與諮商學系,心理,73.07,438.41
107,北教大,特殊教育學系(男),,67.27,370.0
107,北教大,特殊教育學系(女),,69.91,384.5
107,北教大,幼兒與家庭教育學系,,67.02,402.1
107,北教大,社會與區域發展學系,,69.18,484.25
107,北教大,兒童英語教育學系,外文,67.7,406.2
107,北教大,文化創意產業經營學系,,70.49,440.55
107,北教大,語文與創作學系語文師資組,,68.02,425.15
107,北教大,語文與創作學系文學創作組,,71.2,373.8
107,北教大,藝術與造形設計學系藝術組(自費)(男),,44.49,311.45
107,北教大,藝術與造形設計學系藝術組(自費)(女),,53.68,375.75
107,北教大,藝術與造形設計學系藝術組(公費)-高雄市,,65.71,460.0
107,北教大,藝術與造形設計學系設計組,,71.55,339.85
107,北教大,音樂學系-鋼琴,,69.23,276.92
107,北教大,音樂學系-綜合樂器,,78.75,314.99
107,北教大,自然科學教育學系(自費)(男),,58.24,364.0
107,北教大,自然科學教育學系(自費)(女),,55.88,349.25
107,北教大,自然科學教育學系(公費)-臺北市,,79.54,497.1
107,北教大,數學暨資訊教育學系數學組(男),數學,64.49,290.2
107,北教大,數學暨資訊教育學系數學組(女),數學,59.6,268.2
107,北教大,數學暨資訊教育學系資訊組(男),數學,65.18,293.3
107,北教大,數學暨資訊教育學系資訊組(女),數學,61.38,276.2
107,北教大,資訊科學系,資訊工程,63.79,446.5
107,北教大,數位科技設計學系,,61.49,307.45
107,北教大,體育學系(男),,51.71,362.0
107,北教大,體育學系(女),,47.25,330.76
108,北教大,教育學系,,74.22,463.9
108,北教大,教育經營與管理學系,,72.1,396.55
108,北教大,幼兒與家庭教育學系,,71.21,427.28
108,北教大,特殊教育學系(男),,74.78,411.3
108,北教大,特殊教育學系(女),,76.55,421.0
108,北教大,心理與諮商學系,心理,75.13,450.8
108,北教大,社會與區域發展學系,,71.8,502.6
108,北教大,兒童英語教育學系,外文,71.55,429.3
108,北教大,文化創意產業經營學系,,73.52,459.53
108,北教大,語文與創作學系語文師資組,,71.73,448.33
108,北教大,語文與創作學系文學創作組,,75.62,396.99
108,北教大,藝術與造形設計學系藝術組,,70.62,423.7
108,北教大,藝術與造形設計學系設計組,,76.12,361.55
108,北教大,音樂學系-鋼琴,,75.52,302.09
108,北教大,音樂學系-綜合樂器,,73.02,292.06
108,北教大,數學暨資訊教育學系數學組(男),數學,66.82,300.7
108,北教大,數學暨資訊教育學系數學組(女),數學,66.0,297.02
108,北教大,數學暨資訊教育學系資訊組(男),數學,66.96,301.3
108,北教大,數學暨資訊教育學系資訊組(女),數學,65.42,294.4
108,北教大,自然科學教育學系(自費)(男),,62.56,391.03
108,北教大,自然科學教育學系(自費)(女),,61.14,382.14
108,北教大,自然科學教育學系(公費)-臺中市,,85.09,531.8
108,北教大,資訊科學系,資訊工程,63.7,445.9
108,北教大,數位科技設計學系,,63.1,315.5
108,北教大,體育學系(男),,55.53,388.71
108,北教大,體育學系(女),,53.31,373.14
109,北教大,教育學系,,68.33,427.08
109,北教大,教育經營與管理學系,,68.43,376.35
109,北教大,幼兒與家庭教育學系,,65.69,394.15
109,北教大,特殊教育學系(男),,64.95,357.2
109,北教大,特殊教育學系(女),,67.16,369.36
109,北教大,心理與諮商學系,心理,69.3,415.8
109,北教大,社會與區域發展學系,,68.89,482.2
109,北教大,兒童英語教育學系(自費),外文,65.88,395.3
109,北教大,兒童英語教育學系(公費)-花蓮縣,外文,74.18,445.1
109,北教大,文化創意產業經營學系,,69.17,432.3
109,北教大,語文與創作學系語文師資組,,65.94,412.11
109,北教大,語文與創作學系文學創作組,,72.63,381.31
109,北教大,藝術與造形設計學系藝術組(自費),,64.41,322.03
109,北教大,藝術與造形設計學系藝術組(公費)-高雄市,,72.82,364.08
109,北教大,藝術與造形設計學系設計組,,64.97,308.6
109,北教大,音樂學系(自費),,73.78,295.1
109,北教大,音樂學系(公費)-高雄市,,78.02,312.06
109,北教大,數學暨資訊教育學系數學組(男),數學,56.9,256.05
109,北教大,數學暨資訊教育學系數學組(女),數學,56.09,252.4
109,北教大,數學暨資訊教育學系資訊組(男),數學,56.36,239.55
109,北教大,數學暨資訊教育學系資訊組(女),數學,54.24,230.5
109,北教大,自然科學教育學系(男),,56.68,354.26
109,北教大,自然科學教育學系(女),,55.62,347.61
109,北教大,資訊科學系,資訊工程,58.11,406.8
109,北教大,數位科技設計學系,,55.16,275.78
109,北教大,體育學系(男),,50.41,352.9
109,北教大,體育學系(女),,42.93,300.5
110,北教大,教育學系,,69.35,433.45
110,北教大,教育經營與管理學系,,67.91,373.48
110,北教大,幼兒與家庭教育學系,,66.96,401.75
110,北教大,特殊教育學系(男),,63.45,349.0
110,北教大,特殊教育學系(女),,68.15,374.8
110,北教大,心理與諮商學系,心理,73.19,439.15
110,北教大,社會與區域發展學系,,70.55,493.85
110,北教大,兒童英語教育學系,外文,68.19,409.14
110,北教大,語文與創作學系語文師資組,,67.9,424.36
110,北教大,語文與創作學系文學創作組,,71.38,374.73
110,北教大,文化創意產業經營學系,,70.1,438.13
110,北教大,藝術與造形設計學系設計組,,66.29,314.88
110,北教大,藝術與造形設計學系藝術組,,67.54,405.25
110,北教大,音樂學系,,80.62,322.47
110,北教大,數學暨資訊教育學系數學組,數學,54.46,245.05
110,北教大,數學暨資訊教育學系人工智慧與資訊教育組,數學,56.51,268.4
110,北教大,自然科學教育學系(男),,49.13,307.05
110,北教大,自然科學教育學系(女),,50.87,317.95
110,北教大,資訊科學系,資訊工程,55.36,387.5
110,北教大,數位科技設計學系,,52.25,261.23
110,北教大,體育學系(男),,48.33,338.33
110,北教大,體育學系(女),,43.44,304.06
111,北教大,教育學系,,38.72,242.0
111,北教大,教育經營與管理學系,,37.09,204.0
111,北教大,幼兒與家庭教育學系,,36.0,216.0
111,北教大,特殊教育學系(文組),,38.08,228.5
111,北教大,特殊教育學系(理組),,27.42,164.5
111,北教大,心理與諮商學系,心理,44.04,264.25
111,北教大,社會與區域發展學系,,38.5,269.5
111,北教大,兒童英語教育學系,外文,43.8,219.0
111,北教大,語文與創作學系語文師資組,,34.04,212.75
111,北教大,語文與創作學系文學創作組,,34.86,183.0
111,北教大,文化創意產業經營學系,,35.31,229.5
111,北教大,藝術與造形設計學系設計組,,34.04,195.75
111,北教大,藝術與造形設計學系藝術組,,35.7,178.5
111,北教大,音樂學系,,63.93,255.72
111,北教大,數學暨資訊教育學系數學組,數學,30.78,138.5
111,北教大,數學暨資訊教育學系人工智慧與資訊教育組,數學,34.16,162.25
111,北教大,自然科學教育學系,,13.1,68.75
111,北教大,數位科技設計學系創意設計組,,43.0,150.5
111,北教大,數位科技設計學系資訊應用組,,29.25,117.0
111,北教大,資訊科學系,資訊工程,32.29,226.0
111,北教大,體育學系(男),,45.31,294.54
111,北教大,體育學系(女),,44.57,289.72
112,北教大,教育學系,,41.32,258.25
112,北教大,教育經營與管理學系,,40.27,221.5
112,北教大,幼兒與家庭教育學系,,40.5,243.0
112,北教大,特殊教育學系(文組),,42.25,253.5
112,北教大,特殊教育學系(理組),,36.92,221.5
112,北教大,心理與諮商學系,心理,44.08,264.5
112,北教大,社會與區域發展學系,,41.64,291.5
112,北教大,兒童英語教育學系,外文,41.8,209.0
112,北教大,語文與創作學系語文師資組,,41.68,260.5
112,北教大,語文與創作學系文學創作組,,44.48,233.5
112,北教大,文化創意產業經營學系,,43.0,279.5
112,北教大,藝術與造形設計學系設計組,,37.3,214.5
112,北教大,藝術與造形設計學系藝術組,,39.2,196.0
112,北教大,數學暨資訊教育學系數學組,數學,37.44,168.5
112,北教大,數學暨資訊教育學系人工智慧與資訊教育組,數學,37.95,180.25
112,北教大,自然科學教育學系,,31.57,221.0
112,北教大,數位科技設計學系(創意設計組),,46.0,138.0
112,北教大,數位科技設計學系(資訊應用組),,38.63,154.5
112,北教大,資訊科學系,資訊工程,38.29,268.0
112,北教大,體育學系(男),,46.62,303.0
112,北教大,體育學系(女),,41.16,267.56
113,北教大,教育學系,,41.24,257.75
113,北教大,教育經營與管理學系,,39.45,217.0
113,北教大,幼兒與家庭教育學系,,38.92,233.5
113,北教大,特殊教育學系(文組),,40.25,241.5
113,北教大,特殊教育學系(理組),,36.67,220.0
113,北教大,心理與諮商學系,心理,43.42,260.5
113,北教大,社會與區域發展學系,,40.0,280.0
113,北教大,兒童英語教育學系,外文,40.0,200.0
113,北教大,語文與創作學系語文師資組,,39.71,208.5
113,北教大,語文與創作學系文學創作組,,43.24,183.75
113,北教大,文化創意產業經營學系,,42.85,278.5
113,北教大,藝術與造形設計學系設計組,,35.61,204.75
113,北教大,藝術與造形設計學系藝術組,,36.3,181.5
113,北教大,數學暨資訊教育學系數學組,數學,40.33,181.5
113,北教大,數學暨資訊教育學系人工智慧與資訊教育組,數學,40.58,192.75
113,北教大,自然科學教育學系,,35.71,250.0
113,北教大,數位科技設計學系(創意設計組),,46.67,140.0
113,北教大,數位科技設計學系(資訊應用組),,41.38,165.5
113,北教大,資訊科學系,資訊工程,38.86,272.0
113,北教大,體育學系(男),,30.63,199.07
113,北教大,體育學系(女),,23.41,152.17
114,北教大,教育學系,,40.88,255.5
114,北教大,教育經營與管理學系,,37.91,208.5
114,北教大,幼兒與家庭教育學系,,37.3,186.5
114,北教大,特殊教育學系(文組),,39.92,239.5
114,北教大,特殊教育學系(理組),,34.5,207.0
114,北教大,心理與諮商學系,心理,43.63,261.75
114,北教大,社會與區域發展學系,,43.63,174.5
114,北教大,兒童英語教育學系,外文,40.6,203.0
114,北教大,語文與創作學系語文師資組,,36.81,193.25
114,北教大,語文與創作學系文學創作組,,40.82,173.5
114,北教大,文化創意產業經營學系,,40.31,262.0
114,北教大,藝術與造形設計學系設計組,,33.0,189.75
114,北教大,藝術與造形設計學系藝術組,,33.1,165.5
114,北教大,數學暨資訊教育學系數學組,數學,38.0,171.0
114,北教大,數學暨資訊教育學系人工智慧與資訊教育組,數學,38.79,184.25
114,北教大,自然科學教育學系,,37.83,227.0
114,北教大,數位科技設計學系(創意設計組),,45.0,135.0
114,北教大,數位科技設計學系(資訊應用組),,40.63,162.5
114,北教大,資訊科學系,資訊工程,39.5,237.0
114,北教大,體育學系(男),,39.21,294.05
114,北教大,體育學系(女),,31.36,235.2
115,北教大,教育學系,,40.2,251.25
115,北教大,教育經營與管理學系,,36.9,184.5
115,北教大,幼兒與家庭教育學系,,36.7,183.5
115,北教大,特殊教育學系(文組),,40.17,241.0
115,北教大,特殊教育學系(理組),,31.58,189.5
115,北教大,心理與諮商學系,心理,42.46,254.75
115,北教大,社會與區域發展學系,,43.0,172.0
115,北教大,兒童英語教育學系,外文,39.6,198.0
115,北教大,語文與創作學系語文師資組,,38.52,202.25
115,北教大,語文與創作學系文學創作組,,42.24,179.5
115,北教大,文化創意產業經營學系,,41.85,272.0
115,北教大,藝術與造形設計學系設計組,,33.0,189.75
115,北教大,藝術與造形設計學系藝術組,,34.5,172.5
115,北教大,台灣語言與文化學系,化學,40.67,122.0
115,北教大,數學暨資訊教育學系數學組,數學,35.0,140.0
115,北教大,數學暨資訊教育學系人工智慧與資訊教育組,數學,35.75,143.0
115,北教大,自然科學教育學系,,34.5,207.0
115,北教大,數位科技設計學系(創意設計組),,44.67,134.0
115,北教大,數位科技設計學系(資訊應用組),,37.25,149.0
115,北教大,資訊科學系,資訊工程,36.67,220.0
115,北教大,體育學系(男),,35.98,215.88
115,北教大,體育學系(女),,31.79,190.71
101,台南大,教育學系,,61.93,402.55
101,台南大,諮商與輔導學系,,70.85,389.65
101,台南大,特殊教育學系,,62.11,372.65
101,台南大,幼兒教育學系,,60.33,362.0
101,台南大,體育學系,,46.11,368.86
101,台南大,國語文學系,,61.88,371.3
101,台南大,英語學系,外文,67.8,423.75
101,台南大,行政管理學系,,69.49,416.95
101,台南大,文化與自然資源學系,,63.64,318.2
101,台南大,音樂學系-鋼琴,,62.83,251.3
101,台南大,音樂學系-聲樂,,55.27,221.08
101,台南大,音樂學系-小提琴,,54.87,219.46
101,台南大,音樂學系-大提琴,,47.29,189.14
101,台南大,音樂學系-小號,,55.43,221.7
101,台南大,音樂學系-法國號,,55.49,221.94
101,台南大,音樂學系-薩克斯管,,59.46,237.84
101,台南大,音樂學系-長笛,,64.79,259.16
101,台南大,音樂學系-單簧管,,63.8,255.2
101,台南大,音樂學系-擊樂,,62.59,250.34
101,台南大,美術學系,,57.42,344.5
101,台南大,戲劇創作與應用學系(男),,58.99,442.4
101,台南大,戲劇創作與應用學系(女),,61.21,459.1
101,台南大,應用數學系,數學,61.15,428.05
101,台南大,數位學習科技學系,,61.02,442.43
101,台南大,資訊工程學系,資訊工程,65.85,493.9
101,台南大,電機工程學系,電機工程,67.58,337.9
101,台南大,材料科學系,材料,66.63,399.75
101,台南大,經營與管理學系,,70.29,527.15
101,台南大,綠色能源科技學系,,65.49,491.2
101,台南大,生物科技學系,,64.23,449.6
101,台南大,生態科學與技術學系,,61.86,433.0
102,台南大,教育學系,,63.57,413.2
102,台南大,諮商與輔導學系,,68.98,379.4
102,台南大,特殊教育學系,,62.1,372.6
102,台南大,幼兒教育學系,,61.44,307.2
102,台南大,幼兒教育學系(公費生),,84.48,422.4
102,台南大,體育學系,,47.23,377.84
102,台南大,國語文學系,,62.95,377.7
102,台南大,英語學系,外文,68.12,425.75
102,台南大,行政管理學系,,70.17,421.0
102,台南大,文化與自然資源學系,,67.07,469.5
102,台南大,音樂學系-鋼琴,,53.2,212.8
102,台南大,音樂學系-聲樂,,63.28,253.12
102,台南大,音樂學系-小提琴,,59.92,239.66
102,台南大,音樂學系-大提琴,,45.86,183.44
102,台南大,音樂學系-小號,,53.06,212.24
102,台南大,音樂學系-上低音號,,62.93,251.72
102,台南大,音樂學系-單簧管,,60.21,240.84
102,台南大,音樂學系-擊樂,,52.33,209.32
102,台南大,音樂學系(公費生),,82.96,331.82
102,台南大,美術學系,,60.97,304.84
102,台南大,戲劇創作與應用學系(男),,62.0,465.0
102,台南大,戲劇創作與應用學系(女),,63.73,478.0
102,台南大,應用數學系,數學,53.56,374.9
102,台南大,數位學習科技學系,,58.54,307.35
102,台南大,資訊工程學系,資訊工程,59.65,447.4
102,台南大,電機工程學系,電機工程,60.38,301.9
102,台南大,材料科學系,材料,59.19,355.15
102,台南大,經營與管理學系,,69.81,523.6
102,台南大,綠色能源科技學系,,57.35,372.75
102,台南大,生物科技學系,,62.16,435.15
102,台南大,生態科學與技術學系,,59.26,414.8
103,台南大,教育學系,,62.95,409.15
103,台南大,諮商與輔導學系,,71.22,391.7
103,台南大,特殊教育學系,,61.93,371.6
103,台南大,幼兒教育學系,,61.02,320.35
103,台南大,體育學系,,44.99,359.88
103,台南大,國語文學系,,62.56,375.38
103,台南大,英語學系,外文,70.84,371.9
103,台南大,行政管理學系,,71.38,428.25
103,台南大,文化與自然資源學系,,68.86,482.0
103,台南大,音樂學系-鋼琴,,60.45,241.8
103,台南大,音樂學系-聲樂,,54.01,216.04
103,台南大,音樂學系-小提琴,,62.16,248.62
103,台南大,音樂學系-中提琴,,51.47,205.88
103,台南大,音樂學系-大提琴,,58.81,235.24
103,台南大,音樂學系-長笛,,66.13,264.5
103,台南大,音樂學系-擊樂,,48.24,192.96
103,台南大,音樂學系-薩克斯管,,60.79,243.14
103,台南大,視覺藝術與設計學系,,60.94,304.7
103,台南大,戲劇創作與應用學系(男),,59.37,445.3
103,台南大,戲劇創作與應用學系(女),,64.05,480.4
103,台南大,應用數學系,數學,51.06,357.4
103,台南大,數位學習科技學系,,54.79,287.65
103,台南大,資訊工程學系,資訊工程,58.18,436.35
103,台南大,電機工程學系,電機工程,60.46,347.65
103,台南大,材料科學系,材料,57.86,347.15
103,台南大,經營與管理學系,,71.47,536.05
103,台南大,綠色能源科技學系,,54.52,354.35
103,台南大,生物科技學系,,58.2,407.4
103,台南大,生態科學與技術學系,,53.71,375.95
104,台南大,教育學系,,55.84,362.95
104,台南大,諮商與輔導學系,,60.74,334.05
104,台南大,特殊教育學系,,56.23,337.35
104,台南大,幼兒教育學系,,56.75,354.7
104,台南大,體育學系,,50.73,355.14
104,台南大,國語文學系,,57.68,346.08
104,台南大,英語學系,外文,65.76,345.25
104,台南大,行政管理學系,,63.49,380.95
104,台南大,文化與自然資源學系,,63.37,443.6
104,台南大,音樂學系,,55.3,221.18
104,台南大,視覺藝術與設計學系,,58.16,290.8
104,台南大,戲劇創作與應用學系(男),,54.75,410.65
104,台南大,戲劇創作與應用學系(女),,60.51,453.8
104,台南大,應用數學系,數學,43.08,301.55
104,台南大,數位學習科技學系,,47.05,247.0
104,台南大,資訊工程學系,資訊工程,52.33,392.5
104,台南大,電機工程學系,電機工程,56.17,323.0
104,台南大,材料科學系,材料,53.7,322.2
104,台南大,經營與管理學系,,62.17,466.25
104,台南大,綠色能源科技學系,,48.37,314.4
104,台南大,生物科技學系,,53.12,371.85
104,台南大,生態科學與技術學系,,49.32,345.25
105,台南大,教育學系,,56.09,364.6
105,台南大,諮商與輔導學系,,62.55,344.0
105,台南大,特殊教育學系,,55.25,359.1
105,台南大,幼兒教育學系,,54.72,355.7
105,台南大,體育學系,,44.26,309.84
105,台南大,國語文學系,,55.78,334.68
105,台南大,英語學系,外文,62.21,326.6
105,台南大,行政管理學系,,63.58,381.45
105,台南大,文化與自然資源學系,,60.23,421.6
105,台南大,音樂學系,,44.71,178.82
105,台南大,視覺藝術與設計學系,,55.32,276.6
105,台南大,戲劇創作與應用學系(男),,54.19,406.4
105,台南大,戲劇創作與應用學系(女),,59.34,445.05
105,台南大,應用數學系,數學,46.28,185.1
105,台南大,數位學習科技學系,,46.69,245.1
105,台南大,資訊工程學系,資訊工程,53.51,401.3
105,台南大,電機工程學系,電機工程,56.02,322.1
105,台南大,材料科學系,材料,53.78,322.7
105,台南大,經營與管理學系,,64.23,481.75
105,台南大,綠色能源科技學系,,48.92,318.0
105,台南大,生物科技學系,,52.26,365.85
105,台南大,生態科學與技術學系,,48.01,336.05
106,台南大,教育學系,,57.94,376.6
106,台南大,諮商與輔導學系,,64.69,355.8
106,台南大,特殊教育學系,,56.39,366.55
106,台南大,幼兒教育學系,,58.2,378.3
106,台南大,體育學系,,50.77,355.38
106,台南大,國語文學系,,57.96,347.75
106,台南大,英語學系,外文,64.67,339.53
106,台南大,文化與自然資源學系,,64.14,449.0
106,台南大,音樂學系,,54.08,216.3
106,台南大,視覺藝術與設計學系,,55.48,277.4
106,台南大,戲劇創作與應用學系(男),,52.54,394.05
106,台南大,戲劇創作與應用學系(女),,58.45,438.4
106,台南大,應用數學系,數學,46.59,279.55
106,台南大,應用數學系(公費)-臺東縣,數學,75.21,451.25
106,台南大,數位學習科技學系,,45.82,240.55
106,台南大,資訊工程學系,資訊工程,56.04,420.3
106,台南大,電機工程學系,電機工程,57.72,346.3
106,台南大,材料科學系,材料,56.39,338.35
106,台南大,綠色能源科技學系,,48.79,317.15
106,台南大,生物科技學系,,50.8,355.6
106,台南大,生態暨環境資源學系,,45.09,315.6
106,台南大,行政管理學系,,64.64,387.85
106,台南大,經營與管理學系,,65.42,490.65
107,台南大,教育學系,,58.77,382.03
107,台南大,諮商與輔導學系,,64.23,353.25
107,台南大,特殊教育學系,,56.75,368.88
107,台南大,幼兒教育學系,,57.98,376.9
107,台南大,體育學系,,52.71,368.98
107,台南大,國語文學系,,57.87,376.15
107,台南大,英語學系,外文,63.46,396.6
107,台南大,文化與自然資源學系,,63.66,445.6
107,台南大,音樂學系(自費),,56.84,227.37
107,台南大,音樂學系(公費-臺南市),,85.89,343.56
107,台南大,音樂學系(公費-高雄市),,79.64,318.54
107,台南大,視覺藝術與設計學系,,55.72,278.6
107,台南大,戲劇創作與應用學系(男),,54.11,405.8
107,台南大,戲劇創作與應用學系(女),,60.95,457.1
107,台南大,應用數學系,數學,53.07,318.4
107,台南大,數位學習科技學系,,55.7,292.41
107,台南大,資訊工程學系,資訊工程,61.31,459.8
107,台南大,電機工程學系,電機工程,61.99,371.95
107,台南大,材料科學系,材料,59.33,355.95
107,台南大,綠色能源科技學系,,55.07,302.9
107,台南大,生物科技學系,,52.52,367.65
107,台南大,生態暨環境資源學系,,45.58,319.08
107,台南大,行政管理學系,,63.49,380.95
107,台南大,經營與管理學系,,65.11,488.3
108,台南大,教育學系,,63.71,414.1
108,台南大,諮商與輔導學系,,71.96,395.8
108,台南大,特殊教育學系,,62.04,403.25
108,台南大,幼兒教育學系,,63.74,414.28
108,台南大,體育學系,,54.12,378.82
108,台南大,國語文學系,,65.15,276.88
108,台南大,英語學系(自費),外文,69.85,366.7
108,台南大,英語學系(公費)-臺南市,外文,79.57,557.0
108,台南大,文化與自然資源學系,,69.58,417.45
108,台南大,音樂學系,,50.46,201.82
108,台南大,視覺藝術與設計學系,,60.55,302.75
108,台南大,戲劇創作與應用學系(男),,59.18,443.85
108,台南大,戲劇創作與應用學系(女),,65.15,488.6
108,台南大,應用數學系,數學,56.49,338.95
108,台南大,數位學習科技學系,,61.25,321.56
108,台南大,資訊工程學系,資訊工程,62.39,467.9
108,台南大,電機工程學系,電機工程,63.4,380.4
108,台南大,材料科學系,材料,62.7,376.2
108,台南大,綠色能源科技學系,,57.21,314.65
108,台南大,生物科技學系,,60.49,423.45
108,台南大,生態暨環境資源學系,,54.26,379.8
108,台南大,行政管理學系,,70.84,425.05
108,台南大,經營與管理學系,,68.36,512.7
109,台南大,教育學系,,56.64,368.15
109,台南大,諮商與輔導學系,,62.89,345.88
109,台南大,特殊教育學系,,54.67,300.7
109,台南大,幼兒教育學系,,56.11,364.73
109,台南大,體育學系,,46.01,322.1
109,台南大,國語文學系,,55.56,236.15
109,台南大,英語學系,外文,65.5,343.9
109,台南大,文化與自然資源學系,,66.09,396.55
109,台南大,音樂學系(自費),,40.73,162.9
109,台南大,音樂學系(公費)-高雄市,,78.6,314.41
109,台南大,音樂學系(公費)-雲林縣,,83.64,334.56
109,台南大,視覺藝術與設計學系,,51.78,258.9
109,台南大,戲劇創作與應用學系(男),,51.06,382.95
109,台南大,戲劇創作與應用學系(女),,56.28,422.1
109,台南大,應用數學系,數學,47.06,211.75
109,台南大,數位學習科技學系(自然組),,54.83,287.86
109,台南大,資訊工程學系,資訊工程,56.22,365.4
109,台南大,電機工程學系,電機工程,58.39,350.35
109,台南大,材料科學系,材料,57.09,342.55
109,台南大,綠色能源科技學系,,50.43,277.35
109,台南大,生物科技學系,,52.01,364.05
109,台南大,數位學習科技學系(社會組),,66.71,350.25
109,台南大,生態暨環境資源學系,,53.46,213.85
109,台南大,行政管理學系,,63.78,382.65
109,台南大,經營與管理學系,,60.78,364.7
110,台南大,教育學系,,56.72,368.68
110,台南大,諮商與輔導學系,,62.94,346.18
110,台南大,特殊教育學系,,52.18,287.0
110,台南大,幼兒教育學系,,53.32,346.58
110,台南大,體育學系,,44.09,264.52
110,台南大,國語文學系,,55.77,348.58
110,台南大,英語學系,外文,63.89,335.4
110,台南大,文化與自然資源學系,,67.12,402.7
110,台南大,音樂學系,,48.63,194.5
110,台南大,視覺藝術與設計學系,,54.24,271.2
110,台南大,戲劇創作與應用學系(男),,50.53,379.0
110,台南大,戲劇創作與應用學系(女),,60.37,452.8
110,台南大,應用數學系,數學,41.01,246.05
110,台南大,數位學習科技學系(社會組),,63.55,333.65
110,台南大,數位學習科技學系(自然組),,53.3,279.85
110,台南大,資訊工程學系,資訊工程,51.98,285.9
110,台南大,電機工程學系,電機工程,52.85,290.65
110,台南大,材料科學系,材料,51.26,307.55
110,台南大,綠色能源科技學系,,39.66,158.65
110,台南大,生物科技學系,,46.11,322.75
110,台南大,生態暨環境資源學系,,54.28,162.85
110,台南大,行政管理學系,,64.76,388.53
110,台南大,經營與管理學系,,61.27,275.7
111,台南大,教育學系,,34.42,206.5
111,台南大,諮商與輔導學系,,36.18,199.0
111,台南大,特殊教育學系,,16.36,90.0
111,台南大,幼兒教育學系,,23.54,153.0
111,台南大,體育學系,,26.2,183.42
111,台南大,國語文學系,,20.04,125.25
111,台南大,英語學系,外文,19.1,100.25
111,台南大,文化與自然資源學系,,23.17,139.0
111,台南大,音樂學系,,44.98,179.9
111,台南大,視覺藝術與設計學系,,32.6,195.6
111,台南大,戲劇創作與應用學系(男),,25.4,190.5
111,台南大,戲劇創作與應用學系(女),,29.0,217.5
111,台南大,應用數學系,數學,22.08,132.5
111,台南大,數位學習科技學系(社會組),,33.52,209.5
111,台南大,數位學習科技學系(自然組),,29.24,182.75
111,台南大,資訊工程學系,資訊工程,31.56,142.0
111,台南大,電機工程學系,電機工程,30.1,150.5
111,台南大,材料科學系,材料,29.33,176.0
111,台南大,綠色能源科技學系,,23.0,92.0
111,台南大,生物科技學系,,27.67,166.0
111,台南大,生態暨環境資源學系,,24.67,74.0
111,台南大,行政管理學系,,35.33,212.0
111,台南大,經營與管理學系,,34.5,207.0
112,台南大,教育學系,,37.73,207.5
112,台南大,諮商與輔導學系,,39.64,218.0
112,台南大,特殊教育學系,,30.0,120.0
112,台南大,幼兒教育學系,,35.18,193.5
112,台南大,體育學系,,34.36,240.55
112,台南大,文化與自然資源學系,,44.0,220.0
112,台南大,國語文學系,,37.5,150.0
112,台南大,英語學系,外文,38.24,200.75
112,台南大,應用數學系,數學,30.83,185.0
112,台南大,數位學習科技學系(數位學習系統組),,33.48,209.25
112,台南大,數位學習科技學系(數位學習內容組),,36.9,193.75
112,台南大,材料科學系,材料,35.83,215.0
112,台南大,資訊工程學系,資訊工程,36.67,165.0
112,台南大,電機工程學系,電機工程,36.83,221.0
112,台南大,綠色能源科技學系,,27.89,125.5
112,台南大,生物科技學系,,36.67,220.0
112,台南大,生態暨環境資源學系,,36.67,110.0
112,台南大,音樂學系,,44.05,176.2
112,台南大,視覺藝術與設計學系,,44.73,268.4
112,台南大,戲劇創作與應用學系(男),,29.67,178.0
112,台南大,戲劇創作與應用學系(女),,31.83,191.0
112,台南大,行政管理學系,,38.17,229.0
112,台南大,經營與管理學系,,37.33,224.0
113,台南大,教育學系,,36.55,201.0
113,台南大,諮商與輔導學系,,38.36,211.0
113,台南大,特殊教育學系,,25.38,101.5
113,台南大,幼兒教育學系,,32.45,178.5
113,台南大,體育學系,,28.41,198.87
113,台南大,文化與自然資源學系,,41.2,206.0
113,台南大,國語文學系,,36.25,145.0
113,台南大,英語學系,外文,35.14,184.5
113,台南大,應用數學系,數學,34.33,154.5
113,台南大,數位學習科技學系(數位學習系統組),,35.48,221.75
113,台南大,數位學習科技學系(數位學習內容組),,34.0,178.5
113,台南大,材料科學系,材料,37.83,227.0
113,台南大,資訊工程學系,資訊工程,38.11,171.5
113,台南大,電機工程學系,電機工程,40.22,181.0
113,台南大,綠色能源科技學系,,31.88,127.5
113,台南大,生物科技學系,,40.0,200.0
113,台南大,生態暨環境資源學系,,34.33,103.0
113,台南大,音樂學系,,44.86,179.44
113,台南大,視覺藝術與設計學系,,41.2,247.2
113,台南大,戲劇創作與應用學系(男),,27.6,138.0
113,台南大,戲劇創作與應用學系(女),,30.8,154.0
113,台南大,行政管理學系,,37.08,222.5
113,台南大,經營與管理學系,,33.58,201.5
114,台南大,教育學系,,34.27,188.5
114,台南大,諮商與輔導學系,,37.73,207.5
114,台南大,特殊教育學系,,27.82,153.0
114,台南大,幼兒教育學系,,29.64,163.0
114,台南大,體育學系,,45.53,273.18
114,台南大,文化與自然資源學系,,42.0,210.0
114,台南大,國語文學系,,33.75,135.0
114,台南大,英語學系,外文,34.12,145.0
114,台南大,應用數學系,數學,34.22,154.0
114,台南大,數位學習科技學系(數位學習系統組),,38.4,192.0
114,台南大,數位學習科技學系(數位學習內容組),,35.67,214.0
114,台南大,材料科學系,材料,39.17,235.0
114,台南大,資訊工程學系,資訊工程,39.0,175.5
114,台南大,電機工程學系,電機工程,41.89,188.5
114,台南大,綠色能源科技學系,,32.13,128.5
114,台南大,生物科技學系,,39.4,197.0
114,台南大,生態暨環境資源學系,,33.0,99.0
114,台南大,音樂學系,,26.33,79.0
114,台南大,視覺藝術與設計學系,,40.47,242.8
114,台南大,戲劇創作與應用學系(男),,30.0,150.0
114,台南大,戲劇創作與應用學系(女),,33.0,165.0
114,台南大,行政管理學系,,34.7,173.5
114,台南大,經營與管理學系,,33.33,200.0
115,台南大,教育學系,,37.89,170.5
115,台南大,諮商與輔導學系,,36.73,202.0
115,台南大,特殊教育學系,,31.91,175.5
115,台南大,幼兒教育學系,,33.78,152.0
115,台南大,體育學系,,44.14,264.84
115,台南大,文化與自然資源學系,,45.0,225.0
115,台南大,國語文學系,,38.0,152.0
115,台南大,英語學系,外文,35.65,151.5
115,台南大,應用數學系,數學,33.22,149.5
115,台南大,數位學習科技學系(數位學習系統組),,32.6,163.0
115,台南大,數位學習科技學系(數位學習內容組),,35.0,210.0
115,台南大,材料科學系,材料,37.33,224.0
115,台南大,資訊工程學系,資訊工程,37.93,142.25
115,台南大,電機工程學系,電機工程,39.33,177.0
115,台南大,綠色能源科技學系,,30.63,122.5
115,台南大,生物科技學系,,38.6,193.0
115,台南大,生態暨環境資源學系,,36.0,108.0
115,台南大,音樂學系,,29.67,89.0
115,台南大,視覺藝術與設計學系,,41.6,249.6
115,台南大,戲劇創作與應用學系(男),,31.2,156.0
115,台南大,戲劇創作與應用學系(女),,33.8,169.0
115,台南大,行政管理學系,,32.5,162.5
115,台南大,經營與管理學系,,31.5,189.0
101,東華,應用數學系數學科學組,數學,55.95,307.75
101,東華,應用數學系統計組,數學,53.16,292.4
101,東華,資訊工程學系,資訊工程,60.69,333.8
101,東華,生命科學系,生命科學,58.65,410.53
101,東華,物理學系物理組,物理,61.25,398.1
101,東華,物理學系奈米與光電科學組,光電,63.05,409.8
101,東華,化學系,化學,60.25,361.5
101,東華,電機工程學系,電機工程,62.43,249.7
101,東華,材料科學與工程學系,材料,60.6,303.0
101,東華,光電工程學系,光電,60.64,303.2
101,東華,自然資源與環境學系,,52.87,317.2
101,東華,企業管理學系,企業管理,68.02,374.1
101,東華,國際企業學系,國際企業,70.0,332.5
101,東華,會計學系,會計,69.42,381.8
101,東華,財務金融學系,財務金融,73.09,328.9
101,東華,資訊管理學系,資訊管理,69.03,310.65
101,東華,觀光暨休閒遊憩學系,,63.59,445.1
101,東華,華文文學系,,59.13,236.5
101,東華,中國語文學系,,61.19,336.55
101,東華,英美語文學系,外文,63.67,397.95
101,東華,經濟學系,經濟,68.61,325.88
101,東華,社會暨公共行政學系,,65.43,376.25
101,東華,歷史學系,歷史,61.39,337.65
101,東華,臺灣文化學系,化學,57.01,456.1
101,東華,諮商與臨床心理學系,心理,55.62,305.9
101,東華,體育與運動科學系,,44.41,310.88
101,東華,課程設計與潛能開發學系,,61.68,493.4
101,東華,幼兒教育學系,,60.71,485.7
101,東華,特殊教育學系,,58.49,321.7
101,東華,教育行政與管理學系,,61.59,461.9
101,東華,族群關係與文化學系,化學,62.05,496.4
101,東華,民族語言與傳播學系,新聞傳播,60.08,450.6
101,東華,民族發展與社會工作學系,社會工作,61.73,463.0
101,東華,藝術創意產業學系,,59.38,356.3
101,東華,藝術與設計學系,,51.68,465.12
101,東華,音樂學系-聲樂,,47.35,201.23
101,東華,音樂學系-鋼琴,,55.19,234.56
101,東華,音樂學系-小提琴,,56.2,238.83
101,東華,音樂學系-中提琴,,41.26,175.35
101,東華,音樂學系-大提琴,,47.24,200.77
102,東華,應用數學系數學科學組,數學,45.39,249.65
102,東華,應用數學系統計組,數學,45.04,247.7
102,東華,資訊工程學系,資訊工程,54.91,302.0
102,東華,生命科學系,生命科學,53.94,377.58
102,東華,物理學系物理組,物理,49.52,321.9
102,東華,物理學系奈米與光電科學組,光電,53.43,347.3
102,東華,化學系,化學,49.02,294.1
102,東華,電機工程學系,電機工程,55.93,223.7
102,東華,材料科學與工程學系,材料,52.58,262.9
102,東華,光電工程學系,光電,52.14,260.7
102,東華,自然資源與環境學系,,51.92,311.5
102,東華,企業管理學系,企業管理,65.1,358.05
102,東華,國際企業學系,國際企業,66.54,316.05
102,東華,會計學系,會計,66.76,367.2
102,東華,財務金融學系,財務金融,69.97,314.85
102,東華,資訊管理學系,資訊管理,64.3,289.35
102,東華,觀光暨休閒遊憩學系,,63.4,443.8
102,東華,管理學院管理科學與財金國際學士學位學程,財務金融,67.76,304.9
102,東華,華文文學系,,62.23,248.9
102,東華,中國語文學系,,62.0,341.0
102,東華,英美語文學系,外文,63.44,396.5
102,東華,經濟學系,經濟,64.52,306.48
102,東華,社會學系,社會學,63.21,363.48
102,東華,歷史學系,歷史,61.15,351.63
102,東華,臺灣文化學系,化學,58.25,466.0
102,東華,諮商與臨床心理學系,心理,58.88,323.85
102,東華,法律學士學位學程,法律,73.96,314.35
102,東華,公共行政學系,,64.21,353.15
102,東華,體育與運動科學系,,46.83,327.78
102,東華,課程設計與潛能開發學系,,59.88,479.0
102,東華,課程設計與潛能開發學系(公費生)-臺北市,,83.46,667.7
102,東華,課程設計與潛能開發學系(公費生)-花蓮縣,,82.13,657.0
102,東華,幼兒教育學系,,60.24,481.9
102,東華,幼兒教育學系(公費生),,81.71,653.7
102,東華,特殊教育學系,,57.47,316.08
102,東華,特殊教育學系(公費生),,82.43,453.39
102,東華,教育行政與管理學系,,61.15,458.6
102,東華,族群關係與文化學系,化學,60.71,485.7
102,東華,民族語言與傳播學系,新聞傳播,59.52,446.4
102,東華,民族發展與社會工作學系,社會工作,68.55,548.4
102,東華,藝術創意產業學系,,62.7,376.2
102,東華,藝術與設計學系,,61.06,366.34
102,東華,音樂學系-鋼琴,,44.6,189.57
102,東華,音樂學系-聲樂,,45.13,191.79
102,東華,音樂學系-絃樂,,50.46,214.45
102,東華,音樂學系-銅管樂、木管樂,,49.67,211.1
102,東華,音樂學系(公費生),,81.31,345.57
103,東華,應用數學系數學科學組,數學,43.4,238.7
103,東華,應用數學系統計組,數學,42.27,232.5
103,東華,資訊工程學系資工組,資訊工程,53.38,293.6
103,東華,資訊工程學系國際組,資訊工程,59.39,326.65
103,東華,生命科學系,生命科學,48.31,338.18
103,東華,物理學系物理組,物理,46.03,299.2
103,東華,物理學系奈米與光電科學組,光電,51.65,335.7
103,東華,化學系,化學,47.88,287.3
103,東華,電機工程學系,電機工程,53.73,214.9
103,東華,材料科學與工程學系,材料,52.32,261.6
103,東華,光電工程學系,光電,50.32,251.6
103,東華,自然資源與環境學系,,45.96,275.75
103,東華,企業管理學系,企業管理,66.01,363.05
103,東華,國際企業學系,國際企業,67.14,352.5
103,東華,會計學系,會計,67.18,369.5
103,東華,財務金融學系,財務金融,70.64,317.9
103,東華,資訊管理學系,資訊管理,64.08,288.35
103,東華,觀光暨休閒遊憩學系,,62.86,440.0
103,東華,管理學院管理科學與財金國際學士學位學程,財務金融,71.07,319.8
103,東華,華文文學系,,61.45,245.8
103,東華,中國語文學系,,61.29,337.08
103,東華,英美語文學系,外文,65.01,406.3
103,東華,經濟學系,經濟,66.41,315.43
103,東華,社會學系,社會學,64.8,372.58
103,東華,歷史學系,歷史,60.64,348.7
103,東華,臺灣文化學系,化學,57.56,460.5
103,東華,諮商與臨床心理學系,心理,53.49,294.2
103,東華,法律學士學位學程,法律,73.74,460.85
103,東華,公共行政學系,,65.28,359.05
103,東華,體育與運動科學系,,45.41,317.84
103,東華,課程設計與潛能開發學系,,59.85,478.8
103,東華,幼兒教育學系,,60.06,480.5
103,東華,特殊教育學系,,57.22,314.73
103,東華,教育行政與管理學系,,60.33,452.5
103,東華,族群關係與文化學系,化學,60.66,485.3
103,東華,民族語言與傳播學系,新聞傳播,59.85,448.9
103,東華,民族事務與發展學系,,66.84,534.7
103,東華,民族社會工作學士學位學程,社會工作,67.03,536.2
103,東華,藝術創意產業學系,,63.27,379.6
103,東華,藝術與設計學系,,55.76,278.82
103,東華,音樂學系-鋼琴,,50.81,215.96
103,東華,音樂學系-聲樂,,49.15,208.87
103,東華,音樂學系-弦樂,,55.95,237.78
103,東華,音樂學系-銅管樂、木管樂,,53.48,227.3
104,東華,應用數學系數學科學組,數學,35.24,193.8
104,東華,應用數學系統計科學組,數學,33.85,186.2
104,東華,資訊工程學系資工組,資訊工程,47.7,262.35
104,東華,資訊工程學系國際組,資訊工程,51.73,284.5
104,東華,生命科學系,生命科學,43.18,302.23
104,東華,物理學系物理組,物理,39.4,256.1
104,東華,物理學系奈米與光電科學組,光電,42.52,276.4
104,東華,化學系,化學,43.45,260.7
104,東華,電機工程學系,電機工程,49.04,245.2
104,東華,材料科學與工程學系,材料,44.3,221.5
104,東華,光電工程學系,光電,42.94,214.7
104,東華,自然資源與環境學系,,41.87,251.2
104,東華,企業管理學系,企業管理,53.95,296.7
104,東華,國際企業學系,國際企業,55.78,292.85
104,東華,會計學系,會計,54.5,299.75
104,東華,財務金融學系,財務金融,57.13,257.1
104,東華,資訊管理學系,資訊管理,52.44,249.08
104,東華,觀光暨休閒遊憩學系,,58.1,406.7
104,東華,管理學院管理科學與財金國際學士學位學程,財務金融,58.93,265.2
104,東華,華文文學系,,59.75,239.0
104,東華,中國語文學系,,59.29,326.1
104,東華,英美語文學系,外文,57.58,359.85
104,東華,經濟學系,經濟,53.39,253.58
104,東華,社會學系,社會學,57.78,332.23
104,東華,歷史學系,歷史,57.3,329.48
104,東華,臺灣文化學系,化學,54.46,435.7
104,東華,諮商與臨床心理學系,心理,48.79,268.35
104,東華,法律學士學位學程,法律,69.69,365.85
104,東華,公共行政學系,,56.35,309.95
104,東華,體育與運動科學系,,46.03,322.2
104,東華,課程設計與潛能開發學系,,54.68,437.4
104,東華,幼兒教育學系,,54.1,432.8
104,東華,特殊教育學系,,53.33,293.33
104,東華,教育行政與管理學系,,53.84,403.8
104,東華,族群關係與文化學系,化學,61.51,461.35
104,東華,民族語言與傳播學系,新聞傳播,55.81,418.6
104,東華,民族事務與發展學系,,63.71,509.7
104,東華,民族社會工作學士學位學程,社會工作,64.4,515.2
104,東華,藝術創意產業學系,,57.27,343.6
104,東華,藝術與設計學系,,53.45,267.26
104,東華,音樂學系,,44.97,191.14
104,東華,音樂學系,,51.22,217.68
105,東華,應用數學系數學科學組,數學,37.63,131.7
105,東華,應用數學系統計科學組(自然組),數學,35.66,124.8
105,東華,應用數學系統計科學組(社會組),數學,56.43,197.5
105,東華,資訊工程學系資工組,資訊工程,49.0,269.5
105,東華,資訊工程學系國際組,資訊工程,51.54,283.45
105,東華,生命科學系,生命科學,43.42,303.95
105,東華,物理學系物理組,物理,37.56,187.8
105,東華,物理學系奈米與光電科學組,光電,40.6,203.0
105,東華,化學系,化學,42.3,253.8
105,東華,電機工程學系,電機工程,46.08,230.4
105,東華,材料科學與工程學系,材料,44.2,221.0
105,東華,光電工程學系,光電,40.82,224.5
105,東華,自然資源與環境學系,,40.58,243.45
105,東華,企業管理學系,企業管理,56.76,312.2
105,東華,國際企業學系,國際企業,60.77,319.05
105,東華,會計學系,會計,59.46,416.2
105,東華,財務金融學系,財務金融,63.84,287.3
105,東華,資訊管理學系,資訊管理,56.43,268.03
105,東華,觀光暨休閒遊憩學系,,52.84,369.9
105,東華,管理學院管理科學與財金國際學士學位學程,財務金融,63.16,284.2
105,東華,華文文學系,,58.64,293.2
105,東華,中國語文學系,,52.9,290.93
105,東華,英美語文學系,外文,57.01,299.3
105,東華,經濟學系,經濟,59.09,280.68
105,東華,社會學系,社會學,55.73,278.65
105,東華,歷史學系,歷史,57.31,343.85
105,東華,臺灣文化學系,化學,49.05,392.4
105,東華,諮商與臨床心理學系,心理,47.43,189.7
105,東華,法律學士學位學程,法律,66.41,348.65
105,東華,公共行政學系,,55.02,302.6
105,東華,體育與運動科學系,,47.58,237.9
105,東華,教育與潛能開發學系,,49.74,348.2
105,東華,幼兒教育學系,,51.05,408.4
105,東華,特殊教育學系,,50.51,277.78
105,東華,教育行政與管理學系,,51.89,389.2
105,東華,族群關係與文化學系,化學,53.05,397.9
105,東華,民族語言與傳播學系,新聞傳播,50.36,377.7
105,東華,民族事務與發展學系,,56.33,450.6
105,東華,民族社會工作學士學位學程,社會工作,57.24,457.9
105,東華,藝術創意產業學系,,54.57,327.4
105,東華,藝術與設計學系,,52.82,264.08
105,東華,音樂學系-鋼琴、聲樂,,44.48,189.04
105,東華,音樂學系-綜合樂器,,46.22,196.42
106,東華,應用數學系數學科學組,數學,37.14,130.0
106,東華,應用數學系統計科學組(自然組),數學,36.63,128.2
106,東華,應用數學系統計科學組(社會組),數學,56.03,196.1
106,東華,資訊工程學系資工組,資訊工程,50.41,189.05
106,東華,資訊工程學系國際組,資訊工程,52.76,197.85
106,東華,生命科學系,生命科學,42.48,297.33
106,東華,物理學系物理組,物理,40.96,204.8
106,東華,物理學系奈米與光電科學組,光電,39.8,199.0
106,東華,化學系,化學,44.4,266.4
106,東華,電機工程學系,電機工程,47.64,238.2
106,東華,材料科學與工程學系,材料,43.72,218.6
106,東華,光電工程學系,光電,41.4,227.7
106,東華,自然資源與環境學系,,49.62,248.1
106,東華,企業管理學系,企業管理,55.33,221.3
106,東華,國際企業學系,國際企業,59.03,309.9
106,東華,會計學系,會計,62.53,437.7
106,東華,財務金融學系,財務金融,61.39,276.25
106,東華,資訊管理學系,資訊管理,57.24,300.5
106,東華,觀光暨休閒遊憩學系,,53.03,265.15
106,東華,管理學院管理科學與財金國際學士學位學程,財務金融,60.31,271.4
106,東華,華文文學系,,61.74,308.7
106,東華,中國語文學系,,58.14,319.75
106,東華,英美語文學系,外文,59.81,314.0
106,東華,英美語文學系(公費)-花蓮縣,外文,80.44,422.3
106,東華,經濟學系,經濟,56.13,266.6
106,東華,社會學系,社會學,60.85,304.25
106,東華,歷史學系,歷史,62.83,376.95
106,東華,臺灣文化學系,化學,52.9,423.2
106,東華,諮商與臨床心理學系,心理,49.61,198.45
106,東華,法律學士學位學程,法律,66.87,284.2
106,東華,公共行政學系,,62.77,345.25
106,東華,體育與運動科學系,,49.3,246.48
106,東華,教育與潛能開發學系,,52.63,368.4
106,東華,幼兒教育學系,,54.48,435.8
106,東華,幼兒教育學系(公費)-花蓮縣,,77.93,623.4
106,東華,特殊教育學系,,52.41,288.28
106,東華,教育行政與管理學系,,55.27,414.5
106,東華,族群關係與文化學系,化學,60.5,453.75
106,東華,民族語言與傳播學系,新聞傳播,54.27,407.0
106,東華,民族事務與發展學系,,62.43,499.4
106,東華,民族社會工作學士學位學程,社會工作,63.38,507.0
106,東華,藝術創意產業學系,,56.37,338.2
106,東華,藝術與設計學系,,52.06,260.28
106,東華,音樂學系,,53.84,215.34
107,東華,應用數學系數學科學組,數學,47.9,167.65
107,東華,應用數學系統計科學組(自然組),數學,50.61,177.15
107,東華,應用數學系統計科學組(社會組),數學,60.87,213.05
107,東華,資訊工程學系資工組,資訊工程,59.07,221.51
107,東華,資訊工程學系國際組,資訊工程,61.43,230.38
107,東華,生命科學系,生命科學,43.34,303.39
107,東華,物理學系物理組,物理,47.12,235.6
107,東華,物理學系奈米與光電科學組,光電,46.14,230.7
107,東華,化學系,化學,47.0,282.0
107,東華,電機工程學系,電機工程,55.14,275.7
107,東華,材料科學與工程學系,材料,50.33,251.65
107,東華,光電工程學系,光電,49.19,270.55
107,東華,自然資源與環境學系,,56.02,280.1
107,東華,企業管理學系,企業管理,58.5,233.98
107,東華,國際企業學系,國際企業,60.04,315.2
107,東華,會計學系,會計,63.84,446.9
107,東華,財務金融學系,財務金融,63.12,284.05
107,東華,資訊管理學系,資訊管理,60.36,271.6
107,東華,觀光暨休閒遊憩學系,,57.04,285.2
107,東華,管理學院管理科學與財金國際學士學位學程,財務金融,61.2,275.4
107,東華,華文文學系,,64.5,322.5
107,東華,中國語文學系,,61.96,340.8
107,東華,英美語文學系,外文,61.68,323.84
107,東華,經濟學系,經濟,59.4,178.2
107,東華,社會學系,社會學,61.55,338.5
107,東華,歷史學系,歷史,63.69,382.13
107,東華,臺灣文化學系,化學,55.44,388.1
107,東華,諮商與臨床心理學系,心理,54.66,218.63
107,東華,法律學士學位學程,法律,69.13,293.8
107,東華,公共行政學系,,64.44,354.4
107,東華,體育與運動科學系,,53.2,266.0
107,東華,教育與潛能開發學系,,54.09,378.6
107,東華,幼兒教育學系,,53.81,430.5
107,東華,特殊教育學系,,52.75,290.15
107,東華,教育行政與管理學系,,54.33,407.5
107,東華,族群關係與文化學系,化學,65.24,358.8
107,東華,民族語言與傳播學系,新聞傳播,57.24,228.95
107,東華,民族事務與發展學系,,60.56,484.45
107,東華,民族社會工作學士學位學程,社會工作,62.09,496.75
107,東華,藝術創意產業學系,,57.62,345.7
107,東華,藝術與設計學系,,54.18,270.9
107,東華,音樂學系,,60.03,240.1
108,東華,應用數學系數學科學組,數學,54.46,190.6
108,東華,應用數學系統計科學組(自然組),數學,56.57,198.0
108,東華,應用數學系統計科學組(社會組),數學,70.49,246.7
108,東華,資訊工程學系資工組,資訊工程,63.4,237.76
108,東華,資訊工程學系國際組,資訊工程,64.85,243.18
108,東華,生命科學系,生命科學,52.1,364.7
108,東華,物理學系物理組,物理,56.09,280.45
108,東華,物理學系奈米與光電科學組,光電,54.43,272.15
108,東華,化學系,化學,54.6,327.6
108,東華,電機工程學系,電機工程,57.78,288.88
108,東華,材料科學與工程學系,材料,57.24,286.2
108,東華,光電工程學系,光電,54.5,299.73
108,東華,自然資源與環境學系,,67.8,339.0
108,東華,企業管理學系,企業管理,65.81,263.25
108,東華,國際企業學系,國際企業,66.89,317.75
108,東華,會計學系,會計,69.13,311.1
108,東華,財務金融學系,財務金融,72.67,327.0
108,東華,資訊管理學系,資訊管理,68.64,308.9
108,東華,觀光暨休閒遊憩學系,,63.56,317.8
108,東華,管理學院管理科學與財金國際學士學位學程,財務金融,68.04,306.2
108,東華,華文文學系,,70.15,350.75
108,東華,中國語文學系,,67.4,370.68
108,東華,英美語文學系,外文,67.85,356.2
108,東華,經濟學系,經濟,67.97,203.9
108,東華,社會學系,社會學,71.31,392.2
108,東華,歷史學系,歷史,68.6,411.58
108,東華,臺灣文化學系,化學,61.8,432.6
108,東華,諮商與臨床心理學系,心理,59.11,236.43
108,東華,法律學系,法律,77.88,292.05
108,東華,公共行政學系,,73.04,401.7
108,東華,體育與運動科學系,,53.27,266.35
108,東華,教育與潛能開發學系(自費),,65.29,424.4
108,東華,幼兒教育學系(自費),,62.4,499.2
108,東華,幼兒教育學系(公費)-花蓮縣、限原住民,,83.77,670.18
108,東華,特殊教育學系,,58.89,323.9
108,東華,教育行政與管理學系,,65.12,488.4
108,東華,族群關係與文化學系,化學,74.58,410.2
108,東華,民族語言與傳播學系,新聞傳播,70.74,282.95
108,東華,民族事務與發展學系,,74.92,374.6
108,東華,民族社會工作學士學位學程,社會工作,75.36,376.8
108,東華,原住民族樂舞與藝術學士學位學程,,55.68,278.4
108,東華,藝術創意產業學系,,63.25,379.5
108,東華,藝術與設計學系,,58.81,294.05
108,東華,音樂學系,,28.46,113.84
108,東華,大一不分系學士班,,68.71,360.75
109,東華,應用數學系數學科學組,數學,45.67,159.85
109,東華,應用數學系統計科學組(自然組),數學,48.34,169.2
109,東華,應用數學系統計科學組(社會組),數學,58.1,203.35
109,東華,資訊工程學系資工組,資訊工程,54.48,204.3
109,東華,資訊工程學系國際組,資訊工程,56.25,210.93
109,東華,生命科學系,生命科學,44.99,314.96
109,東華,物理學系物理組,物理,46.16,230.8
109,東華,物理學系奈米與光電科學組,光電,45.96,229.8
109,東華,化學系,化學,47.63,285.8
109,東華,電機工程學系,電機工程,50.14,250.69
109,東華,材料科學與工程學系,材料,48.7,243.5
109,東華,光電工程學系,光電,45.52,250.35
109,東華,自然資源與環境學系,,55.57,277.85
109,東華,企業管理學系,企業管理,54.98,219.9
109,東華,國際企業學系,國際企業,56.4,267.9
109,東華,會計學系,會計,59.71,268.7
109,東華,財務金融學系,財務金融,64.56,290.53
109,東華,資訊管理學系,資訊管理,60.97,274.35
109,東華,觀光暨休閒遊憩學系,,55.62,278.1
109,東華,管理學院管理科學與財金國際學士學位學程,財務金融,59.16,266.2
109,東華,華文文學系,,64.62,323.1
109,東華,中國語文學系,,61.17,336.41
109,東華,英美語文學系,外文,61.47,322.7
109,東華,經濟學系,經濟,57.47,172.4
109,東華,社會學系,社會學,65.93,362.6
109,東華,歷史學系,歷史,65.6,393.58
109,東華,臺灣文化學系,化學,58.74,411.2
109,東華,諮商與臨床心理學系,心理,50.24,200.95
109,東華,法律學系,法律,72.53,272.0
109,東華,公共行政學系,,66.36,365.0
109,東華,體育與運動科學系,,50.6,253.02
109,東華,教育與潛能開發學系,,55.05,357.8
109,東華,幼兒教育學系,,54.93,439.4
109,東華,特殊教育學系,,51.63,283.96
109,東華,教育行政與管理學系,,55.11,413.3
109,東華,族群關係與文化學系,化學,68.55,377.0
109,東華,民族語言與傳播學系,新聞傳播,61.03,244.1
109,東華,民族事務與發展學系,,68.8,344.0
109,東華,民族社會工作學士學位學程,社會工作,69.24,346.2
109,東華,原住民族樂舞與藝術學士學位學程,,52.62,263.1
109,東華,藝術創意產業學系,,58.02,348.1
109,東華,藝術與設計學系,,48.24,241.2
109,東華,音樂學系,,48.01,192.04
109,東華,大一不分系學士班,,61.99,325.45
110,東華,應用數學系數學科學組,數學,35.16,123.05
110,東華,應用數學系統計科學組(自然組),數學,39.94,139.8
110,東華,應用數學系統計科學組(社會組),數學,55.27,193.45
110,東華,資訊工程學系資工組,資訊工程,54.81,205.54
110,東華,資訊工程學系國際組,資訊工程,55.6,208.5
110,東華,生命科學系,生命科學,37.66,263.63
110,東華,物理學系物理組,物理,36.58,182.9
110,東華,物理學系奈米與光電科學組,光電,39.6,198.0
110,東華,化學系,化學,34.46,206.75
110,東華,電機工程學系,電機工程,45.48,227.38
110,東華,材料科學與工程學系,材料,39.03,195.15
110,東華,光電工程學系,光電,33.33,183.3
110,東華,自然資源與環境學系,,53.56,267.8
110,東華,企業管理學系,企業管理,52.71,210.83
110,東華,國際企業學系,國際企業,55.56,263.9
110,東華,會計學系,會計,60.78,273.5
110,東華,財務金融學系,財務金融,64.04,288.2
110,東華,資訊管理學系,資訊管理,59.68,268.58
110,東華,觀光暨休閒遊憩學系,,49.5,247.5
110,東華,管理學院管理科學與財金國際學士學位學程,財務金融,55.89,251.5
110,東華,華文文學系,,62.27,311.35
110,東華,中國語文學系,,58.08,333.94
110,東華,英美語文學系,外文,54.93,288.4
110,東華,經濟學系,經濟,56.52,169.55
110,東華,社會學系,社會學,58.73,323.0
110,東華,歷史學系,歷史,68.0,408.0
110,東華,臺灣文化學系,化學,54.0,378.0
110,東華,諮商與臨床心理學系,心理,49.43,197.7
110,東華,法律學系,法律,69.65,261.2
110,東華,公共行政學系,,62.58,344.2
110,東華,體育與運動科學系,,38.79,155.15
110,東華,教育與潛能開發學系,,46.59,302.85
110,東華,幼兒教育學系,,47.76,382.1
110,東華,特殊教育學系,,49.04,269.7
110,東華,教育行政與管理學系,,50.17,376.3
110,東華,族群關係與文化學系,化學,61.88,309.4
110,東華,民族語言與傳播學系,新聞傳播,51.55,206.2
110,東華,民族事務與發展學系,,61.4,307.0
110,東華,民族社會工作學士學位學程,社會工作,59.8,299.0
110,東華,原住民族樂舞與藝術學士學位學程,,60.56,302.8
110,東華,藝術創意產業學系,,50.27,301.6
110,東華,藝術與設計學系,,51.48,257.4
110,東華,音樂學系,,55.05,220.18
110,東華,大一不分系學士班,,61.5,322.9
111,東華,應用數學系數學科學組,數學,14.43,50.5
111,東華,應用數學系統計科學組,數學,19.43,68.0
111,東華,物理學系物理組,物理,17.4,87.0
111,東華,物理學系奈米與光電科學組,光電,17.4,87.0
111,東華,化學系,化學,16.83,101.0
111,東華,生命科學系,生命科學,16.71,100.25
111,東華,資訊工程學系資工組,資訊工程,33.47,125.5
111,東華,資訊工程學系國際組,資訊工程,33.73,126.5
111,東華,電機工程學系,電機工程,27.95,139.75
111,東華,材料科學與工程學系,材料,19.4,97.0
111,東華,光電工程學系,光電,20.55,113.0
111,東華,企業管理學系,企業管理,23.2,116.0
111,東華,會計學系,會計,28.55,157.0
111,東華,資訊管理學系,資訊管理,27.0,135.0
111,東華,國際企業學系,國際企業,22.04,126.75
111,東華,財務金融學系,財務金融,34.4,172.0
111,東華,觀光暨休閒遊憩學系,,21.92,131.5
111,東華,管理學院管理科學與財金國際學士學位學程,財務金融,32.36,178.0
111,東華,華文文學系,,26.4,132.0
111,東華,中國語文學系,,25.26,145.25
111,東華,英美語文學系,外文,24.19,127.0
111,東華,臺灣文化學系,化學,23.43,164.0
111,東華,歷史學系,歷史,36.73,275.5
111,東華,經濟學系,經濟,28.5,114.0
111,東華,諮商與臨床心理學系(自然組),心理,27.63,110.5
111,東華,諮商與臨床心理學系(社會組),心理,41.5,207.5
111,東華,社會學系,社會學,31.45,173.0
111,東華,公共行政學系,,34.64,190.5
111,東華,法律學系,法律,40.83,245.0
111,東華,教育與潛能開發學系,,18.54,120.5
111,東華,教育行政與管理學系,,21.73,163.0
111,東華,特殊教育學系,,20.22,91.0
111,東華,幼兒教育學系,,21.0,147.0
111,東華,族群關係與文化學系,化學,32.09,176.5
111,東華,民族語言與傳播學系,新聞傳播,32.0,128.0
111,東華,民族社會工作學士學位學程,社會工作,22.5,135.0
111,東華,原住民族樂舞與藝術學士學位學程,,23.2,116.0
111,東華,自然資源與環境學系,,25.0,125.0
111,東華,縱谷跨域書院學士學位學程,,31.29,164.25
111,東華,音樂學系,,44.01,176.02
111,東華,藝術與設計學系,,31.4,188.4
111,東華,藝術創意產業學系,,27.17,163.0
111,東華,體育與運動科學系,,26.37,131.84
112,東華,應用數學系數學科學組,數學,27.29,95.5
112,東華,應用數學系統計科學組,數學,27.43,96.0
112,東華,物理學系物理組,物理,26.75,107.0
112,東華,物理學系奈米與光電科學組,光電,28.0,112.0
112,東華,化學系,化學,25.4,127.0
112,東華,生命科學系,生命科學,27.33,164.0
112,東華,資訊工程學系資工組,資訊工程,36.67,137.5
112,東華,資訊工程學系國際組,資訊工程,37.4,140.25
112,東華,電機工程學系智慧系統組,電機工程,37.0,111.0
112,東華,電機工程學系半導體工程組,電機工程,36.75,147.0
112,東華,材料科學與工程學系,材料,28.5,114.0
112,東華,光電工程學系,光電,30.45,167.5
112,東華,企業管理學系,企業管理,31.5,157.5
112,東華,會計學系,會計,33.27,183.0
112,東華,資訊管理學系,資訊管理,38.4,192.0
112,東華,國際企業學系,國際企業,30.3,174.25
112,東華,財務金融學系,財務金融,36.64,201.5
112,東華,觀光暨休閒遊憩學系,,26.92,161.5
112,東華,管理學院管理科學與財金國際學士學位學程,財務金融,36.2,181.0
112,東華,管理學院會計與資訊管理國際學士班,資訊管理,35.67,160.5
112,東華,華文文學系,,38.0,190.0
112,東華,中國語文學系,,41.22,185.5
112,東華,英美語文學系,外文,27.82,118.25
112,東華,臺灣文化學系,化學,36.38,236.5
112,東華,歷史學系,歷史,45.69,297.0
112,東華,經濟學系,經濟,33.75,135.0
112,東華,諮商與臨床心理學系(自然組),心理,30.75,123.0
112,東華,諮商與臨床心理學系(社會組),心理,41.7,208.5
112,東華,社會學系,社會學,36.36,200.0
112,東華,公共行政學系,,40.18,221.0
112,東華,法律學系,法律,45.0,202.5
112,東華,教育與潛能開發學系,,35.0,140.0
112,東華,教育行政與管理學系,,30.47,228.5
112,東華,特殊教育學系,,32.0,128.0
112,東華,幼兒教育學系,,41.18,226.5
112,東華,族群關係與文化學系,化學,28.44,128.0
112,東華,民族語言與傳播學系,新聞傳播,21.67,65.0
112,東華,民族事務與發展學系,,25.8,129.0
112,東華,民族社會工作學士學位學程,社會工作,27.2,136.0
112,東華,原住民族樂舞與藝術學士學位學程,,26.0,130.0
112,東華,自然資源與環境學系環境管理與環境教育組,,37.4,187.0
112,東華,自然資源與環境學系生態與保育組,,33.4,167.0
112,東華,自然資源與環境學系地球科學組,,32.0,160.0
112,東華,縱谷跨域書院學士學位學程,,36.14,189.75
112,東華,藝術與設計學系,,34.75,139.0
112,東華,藝術創意產業學系,,35.6,178.0
112,東華,體育與運動科學系,,31.64,158.21
113,東華,應用數學系數學科學組,數學,29.14,102.0
113,東華,應用數學系統計科學組,數學,28.86,101.0
113,東華,物理學系物理組,物理,28.6,143.0
113,東華,物理學系奈米與光電科學組,光電,30.8,154.0
113,東華,化學系,化學,25.6,128.0
113,東華,生化暨分子醫學科學系,,29.63,177.75
113,東華,資訊工程學系資工組,資訊工程,38.0,142.5
113,東華,資訊工程學系國際組,資訊工程,38.87,145.75
113,東華,電機工程學系智慧系統組,電機工程,39.0,117.0
113,東華,電機工程學系半導體工程組,電機工程,37.5,150.0
113,東華,材料科學與工程學系,材料,28.0,112.0
113,東華,光電工程學系,光電,30.09,165.5
113,東華,理工學院大數據科學國際學士班,,28.88,115.5
113,東華,企業管理學系,企業管理,23.2,116.0
113,東華,會計學系,會計,24.27,133.5
113,東華,資訊管理學系,資訊管理,32.4,162.0
113,東華,國際企業學系,國際企業,21.13,121.5
113,東華,財務金融學系,財務金融,31.18,171.5
113,東華,觀光暨休閒遊憩學系,,15.75,94.5
113,東華,管理學院管理科學與財金國際學士學位學程,財務金融,27.6,138.0
113,東華,管理學院會計與資訊管理國際學士班,資訊管理,22.44,101.0
113,東華,管理學院數位行銷與服務創新國際學士班,,12.53,59.5
113,東華,華文文學系,,21.0,105.0
113,東華,中國語文學系,,27.89,125.5
113,東華,英美語文學系,外文,16.47,70.0
113,東華,臺灣文化學系,化學,0.0,0.0
113,東華,歷史學系,歷史,35.4,177.0
113,東華,經濟學系,經濟,25.0,100.0
113,東華,諮商與臨床心理學系(自然組),心理,31.88,127.5
113,東華,諮商與臨床心理學系(社會組),心理,34.0,170.0
113,東華,社會學系,社會學,29.18,160.5
113,東華,公共行政學系,,36.55,201.0
113,東華,法律學系,法律,43.22,194.5
113,東華,體育與運動科學系,,26.5,106.0
113,東華,教育與潛能開發學系,,18.75,75.0
113,東華,教育行政與管理學系,,15.47,116.0
113,東華,特殊教育學系,,32.0,128.0
113,東華,幼兒教育學系,,35.18,193.5
113,東華,族群關係與文化學系,化學,20.0,90.0
113,東華,民族語言與傳播學系,新聞傳播,21.0,63.0
113,東華,民族發展與社會工作學系民族發展組,社會工作,22.56,101.5
113,東華,民族發展與社會工作學系社會工作組,社會工作,33.33,150.0
113,東華,原住民族樂舞與藝術學士學位學程,,0.0,0.0
113,東華,自然資源與環境學系環境管理與環境教育組,,34.8,174.0
113,東華,自然資源與環境學系生態與保育組,,33.6,168.0
113,東華,自然資源與環境學系地球科學組,,33.2,166.0
113,東華,縱谷跨域書院學士學位學程,,26.62,139.75
113,東華,音樂學系,,0.0,0.0
113,東華,藝術與設計學系,,29.75,119.0
113,東華,藝術創意產業學系,,26.0,130.0
114,東華,應用數學系數學科學組,數學,29.0,116.0
114,東華,應用數學系統計科學組,數學,28.5,114.0
114,東華,物理學系物理組,物理,29.4,147.0
114,東華,物理學系奈米與光電科學組,光電,30.2,151.0
114,東華,化學系,化學,27.0,135.0
114,東華,生化暨分子醫學科學系,,29.75,178.5
114,東華,資訊工程學系資工組,資訊工程,36.2,135.75
114,東華,資訊工程學系國際組,資訊工程,37.27,139.75
114,東華,電機工程學系智慧系統組,電機工程,39.0,117.0
114,東華,電機工程學系半導體工程組,電機工程,38.5,154.0
114,東華,材料科學與工程學系,材料,27.0,108.0
114,東華,光電工程學系,光電,29.0,159.5
114,東華,理工學院大數據科學國際學士班,,29.88,119.5
114,東華,企業管理學系,企業管理,21.43,75.0
114,東華,會計學系,會計,21.18,116.5
114,東華,資訊管理學系,資訊管理,30.8,154.0
114,東華,國際企業學系,國際企業,19.09,109.75
114,東華,財務金融學系,財務金融,27.11,122.0
114,東華,觀光暨休閒遊憩學系,,15.08,90.5
114,東華,管理學院管理科學與財金國際學士學位學程,財務金融,15.0,75.0
114,東華,管理學院會計與資訊管理國際學士班會計資訊與電腦稽核組,資訊管理,19.92,124.5
114,東華,管理學院數位行銷與服務創新國際學士班,,12.32,58.5
114,東華,華文文學系,,19.2,96.0
114,東華,中國語文學系,,24.44,110.0
114,東華,英美語文學系,外文,16.41,69.75
114,東華,臺灣文化學系,化學,23.0,115.0
114,東華,歷史學系,歷史,32.0,128.0
114,東華,經濟學系,經濟,22.5,90.0
114,東華,諮商與臨床心理學系(自然組),心理,31.25,125.0
114,東華,諮商與臨床心理學系(社會組),心理,34.5,172.5
114,東華,社會學系,社會學,27.09,149.0
114,東華,公共行政學系,,33.22,149.5
114,東華,法律學系,法律,40.56,182.5
114,東華,體育與運動科學系,,28.0,84.0
114,東華,教育與潛能開發學系,,21.75,87.0
114,東華,教育行政與管理學系,,20.47,153.5
114,東華,特殊教育學系,,27.25,109.0
114,東華,幼兒教育學系,,27.14,149.25
114,東華,族群關係與文化學系,化學,17.44,78.5
114,東華,民族語言與傳播學系,新聞傳播,21.0,63.0
114,東華,民族發展與社會工作學系民族發展組,社會工作,31.0,139.5
114,東華,民族發展與社會工作學系社會工作組,社會工作,27.89,125.5
114,東華,自然資源與環境學系環境管理與環境教育組,,26.6,133.0
114,東華,自然資源與環境學系生態與保育組,,32.6,163.0
114,東華,自然資源與環境學系地球科學組,,31.4,157.0
114,東華,縱谷跨域書院學士學位學程,,34.76,182.5
114,東華,音樂學系,,9.64,48.2
114,東華,藝術與設計學系,,27.25,109.0
114,東華,藝術創意產業學系,,21.2,106.0
114,東華,管理學院會計與資訊管理國際學士班智慧會計與風險管理組,資訊管理,14.28,89.25
115,東華,應用數學系數學科學組,數學,26.75,107.0
115,東華,應用數學系統計科學組,數學,25.75,103.0
115,東華,物理學系物理組,物理,29.0,145.0
115,東華,物理學系奈米與光電科學組,光電,28.8,144.0
115,東華,化學系,化學,26.2,131.0
115,東華,生化暨分子醫學科學系,,28.38,170.25
115,東華,資訊工程學系資工組,資訊工程,30.47,114.25
115,東華,資訊工程學系國際組,資訊工程,30.2,113.25
115,東華,電機工程學系智慧系統組,電機工程,35.67,107.0
115,東華,電機工程學系半導體組,電機工程,36.5,146.0
115,東華,材料科學與工程學系,材料,28.0,112.0
115,東華,光電工程學系,光電,28.36,156.0
115,東華,理工學院大數據科學國際學士班,,27.75,111.0
115,東華,企業管理學系,企業管理,21.57,75.5
115,東華,會計學系,會計,18.36,101.0
115,東華,資訊管理學系,資訊管理,29.0,145.0
115,東華,國際企業學系,國際企業,24.78,111.5
115,東華,財務金融學系,財務金融,27.0,108.0
115,東華,觀光暨休閒遊憩學系,,16.92,101.5
115,東華,管理學院管理科學與財金國際學士學位學程,財務金融,22.6,113.0
115,東華,管理學院會計與資訊管理國際學士班智慧會計與風險管理組,資訊管理,20.28,126.75
115,東華,管理學院會計與資訊管理國際學士班會計資訊與電腦稽核組,資訊管理,20.36,127.25
115,東華,管理學院數位行銷與服務創新國際學士班,,19.42,92.25
115,東華,華文文學與創作學系,,27.89,125.5
115,東華,中國語文學系,,28.56,128.5
115,東華,英美語文學系,外文,17.35,73.75
115,東華,臺灣文化學系,化學,18.82,103.5
115,東華,歷史學系,歷史,33.56,151.0
115,東華,經濟學系,經濟,17.75,71.0
115,東華,諮商與臨床心理學系(自然組),心理,25.75,103.0
115,東華,諮商與臨床心理學系(社會組),心理,33.3,166.5
115,東華,社會學系,社會學,30.09,165.5
115,東華,公共行政學系,,34.67,156.0
115,東華,法律學系,法律,41.11,185.0
115,東華,體育與運動科學系,,30.67,92.0
115,東華,教育與潛能開發學系,,27.5,110.0
115,東華,教育行政與管理學系,,22.27,167.0
115,東華,特殊教育學系,,25.25,101.0
115,東華,幼兒教育學系,,24.77,136.25
115,東華,族群關係與文化學系,化學,20.44,92.0
115,東華,民族語言與傳播學系,新聞傳播,22.67,68.0
115,東華,民族發展與社會工作學系民族發展組,社會工作,22.67,102.0
115,東華,民族發展與社會工作學系社會工作組,社會工作,30.67,138.0
115,東華,自然資源與環境學系環境管理與環境教育組,,29.4,147.0
115,東華,自然資源與環境學系生態與保育組,,28.8,144.0
115,東華,自然資源與環境學系地球科學組,,30.8,154.0
115,東華,縱谷跨域書院學士學位學程,,40.0,160.0
115,東華,藝術與設計學系,,26.25,105.0
115,東華,藝術創意產業學系,,28.8,144.0
101,北市教大,教育學系,,69.16,484.1
101,北市教大,特殊教育學系(自費),,65.71,427.1
101,北市教大,特殊教育學系(公費),,80.63,524.1
101,北市教大,幼兒教育學系,,66.05,363.3
101,北市教大,心理與諮商學系,心理,71.91,413.5
101,北市教大,學習與媒材設計學系,,75.17,413.45
101,北市教大,中國語文學系,,67.95,373.75
101,北市教大,歷史與地理學系,歷史,69.52,451.85
101,北市教大,音樂學系,,74.27,297.08
101,北市教大,視覺藝術學系,,64.74,388.45
101,北市教大,英語教學系,外文,71.24,498.7
101,北市教大,社會暨公共事務學系,,72.75,436.5
101,北市教大,數學系,數學,63.17,347.45
101,北市教大,資訊科學系,資訊工程,65.15,439.73
101,北市教大,應用物理暨化學系,物理,65.56,409.75
101,北市教大,地球環境暨生物資源學系,,63.36,380.15
101,北市教大,體育學系,,49.52,346.66
102,北市教大,教育學系,,69.88,559.0
102,北市教大,特殊教育學系,,67.31,437.5
102,北市教大,特殊教育學系(公費生),,82.75,537.9
102,北市教大,幼兒教育學系,,67.6,371.8
102,北市教大,心理與諮商學系,心理,72.82,418.7
102,北市教大,學習與媒材設計學系,,73.17,402.45
102,北市教大,中國語文學系,,69.75,383.65
102,北市教大,歷史與地理學系,歷史,71.05,461.85
102,北市教大,音樂學系,,77.32,309.28
102,北市教大,視覺藝術學系,,60.72,364.3
102,北市教大,英語教學系,外文,73.45,440.7
102,北市教大,社會暨公共事務學系,,74.02,481.15
102,北市教大,數學系,數學,55.55,305.5
102,北市教大,資訊科學系,資訊工程,58.9,397.55
102,北市教大,應用物理暨化學系,物理,58.1,363.15
102,北市教大,地球環境暨生物資源學系,,57.23,343.4
102,北市教大,體育學系,,53.07,371.52
103,北市大,教育學系,,71.45,571.6
103,北市大,特殊教育學系,,68.3,341.5
103,北市大,特殊教育學系(公費生),,87.28,436.4
103,北市大,幼兒教育學系,,67.2,504.0
103,北市大,幼兒教育學系(公費生),,79.41,595.6
103,北市大,心理與諮商學系,心理,73.23,494.33
103,北市大,學習與媒材設計學系,,73.47,404.1
103,北市大,中國語文學系,,69.7,383.35
103,北市大,英語教學系,外文,74.16,463.53
103,北市大,英語教學系(公費生),外文,84.6,528.78
103,北市大,社會暨公共事務學系,,76.44,535.05
103,北市大,歷史與地理學系,歷史,71.72,466.2
103,北市大,音樂學系,,74.45,297.8
103,北市大,音樂學系(公費生),,85.38,341.52
103,北市大,視覺藝術學系,,60.47,362.8
103,北市大,視覺藝術學系(公費生),,75.26,451.55
103,北市大,數學系,數學,54.17,284.4
103,北市大,資訊科學系,資訊工程,58.39,364.93
103,北市大,應用物理暨化學系,物理,58.66,366.63
103,北市大,地球環境暨生物資源學系,,55.92,335.53
103,北市大,地球環境暨生物資源學系(公費生),,80.98,485.9
103,北市大,體育學系,,51.54,309.22
103,北市大,休閒運動管理學系,,47.67,286.0
103,北市大,運動健康科學系,,58.38,321.1
104,北市大,教育學系,,62.16,497.3
104,北市大,特殊教育學系,,60.25,301.25
104,北市大,特殊教育學系(公費身心障礙類)-臺北市,,75.02,375.1
104,北市大,特殊教育學系(公費資賦優異類)-臺北市,,75.66,378.3
104,北市大,幼兒教育學系,,60.92,456.9
104,北市大,幼兒教育學系(公費)-臺北市,,74.03,555.2
104,北市大,心理與諮商學系,心理,66.13,462.9
104,北市大,學習與媒材設計學系,,61.34,337.35
104,北市大,中國語文學系,,64.57,387.4
104,北市大,英語教學系,外文,66.11,413.2
104,北市大,社會暨公共事務學系,,70.14,490.95
104,北市大,歷史與地理學系,歷史,68.04,442.25
104,北市大,音樂學系,,69.81,279.22
104,北市大,視覺藝術學系,,56.72,340.3
104,北市大,數學系,數學,51.29,269.28
104,北市大,資訊科學系,資訊工程,54.73,342.05
104,北市大,應用物理暨化學系,物理,55.54,347.13
104,北市大,地球環境暨生物資源學系,,50.99,305.95
104,北市大,體育學系,,48.55,242.74
104,北市大,休閒運動管理學系,,52.43,314.58
104,北市大,運動健康科學系,,57.46,316.05
104,北市大,城市發展學系,,67.64,473.5
104,北市大,都會產業經營與行銷學系,,65.58,327.9
104,北市大,衛生福利學系,,61.82,309.1
105,北市大,教育學系,,64.83,518.6
105,北市大,特殊教育學系,,61.94,309.7
105,北市大,特殊教育學系(公費)-臺北市,,80.21,401.05
105,北市大,幼兒教育學系,,61.29,459.7
105,北市大,心理與諮商學系,心理,67.79,474.5
105,北市大,學習與媒材設計學系,,66.55,366.05
105,北市大,中國語文學系,,63.4,380.4
105,北市大,英語教學系,外文,64.94,405.88
105,北市大,社會暨公共事務學系,,69.35,485.45
105,北市大,歷史與地理學系,歷史,67.28,437.35
105,北市大,音樂學系,,65.29,261.14
105,北市大,視覺藝術學系,,55.38,332.25
105,北市大,數學系,數學,53.32,279.95
105,北市大,資訊科學系,資訊工程,55.57,347.33
105,北市大,應用物理暨化學系電子物理組,物理,58.1,363.1
105,北市大,應用物理暨化學系應用化學組,化學,58.82,367.63
105,北市大,地球環境暨生物資源學系,,53.19,345.75
105,北市大,體育學系,,46.26,231.3
105,北市大,休閒運動管理學系,,55.82,279.1
105,北市大,運動健康科學系,,56.14,308.75
105,北市大,城市發展學系,,67.55,405.3
105,北市大,都會產業經營與行銷學系,,73.12,365.6
105,北市大,衛生福利學系,,57.22,343.3
106,北市大,教育學系,,65.51,524.1
106,北市大,特殊教育學系,,62.95,314.75
106,北市大,幼兒教育學系,,62.92,471.9
106,北市大,心理與諮商學系,心理,69.88,489.15
106,北市大,學習與媒材設計學系,,66.73,200.2
106,北市大,中國語文學系,,65.62,393.7
106,北市大,英語教學系,外文,68.32,426.98
106,北市大,社會暨公共事務學系,,71.99,503.9
106,北市大,歷史與地理學系,歷史,69.97,454.8
106,北市大,音樂學系,,70.54,282.16
106,北市大,視覺藝術學系,,51.75,310.5
106,北市大,數學系,數學,54.14,284.23
106,北市大,資訊科學系,資訊工程,57.82,361.35
106,北市大,應用物理暨化學系電子物理組,物理,59.6,372.48
106,北市大,應用物理暨化學系應用化學組,化學,60.13,375.8
106,北市大,地球環境暨生物資源學系,,54.28,352.85
106,北市大,體育學系,,51.04,306.24
106,北市大,休閒運動管理學系,,57.44,201.05
106,北市大,運動健康科學系,,54.86,301.75
106,北市大,城市發展學系,,70.36,351.8
106,北市大,都會產業經營與行銷學系,,74.68,373.4
106,北市大,衛生福利學系,,54.08,216.3
107,北市大,教育學系,,66.15,529.2
107,北市大,特殊教育學系,,65.4,327.0
107,北市大,幼兒教育學系,,63.69,477.7
107,北市大,心理與諮商學系,心理,69.39,485.7
107,北市大,學習與媒材設計學系,,67.42,370.8
107,北市大,中國語文學系,,66.44,398.65
107,北市大,英語教學系,外文,66.72,417.0
107,北市大,社會暨公共事務學系,,70.73,495.08
107,北市大,歷史與地理學系,歷史,70.51,458.3
107,北市大,音樂學系,,71.0,284.0
107,北市大,視覺藝術學系,,52.45,314.7
107,北市大,數學系,數學,62.44,327.8
107,北市大,資訊科學系,資訊工程,63.71,398.2
107,北市大,應用物理暨化學系電子物理組,物理,62.7,391.9
107,北市大,應用物理暨化學系應用化學組,化學,62.1,388.13
107,北市大,地球環境暨生物資源學系(自費),,57.51,373.8
107,北市大,地球環境暨生物資源學系(公費)-臺北市,,77.8,505.68
107,北市大,體育學系,,56.0,224.0
107,北市大,休閒運動管理學系,,49.77,199.09
107,北市大,運動健康科學系,,61.47,338.1
107,北市大,城市發展學系,,74.14,370.7
107,北市大,都會產業經營與行銷學系,,73.64,368.2
107,北市大,衛生福利學系,,57.38,229.5
108,北市大,教育學系,,70.83,566.6
108,北市大,特殊教育學系,,71.36,356.8
108,北市大,幼兒教育學系,,68.28,512.1
108,北市大,心理與諮商學系,心理,72.4,506.8
108,北市大,學習與媒材設計學系,,70.11,525.8
108,北市大,中國語文學系,,70.63,423.8
108,北市大,英語教學系,外文,71.01,443.8
108,北市大,社會暨公共事務學系,,76.07,532.48
108,北市大,歷史與地理學系,歷史,73.92,480.5
108,北市大,音樂學系,,73.47,293.88
108,北市大,視覺藝術學系,,59.24,355.43
108,北市大,數學系,數學,62.91,330.3
108,北市大,資訊科學系,資訊工程,64.77,404.8
108,北市大,應用物理暨化學系電子物理組,物理,65.8,411.25
108,北市大,應用物理暨化學系應用化學組,化學,64.56,403.5
108,北市大,地球環境暨生物資源學系,,62.57,406.7
108,北市大,體育學系,,58.83,235.33
108,北市大,休閒運動管理學系,,65.25,195.75
108,北市大,運動健康科學系,,65.18,358.5
108,北市大,城市發展學系,,77.48,387.4
108,北市大,都會產業經營與行銷學系,,78.4,392.0
108,北市大,衛生福利學系,,65.48,425.6
109,北市大,教育學系,,62.7,501.6
109,北市大,特殊教育學系,,63.37,316.83
109,北市大,幼兒教育學系,,62.01,465.1
109,北市大,心理與諮商學系,心理,66.33,464.3
109,北市大,學習與媒材設計學系,,63.23,474.2
109,北市大,中國語文學系,,64.14,384.85
109,北市大,英語教學系,外文,64.78,404.9
109,北市大,社會暨公共事務學系,,69.63,487.38
109,北市大,歷史與地理學系,歷史,68.72,446.65
109,北市大,音樂學系(自費),,71.76,287.02
109,北市大,音樂學系(公費)-臺中市,,82.66,330.64
109,北市大,視覺藝術學系(自費),,51.6,309.6
109,北市大,視覺藝術學系(公費)-臺中市,,65.81,394.88
109,北市大,數學系,數學,53.42,280.45
109,北市大,資訊科學系,資訊工程,58.27,364.2
109,北市大,應用物理暨化學系電子物理組,物理,61.22,382.6
109,北市大,應用物理暨化學系應用化學組,化學,60.14,375.9
109,北市大,地球環境暨生物資源學系,,58.44,379.83
109,北市大,體育學系,,59.26,237.04
109,北市大,休閒運動管理學系,,52.23,208.9
109,北市大,運動健康科學系,,66.58,299.6
109,北市大,城市發展學系,,74.24,371.2
109,北市大,都會產業經營與行銷學系,,71.24,356.2
109,北市大,衛生福利學系,,56.69,368.5
110,北市大,教育學系,,66.19,529.5
110,北市大,特殊教育學系,,61.26,306.3
110,北市大,幼兒教育學系,,62.88,471.6
110,北市大,心理與諮商學系,心理,70.47,493.3
110,北市大,學習與媒材設計學系,,65.13,488.5
110,北市大,中國語文學系,,69.52,347.6
110,北市大,歷史與地理學系,歷史,71.49,464.7
110,北市大,英語教學系,外文,66.03,412.7
110,北市大,社會暨公共事務學系,,68.83,481.83
110,北市大,音樂學系,,76.54,306.16
110,北市大,視覺藝術學系,,46.24,277.45
110,北市大,應用物理暨化學系電子物理組,物理,55.43,346.43
110,北市大,應用物理暨化學系應用化學組,化學,53.72,335.73
110,北市大,地球環境暨生物資源學系,,52.62,342.05
110,北市大,數學系,數學,47.69,250.35
110,北市大,資訊科學系,資訊工程,55.39,346.2
110,北市大,體育學系,,53.63,241.32
110,北市大,休閒運動管理學系,,45.13,180.5
110,北市大,運動健康科學系,,64.1,224.35
110,北市大,城市發展學系,,71.1,355.5
110,北市大,都會產業經營與行銷學系,,71.58,357.9
110,北市大,衛生福利學系,,52.72,342.7
111,北市大,教育學系,,33.63,269.0
111,北市大,特殊教育學系,,29.83,179.0
111,北市大,幼兒教育學系,,33.5,201.0
111,北市大,心理與諮商學系,心理,41.0,246.0
111,北市大,學習與媒材設計學系,,32.53,244.0
111,北市大,中國語文學系,,35.0,140.0
111,北市大,歷史與地理學系,歷史,37.92,246.5
111,北市大,英語教學系,外文,38.9,204.25
111,北市大,社會暨公共事務學系,,39.5,276.5
111,北市大,音樂學系,,61.57,246.28
111,北市大,視覺藝術學系,,35.43,248.0
111,北市大,應用物理暨化學系電子物理組,物理,31.56,197.25
111,北市大,應用物理暨化學系應用化學組,化學,30.32,189.5
111,北市大,地球環境暨生物資源學系,,28.31,184.0
111,北市大,數學系,數學,28.05,147.25
111,北市大,資訊科學系,資訊工程,32.64,204.0
111,北市大,體育學系,,35.9,197.47
111,北市大,休閒運動管理學系,,34.82,139.27
111,北市大,運動健康科學系,,41.0,143.5
111,北市大,城市發展學系,,39.4,197.0
111,北市大,都會產業經營與行銷學系,,38.83,233.0
111,北市大,衛生福利學系,,28.69,186.5
112,北市大,教育學系,,39.25,314.0
112,北市大,特殊教育學系,,36.75,220.5
112,北市大,幼兒教育學系,,41.83,251.0
112,北市大,心理與諮商學系,心理,42.08,252.5
112,北市大,學習與媒材設計學系,,37.93,284.5
112,北市大,中國語文學系,,43.0,172.0
112,北市大,歷史與地理學系,歷史,41.69,271.0
112,北市大,英語教學系,外文,40.48,212.5
112,北市大,社會暨公共事務學系,,42.93,300.5
112,北市大,音樂學系,,56.04,280.18
112,北市大,視覺藝術學系,,43.57,305.0
112,北市大,應用物理暨化學系電子物理組,物理,37.2,232.5
112,北市大,應用物理暨化學系應用化學組,化學,36.92,230.75
112,北市大,地球環境暨生物資源學系,,34.0,221.0
112,北市大,數學系,數學,33.81,177.5
112,北市大,資訊科學系,資訊工程,37.0,231.25
112,北市大,體育學系,,42.36,232.98
112,北市大,休閒運動管理學系,,41.0,123.0
112,北市大,運動健康科學系,,37.71,132.0
112,北市大,城市發展學系,,43.8,219.0
112,北市大,都會產業經營與行銷學系,,39.5,237.0
112,北市大,衛生福利學系,,34.31,223.0
113,北市大,教育學系,,36.75,294.0
113,北市大,特殊教育學系,,35.42,212.5
113,北市大,幼兒教育學系,,39.5,237.0
113,北市大,心理與諮商學系,心理,41.67,250.0
113,北市大,學習與媒材設計學系,,36.47,273.5
113,北市大,中國語文學系,,41.5,166.0
113,北市大,歷史與地理學系,歷史,39.62,257.5
113,北市大,英語教學系,外文,36.76,193.0
113,北市大,社會暨公共事務學系,,44.67,268.0
113,北市大,音樂學系,,55.87,279.34
113,北市大,視覺藝術學系,,33.43,234.0
113,北市大,應用物理暨化學系電子物理組,物理,39.72,248.25
113,北市大,應用物理暨化學系應用化學組,化學,38.88,243.0
113,北市大,地球環境暨生物資源學系,,36.46,237.0
113,北市大,數學系,數學,34.5,138.0
113,北市大,資訊科學系,資訊工程,38.72,242.0
113,北市大,體育學系,,38.97,214.36
113,北市大,休閒運動管理學系,,41.33,124.0
113,北市大,運動健康科學系,,40.57,142.0
113,北市大,城市發展學系,,42.2,211.0
113,北市大,都會產業經營與行銷學系,,38.17,229.0
113,北市大,衛生福利學系,,34.69,225.5
114,北市大,教育學系,,36.25,290.0
114,北市大,特殊教育學系,,33.25,199.5
114,北市大,幼兒教育學系,,36.33,218.0
114,北市大,心理與諮商學系,心理,42.08,252.5
114,北市大,學習與媒材設計學系,,34.53,259.0
114,北市大,中國語文學系,,39.0,156.0
114,北市大,歷史與地理學系,歷史,37.92,246.5
114,北市大,英語教學系,外文,39.76,169.0
114,北市大,社會暨公共事務學系,,43.25,259.5
114,北市大,音樂學系,,58.6,292.98
114,北市大,視覺藝術學系,,42.17,253.0
114,北市大,應用物理暨化學系電子物理組,物理,40.96,256.0
114,北市大,應用物理暨化學系應用化學組,化學,39.72,248.25
114,北市大,地球環境暨生物資源學系,,36.62,238.0
114,北市大,數學系,數學,35.25,141.0
114,北市大,資訊科學系,資訊工程,38.88,243.0
114,北市大,體育學系,,43.74,240.56
114,北市大,休閒運動管理學系,,38.62,125.5
114,北市大,運動健康科學系,,40.43,141.5
114,北市大,城市發展學系,,41.4,207.0
114,北市大,行銷與管理學系,,42.6,213.0
114,北市大,衛生福利學系,,35.45,195.0
115,北市大,教育學系,,35.63,285.0
115,北市大,特殊教育學系,,34.0,204.0
115,北市大,幼兒教育學系,,38.33,230.0
115,北市大,心理與諮商學系,心理,39.17,235.0
115,北市大,學習與媒材設計學系,,34.27,257.0
115,北市大,中國語文學系,,41.0,164.0
115,北市大,歷史與地理學系,歷史,44.36,244.0
115,北市大,英語教學系,外文,41.76,177.5
115,北市大,公共事務學系,,44.7,223.5
115,北市大,音樂學系,,57.79,288.94
115,北市大,視覺藝術學系,,43.33,260.0
115,北市大,應用物理暨化學系電子物理組,物理,38.64,241.5
115,北市大,應用物理暨化學系應用化學組,化學,39.0,243.75
115,北市大,地球環境暨生物資源學系,,31.89,143.5
115,北市大,數據科學與數學系,數學,31.5,126.0
115,北市大,資訊科學系,資訊工程,34.4,172.0
115,北市大,體育學系,,43.59,239.74
115,北市大,休閒運動管理學系,,40.0,130.0
115,北市大,運動健康科學系,,45.71,160.0
115,北市大,城市發展學系,,42.0,210.0
115,北市大,行銷與管理學系,,42.8,214.0
115,北市大,衛生福利學系,,30.91,170.0
101,屏教大,教育學系,,58.17,305.4
101,屏教大,教育心理與輔導學系,心理,62.52,328.25
101,屏教大,幼兒教育學系,,57.42,358.85
101,屏教大,特殊教育學系,,58.94,353.63
101,屏教大,中國語文學系,,59.95,404.63
101,屏教大,社會發展學系,,65.56,327.8
101,屏教大,英語學系,外文,64.1,256.4
101,屏教大,視覺藝術學系,,54.54,436.3
101,屏教大,文化創意產業學系,,61.44,430.1
101,屏教大,音樂學系-鋼琴,,55.48,277.41
101,屏教大,音樂學系-聲樂,,53.75,268.75
101,屏教大,音樂學系-小提琴,,46.23,231.15
101,屏教大,音樂學系-大提琴,,59.19,295.94
101,屏教大,音樂學系-擊樂,,76.78,383.88
101,屏教大,音樂學系-銅管樂、木管樂,,58.08,290.4
101,屏教大,化學生物系,,60.91,243.65
101,屏教大,應用數學系,數學,56.72,283.6
101,屏教大,應用物理系,物理,56.42,423.15
101,屏教大,資訊科學系,資訊工程,55.75,306.65
101,屏教大,體育學系,,46.69,315.19
101,屏教大,先進薄膜製程學士學位學程,,52.76,342.95
101,屏教大,電腦與智慧型機器人學位學程,,53.51,294.3
102,屏教大,教育學系,,58.3,306.05
102,屏教大,教育心理與輔導學系,心理,62.78,329.6
102,屏教大,幼兒教育學系,,57.69,346.15
102,屏教大,特殊教育學系,,59.3,355.8
102,屏教大,中國語文學系,,60.7,409.73
102,屏教大,社會發展學系,,65.52,327.6
102,屏教大,英語學系,外文,67.75,271.0
102,屏教大,視覺藝術學系,,57.28,458.2
102,屏教大,文化創意產業學系,,63.39,443.7
102,屏教大,音樂學系-鋼琴,,35.59,177.97
102,屏教大,音樂學系-小提琴,,38.98,194.89
102,屏教大,音樂學系-大提琴,,44.36,221.81
102,屏教大,音樂學系-銅管樂、木管樂,,50.94,254.72
102,屏教大,化學生物系,,58.36,233.45
102,屏教大,應用數學系,數學,51.02,255.1
102,屏教大,應用物理系,物理,48.01,360.05
102,屏教大,資訊科學系,資訊工程,54.04,297.2
102,屏教大,體育學系,,48.79,329.36
102,屏教大,先進薄膜製程學士學位學程,,46.08,299.5
102,屏教大,電腦與智慧型機器人學士學位學程,,51.35,282.45
103,屏教大,教育學系,,57.78,303.35
103,屏教大,教育心理與輔導學系,心理,64.88,340.6
103,屏教大,幼兒教育學系,,55.54,333.25
103,屏教大,特殊教育學系,,57.55,345.3
103,屏教大,中國語文學系,,60.39,407.63
103,屏教大,社會發展學系,,65.2,326.0
103,屏教大,英語學系,外文,69.45,277.8
103,屏教大,視覺藝術學系,,55.76,446.1
103,屏教大,文化創意產業學系,,65.08,390.5
103,屏教大,音樂學系-鋼琴,,50.84,254.22
103,屏教大,音樂學系-弦樂,,54.68,273.4
103,屏教大,音樂學系-綜合樂器,,52.75,263.77
103,屏教大,應用化學系,化學,48.69,170.4
103,屏教大,應用數學系,數學,46.6,233.0
103,屏教大,應用物理系物理組,物理,46.93,352.0
103,屏教大,應用物理系光電暨材料組,物理,46.44,348.3
103,屏教大,資訊科學系,資訊工程,48.37,266.05
103,屏教大,體育學系,,47.58,321.17
103,屏教大,科普傳播學系,新聞傳播,44.1,231.53
104,屏東大,教育學系,,52.26,274.35
104,屏東大,教育心理與輔導學系,心理,56.21,295.1
104,屏東大,幼兒教育學系,,51.27,307.6
104,屏東大,特殊教育學系,,53.93,323.55
104,屏東大,中國語文學系,,56.46,381.13
104,屏東大,社會發展學系,,61.88,309.4
104,屏東大,英語學系,外文,59.68,238.7
104,屏東大,視覺藝術學系,,53.33,426.6
104,屏東大,文化創意產業學系,,63.87,383.2
104,屏東大,音樂學系-鋼琴,,40.42,202.12
104,屏東大,音樂學系-弦樂,,48.32,241.58
104,屏東大,音樂學系-綜合樂器,,48.03,240.17
104,屏東大,應用化學系,化學,42.06,147.2
104,屏東大,應用數學系,數學,39.28,196.4
104,屏東大,應用物理系物理組,物理,40.88,306.6
104,屏東大,應用物理系光電暨材料組,物理,40.85,306.35
104,屏東大,資訊科學系,資訊工程,41.59,228.75
104,屏東大,體育學系,,51.32,346.43
104,屏東大,科普傳播學系,新聞傳播,39.83,209.13
105,屏東大,教育學系,,50.98,267.65
105,屏東大,幼兒教育學系,,48.98,293.85
105,屏東大,特殊教育學系,,50.71,304.28
105,屏東大,教育心理與輔導學系,心理,56.35,295.85
105,屏東大,中國語文學系,,54.35,258.15
105,屏東大,英語學系,外文,57.38,229.5
105,屏東大,文化創意產業學系,,54.48,217.9
105,屏東大,社會發展學系,,56.44,282.2
105,屏東大,應用英語學系,外文,58.48,292.4
105,屏東大,應用日語學系,日文,63.64,318.2
105,屏東大,商業自動化與管理學系,,62.07,186.2
105,屏東大,行銷與流通管理學系,,63.46,317.3
105,屏東大,休閒事業經營學系,,57.31,229.25
105,屏東大,不動產經營學系,,60.31,256.3
105,屏東大,企業管理學系,企業管理,68.77,206.3
105,屏東大,國際貿易學系,國際企業,64.68,323.4
105,屏東大,財務金融學系,財務金融,66.58,332.9
105,屏東大,會計學系,會計,61.48,276.65
105,屏東大,應用化學系,化學,40.94,143.3
105,屏東大,應用數學系,數學,40.88,163.5
105,屏東大,應用物理系物理組,物理,36.65,274.9
105,屏東大,應用物理系光電暨材料組,物理,38.08,285.6
105,屏東大,科普傳播學系,新聞傳播,36.74,156.15
105,屏東大,電腦與智慧型機器人學士學位學程,,40.4,202.0
105,屏東大,電腦與通訊學系,,40.34,201.7
105,屏東大,資訊工程學系,資訊工程,46.5,232.5
105,屏東大,資訊科學系,資訊工程,39.82,219.0
105,屏東大,資訊管理學系,資訊管理,65.0,325.0
105,屏東大,音樂學系-鋼琴,,43.28,216.41
105,屏東大,音樂學系-弦樂,,36.47,182.35
105,屏東大,音樂學系-綜合樂器,,49.14,245.71
105,屏東大,視覺藝術學系,,48.26,241.3
105,屏東大,體育學系,,45.95,310.19
106,屏東大,教育學系,,50.2,263.55
106,屏東大,教育學系(公費)-新竹市,,83.74,355.88
106,屏東大,幼兒教育學系,,49.27,344.9
106,屏東大,特殊教育學系,,52.2,313.18
106,屏東大,教育心理與輔導學系,心理,57.92,318.55
106,屏東大,中國語文學系,,54.66,245.98
106,屏東大,英語學系,外文,60.6,242.4
106,屏東大,文化創意產業學系,,55.3,221.2
106,屏東大,社會發展學系,,63.0,315.0
106,屏東大,應用英語學系,外文,61.24,306.2
106,屏東大,應用日語學系,日文,64.6,323.0
106,屏東大,商業自動化與管理學系,,63.92,319.6
106,屏東大,行銷與流通管理學系,,66.5,332.5
106,屏東大,休閒事業經營學系,,58.36,233.45
106,屏東大,不動產經營學系,,60.93,258.95
106,屏東大,企業管理學系,企業管理,64.6,226.1
106,屏東大,國際貿易學系,國際企業,67.28,336.4
106,屏東大,財務金融學系,財務金融,68.12,340.6
106,屏東大,會計學系,會計,71.16,391.4
106,屏東大,應用化學系,化學,39.72,198.6
106,屏東大,應用數學系,數學,39.23,156.9
106,屏東大,應用物理系物理組,物理,42.15,316.1
106,屏東大,應用物理系光電暨材料組,物理,40.94,307.05
106,屏東大,科普傳播學系,新聞傳播,40.42,192.0
106,屏東大,電腦與智慧型機器人學士學位學程,,41.62,208.1
106,屏東大,電腦與通訊學系,,45.74,228.7
106,屏東大,資訊工程學系,資訊工程,50.32,251.6
106,屏東大,資訊科學系,資訊工程,41.49,228.2
106,屏東大,資訊管理學系,資訊管理,66.58,332.9
106,屏東大,音樂學系,,51.03,204.12
106,屏東大,視覺藝術學系,,50.3,251.5
106,屏東大,體育學系,,46.93,316.81
107,屏東大,教育學系(自費),,51.35,269.58
107,屏東大,教育學系(公費)-新竹縣,,85.94,343.75
107,屏東大,幼兒教育學系,,50.69,354.8
107,屏東大,特殊教育學系,,53.23,319.36
107,屏東大,教育心理與輔導學系,心理,60.29,331.6
107,屏東大,中國語文學系,,59.01,265.55
107,屏東大,英語學系,外文,59.88,239.5
107,屏東大,文化創意產業學系,,58.03,232.1
107,屏東大,社會發展學系,,62.14,310.7
107,屏東大,應用英語學系,外文,67.6,338.0
107,屏東大,應用日語學系,日文,69.38,346.9
107,屏東大,視覺藝術學系數位媒體設計組,,56.09,280.43
107,屏東大,商業自動化與管理學系,,66.58,332.9
107,屏東大,行銷與流通管理學系,,68.06,340.3
107,屏東大,休閒事業經營學系,,59.91,239.63
107,屏東大,不動產經營學系,,71.27,302.88
107,屏東大,企業管理學系,企業管理,66.47,232.65
107,屏東大,國際貿易學系,國際企業,66.92,334.6
107,屏東大,財務金融學系,財務金融,70.86,425.14
107,屏東大,會計學系,會計,73.95,406.7
107,屏東大,應用化學系,化學,44.11,220.55
107,屏東大,應用數學系,數學,50.84,203.35
107,屏東大,應用物理系物理組,物理,46.68,350.1
107,屏東大,應用物理系光電暨材料組,物理,46.96,352.2
107,屏東大,科普傳播學系,新聞傳播,44.54,211.55
107,屏東大,電腦與智慧型機器人學士學位學程,,52.3,261.5
107,屏東大,電腦與通訊學系,,53.68,268.4
107,屏東大,資訊工程學系,資訊工程,61.58,307.9
107,屏東大,資訊科學系,資訊工程,52.13,286.7
107,屏東大,資訊管理學系,資訊管理,72.62,363.1
107,屏東大,音樂學系,,57.19,228.75
107,屏東大,視覺藝術學系造形藝術組,,50.88,254.4
107,屏東大,體育學系,,48.73,328.96
108,屏東大,教育學系,,61.09,336.0
108,屏東大,幼兒教育學系,,59.13,413.9
108,屏東大,特殊教育學系,,60.7,242.81
108,屏東大,教育心理與輔導學系,心理,66.96,351.55
108,屏東大,中國語文學系,,67.73,287.84
108,屏東大,英語學系,外文,67.3,269.2
108,屏東大,文化創意產業學系,,68.26,273.05
108,屏東大,社會發展學系,,67.62,338.1
108,屏東大,應用英語學系,外文,77.94,389.7
108,屏東大,應用日語學系,日文,74.8,374.0
108,屏東大,視覺藝術學系數位媒體設計組,,65.61,328.03
108,屏東大,商業自動化與管理學系,,74.04,370.2
108,屏東大,行銷與流通管理學系,,75.92,379.6
108,屏東大,休閒事業經營學系,,71.73,286.93
108,屏東大,不動產經營學系,,75.62,321.39
108,屏東大,企業管理學系,企業管理,72.73,254.55
108,屏東大,國際貿易學系,國際企業,76.22,381.1
108,屏東大,財務金融學系,財務金融,76.47,458.8
108,屏東大,會計學系,會計,81.07,445.9
108,屏東大,應用化學系,化學,51.92,259.6
108,屏東大,應用數學系,數學,55.9,223.6
108,屏東大,應用物理系物理組,物理,53.58,401.85
108,屏東大,應用物理系光電暨材料組,物理,52.53,393.95
108,屏東大,科普傳播學系,新聞傳播,53.96,256.33
108,屏東大,電腦與智慧型機器人學士學位學程,,56.75,283.75
108,屏東大,電腦與通訊學系,,59.24,296.2
108,屏東大,資訊工程學系,資訊工程,64.48,322.4
108,屏東大,資訊科學系,資訊工程,57.78,317.8
108,屏東大,資訊管理學系,資訊管理,74.52,372.6
108,屏東大,音樂學系,,55.93,223.72
108,屏東大,視覺藝術學系造形藝術組,,55.89,279.43
108,屏東大,體育學系,,52.31,353.09
109,屏東大,教育學系,,49.84,274.1
109,屏東大,幼兒教育學系,,50.67,354.7
109,屏東大,特殊教育學系,,47.51,190.03
109,屏東大,教育心理與輔導學系,心理,56.38,296.0
109,屏東大,中國語文學系,,60.53,257.26
109,屏東大,英語學系(自費),外文,60.68,242.7
109,屏東大,英語學系(公費)-高雄市,外文,81.35,325.4
109,屏東大,文化創意產業學系,,58.48,233.9
109,屏東大,社會發展學系,,65.2,326.0
109,屏東大,應用英語學系,外文,75.9,379.5
109,屏東大,應用日語學系,日文,69.52,347.6
109,屏東大,視覺藝術學系數位媒體設計組,,62.56,312.8
109,屏東大,商業自動化與管理學系,,62.17,310.86
109,屏東大,行銷與流通管理學系,,65.06,325.3
109,屏東大,休閒事業經營學系,,58.27,233.08
109,屏東大,不動產經營學系,,66.29,265.15
109,屏東大,企業管理學系,企業管理,61.66,231.23
109,屏東大,國際貿易學系,國際企業,67.14,335.7
109,屏東大,財務金融學系,財務金融,65.58,393.5
109,屏東大,會計學系,會計,73.78,405.8
109,屏東大,應用化學系,化學,47.59,237.95
109,屏東大,應用數學系,數學,47.14,188.55
109,屏東大,應用物理系物理組,物理,47.48,356.1
109,屏東大,應用物理系光電暨材料組,物理,45.0,337.5
109,屏東大,科普傳播學系,新聞傳播,42.93,203.9
109,屏東大,智慧機器人學系,,47.84,239.2
109,屏東大,電腦與通訊學系,,52.86,264.3
109,屏東大,資訊工程學系,資訊工程,55.73,278.66
109,屏東大,資訊科學系,資訊工程,50.51,277.8
109,屏東大,資訊管理學系,資訊管理,65.2,326.0
109,屏東大,音樂學系,,54.3,217.2
109,屏東大,視覺藝術學系造形藝術組,,45.81,229.03
109,屏東大,體育學系,,48.01,324.07
110,屏東大,教育學系,,44.75,246.1
110,屏東大,幼兒教育學系,,47.76,334.3
110,屏東大,特殊教育學系,,45.33,181.33
110,屏東大,教育心理與輔導學系,心理,53.55,281.15
110,屏東大,中國語文學系,,54.18,230.25
110,屏東大,英語學系,外文,53.2,212.8
110,屏東大,文化創意產業學系,,54.34,217.35
110,屏東大,社會發展學系,,59.8,299.0
110,屏東大,應用英語學系,外文,74.28,371.4
110,屏東大,應用日語學系,日文,67.4,337.0
110,屏東大,視覺藝術學系數位媒體設計組,,54.07,270.33
110,屏東大,商業自動化與管理學系,,61.04,305.2
110,屏東大,行銷與流通管理學系,,61.38,306.9
110,屏東大,休閒事業經營學系,,53.22,212.88
110,屏東大,不動產經營學系,,61.36,245.45
110,屏東大,企業管理學系,企業管理,58.53,219.5
110,屏東大,國際貿易學系,國際企業,68.84,344.2
110,屏東大,財務金融學系,財務金融,67.2,403.2
110,屏東大,會計學系,會計,69.98,384.9
110,屏東大,應用化學系,化學,33.75,168.75
110,屏東大,應用數學系,數學,37.53,150.1
110,屏東大,應用物理系物理組,物理,33.2,199.2
110,屏東大,應用物理系光電暨材料組,物理,34.61,259.6
110,屏東大,科學傳播學系,新聞傳播,47.87,179.53
110,屏東大,智慧機器人學系,,36.89,184.45
110,屏東大,電腦與通訊學系,,49.08,245.4
110,屏東大,資訊工程學系,資訊工程,50.5,252.5
110,屏東大,資訊科學系,資訊工程,46.71,256.9
110,屏東大,資訊管理學系,資訊管理,64.42,322.1
110,屏東大,音樂學系,,55.79,223.15
110,屏東大,視覺藝術學系造形藝術組,,48.18,240.88
110,屏東大,體育學系,,47.04,317.5
111,屏東大,教育學系,,16.62,108.0
111,屏東大,幼兒教育學系,,18.14,127.0
111,屏東大,特殊教育學系,,15.2,76.0
111,屏東大,教育心理與輔導學系,心理,28.38,149.0
111,屏東大,中國語文學系,,22.06,93.75
111,屏東大,英語學系,外文,28.75,115.0
111,屏東大,文化創意產業學系,,30.75,123.0
111,屏東大,社會發展學系,,20.2,101.0
111,屏東大,應用英語學系,外文,32.6,163.0
111,屏東大,應用日語學系,日文,35.8,179.0
111,屏東大,視覺藝術學系數位媒體設計組,,38.8,194.0
111,屏東大,商業自動化與管理學系,,28.65,164.75
111,屏東大,行銷與流通管理學系,,25.83,155.0
111,屏東大,休閒事業經營學系,,25.8,129.0
111,屏東大,不動產經營學系,,34.0,127.5
111,屏東大,企業管理學系,企業管理,29.55,147.75
111,屏東大,國際經營與貿易學系,,37.6,188.0
111,屏東大,財務金融學系,財務金融,33.0,214.5
111,屏東大,會計學系,會計,32.46,211.0
111,屏東大,大數據商務應用學士學位學程,,27.5,165.0
111,屏東大,應用化學系,化學,17.8,89.0
111,屏東大,應用數學系,數學,13.25,53.0
111,屏東大,應用物理系物理組,物理,12.17,70.0
111,屏東大,應用物理系光電暨材料組,物理,18.3,123.5
111,屏東大,科學傳播學系,新聞傳播,26.93,101.0
111,屏東大,智慧機器人學系,,16.0,80.0
111,屏東大,電腦與通訊學系,,25.33,152.0
111,屏東大,資訊工程學系,資訊工程,24.0,144.0
111,屏東大,電腦科學與人工智慧學系,,20.36,112.0
111,屏東大,資訊管理學系,資訊管理,35.67,214.0
111,屏東大,音樂學系,,44.2,221.0
111,屏東大,視覺藝術學系美術組,,35.95,215.7
111,屏東大,體育學系,,24.64,160.14
112,屏東大,教育學系,,30.08,195.5
112,屏東大,幼兒教育學系,,35.6,178.0
112,屏東大,特殊教育學系,,38.5,154.0
112,屏東大,教育心理與輔導學系,心理,35.33,159.0
112,屏東大,中國語文學系,,35.12,149.25
112,屏東大,英語學系,外文,30.25,121.0
112,屏東大,文化創意產業學系,,36.25,145.0
112,屏東大,社會發展學系,,33.33,100.0
112,屏東大,應用英語學系,外文,47.4,237.0
112,屏東大,應用日語學系,日文,40.0,200.0
112,屏東大,視覺藝術學系數位媒體設計組,,37.3,186.5
112,屏東大,商業自動化與管理學系,,33.9,169.5
112,屏東大,行銷與流通管理學系,,33.0,198.0
112,屏東大,休閒事業經營學系,,33.0,165.0
112,屏東大,不動產經營學系,,39.13,146.75
112,屏東大,企業管理學系,企業管理,34.9,174.5
112,屏東大,國際經營與貿易學系,,35.1,175.5
112,屏東大,財務金融學系,財務金融,34.67,208.0
112,屏東大,會計學系,會計,34.85,226.5
112,屏東大,大數據商務應用學士學位學程,,32.33,194.0
112,屏東大,應用化學系,化學,24.9,124.5
112,屏東大,應用數學系,數學,27.5,110.0
112,屏東大,應用物理系半導體組,物理,32.22,185.25
112,屏東大,應用物理系光電暨材料組,物理,29.74,200.75
112,屏東大,科學傳播學系,新聞傳播,30.89,146.75
112,屏東大,智慧機器人學系,,28.6,143.0
112,屏東大,電腦與通訊學系,,35.33,212.0
112,屏東大,資訊工程學系,資訊工程,35.17,211.0
112,屏東大,電腦科學與人工智慧學系,,30.73,169.0
112,屏東大,資訊管理學系,資訊管理,37.17,223.0
112,屏東大,音樂學系,,43.34,216.72
112,屏東大,視覺藝術學系美術組,,41.83,251.0
112,屏東大,體育學系,,51.57,206.28
113,屏東大,教育學系,,28.77,187.0
113,屏東大,幼兒教育學系,,33.0,165.0
113,屏東大,特殊教育學系,,36.5,146.0
113,屏東大,教育心理與輔導學系,心理,33.72,151.75
113,屏東大,中國語文學系,,33.59,142.75
113,屏東大,英語學系,外文,31.75,127.0
113,屏東大,文化創意產業學系,,33.5,134.0
113,屏東大,社會發展學系,,31.67,95.0
113,屏東大,應用英語學系,外文,44.2,221.0
113,屏東大,應用日語學系,日文,40.2,201.0
113,屏東大,視覺藝術學系數位媒體設計組,,37.3,186.5
113,屏東大,商業大數據學系,,30.0,120.0
113,屏東大,行銷與流通管理學系,,26.5,159.0
113,屏東大,休閒事業經營學系,,30.5,152.5
113,屏東大,不動產經營學系,,37.33,112.0
113,屏東大,企業管理學系,企業管理,29.6,148.0
113,屏東大,國際經營與貿易學系,,32.5,130.0
113,屏東大,財務金融學系,財務金融,34.25,137.0
113,屏東大,會計學系,會計,31.85,207.0
113,屏東大,應用化學系,化學,30.8,154.0
113,屏東大,應用數學系,數學,31.25,125.0
113,屏東大,應用物理系半導體組,物理,32.26,185.5
113,屏東大,應用物理系光電暨材料組,物理,30.56,206.25
113,屏東大,科學傳播學系,新聞傳播,31.84,151.25
113,屏東大,智慧機器人學系,,30.4,152.0
113,屏東大,電腦與通訊學系,,35.33,212.0
113,屏東大,資訊工程學系,資訊工程,35.0,210.0
113,屏東大,電腦科學與人工智慧學系,,33.4,167.0
113,屏東大,資訊管理學系,資訊管理,33.67,202.0
113,屏東大,音樂學系,,45.24,226.2
113,屏東大,視覺藝術學系美術組,,30.1,180.6
113,屏東大,體育學系,,49.24,196.94
114,屏東大,教育學系,,26.33,158.0
114,屏東大,幼兒教育學系,,31.4,157.0
114,屏東大,特殊教育學系,,30.5,122.0
114,屏東大,教育心理與輔導學系,心理,31.78,143.0
114,屏東大,中國語文學系,,31.41,133.5
114,屏東大,英語學系,外文,29.25,117.0
114,屏東大,文化創意產業學系,,30.25,121.0
114,屏東大,社會發展學系,,29.33,88.0
114,屏東大,應用英語學系,外文,36.5,146.0
114,屏東大,應用日語學系,日文,36.2,181.0
114,屏東大,視覺藝術學系數位媒體設計組,,32.8,164.0
114,屏東大,商業大數據學系,,28.75,115.0
114,屏東大,行銷與流通管理學系,,26.0,156.0
114,屏東大,休閒事業經營學系,,26.7,133.5
114,屏東大,不動產經營學系,,34.33,103.0
114,屏東大,企業管理學系,企業管理,30.9,154.5
114,屏東大,國際經營與貿易學系,,32.25,129.0
114,屏東大,財務金融學系,財務金融,34.79,165.25
114,屏東大,會計學系,會計,31.85,207.0
114,屏東大,應用化學系,化學,30.9,154.5
114,屏東大,應用數學系,數學,30.25,121.0
114,屏東大,應用物理系半導體組,物理,33.37,158.5
114,屏東大,應用物理系光電暨材料組,物理,29.96,172.25
114,屏東大,科學傳播學系,新聞傳播,31.89,151.5
114,屏東大,智慧機器人學系,,29.0,145.0
114,屏東大,電腦與通訊學系,,33.5,201.0
114,屏東大,資訊工程學系,資訊工程,34.0,204.0
114,屏東大,電腦科學與人工智慧學系,,31.8,159.0
114,屏東大,資訊管理學系,資訊管理,32.67,196.0
114,屏東大,音樂學系,,22.33,67.0
114,屏東大,體育學系,,55.94,223.76
115,屏東大,教育學系,,31.89,143.5
115,屏東大,幼兒教育學系,,32.4,162.0
115,屏東大,特殊教育學系,,32.5,130.0
115,屏東大,教育心理與輔導學系,心理,29.94,134.75
115,屏東大,中國語文學系,,33.18,141.0
115,屏東大,英語學系,外文,29.0,116.0
115,屏東大,文化創意產業學系,,33.25,133.0
115,屏東大,社會發展學系,,30.67,92.0
115,屏東大,應用英語學系,外文,36.0,144.0
115,屏東大,應用日語學系,日文,36.6,183.0
115,屏東大,視覺藝術學系數位媒體設計組,,34.7,173.5
115,屏東大,商業大數據學系,,27.0,108.0
115,屏東大,行銷與流通管理學系,,24.67,148.0
115,屏東大,休閒事業經營學系,,32.5,162.5
115,屏東大,不動產經營學系,,33.33,100.0
115,屏東大,企業管理學系,企業管理,26.4,132.0
115,屏東大,國際經營與貿易學系,,30.0,120.0
115,屏東大,財務金融學系,財務金融,33.0,132.0
115,屏東大,會計學系,會計,29.38,191.0
115,屏東大,應用化學系,化學,28.7,143.5
115,屏東大,應用數學系,數學,29.25,117.0
115,屏東大,應用物理系半導體組,物理,29.95,142.25
115,屏東大,應用物理系光電暨材料組,物理,29.43,169.25
115,屏東大,科學傳播學系,新聞傳播,29.79,141.5
115,屏東大,智慧機器人學系,,30.8,154.0
115,屏東大,電腦與通訊學系,,33.83,203.0
115,屏東大,資訊工程學系,資訊工程,34.0,204.0
115,屏東大,電腦科學與人工智慧學系,,30.0,150.0
115,屏東大,資訊管理學系,資訊管理,33.0,198.0
115,屏東大,音樂學系,,28.0,84.0
115,屏東大,視覺藝術學系美術組,,16.08,96.5
115,屏東大,體育學系,,55.01,220.02
101,竹教大,教育學系(自費),,62.43,499.4
101,竹教大,教育學系(公費生),,82.01,656.1
101,竹教大,幼兒教育學系,,61.0,320.25
101,竹教大,特殊教育學系,,62.99,456.7
101,竹教大,教育心理與諮商學系,心理,71.35,356.75
101,竹教大,體育學系(自費男),,46.25,300.62
101,竹教大,體育學系(自費女),,41.74,271.28
101,竹教大,體育學系(公費生),,64.34,418.22
101,竹教大,中國語文學系,,64.38,418.45
101,竹教大,英語教學系,外文,67.18,403.1
101,竹教大,環境與文化資源學系,,69.06,448.9
101,竹教大,藝術與設計學系創作組(男),,59.24,355.44
101,竹教大,藝術與設計學系創作組(女),,59.07,354.43
101,竹教大,藝術與設計學系設計組,,59.44,356.65
101,竹教大,音樂學系-鋼琴(自費),,72.19,288.76
101,竹教大,音樂學系-聲樂(自費),,62.6,250.38
101,竹教大,音樂學系-絃樂(自費),,65.4,261.58
101,竹教大,音樂學系-銅管樂(自費),,60.17,240.66
101,竹教大,音樂學系-木管樂(自費),,70.47,281.9
101,竹教大,音樂系-中國傳統樂器(自費),,63.68,254.7
101,竹教大,音樂學系(公費生),,83.54,334.14
101,竹教大,應用數學系,數學,60.08,390.5
101,竹教大,應用科學系生命科學組,生命科學,63.75,382.5
101,竹教大,應用科學系奈米科學組,,65.85,428.05
102,竹教大,教育與學習科技學系,,61.21,489.7
102,竹教大,教育與學習科技學系(公費生)-桃園縣,,83.73,669.8
102,竹教大,教育與學習科技學系(公費生)-雲林縣,,81.72,653.8
102,竹教大,幼兒教育學系,,61.78,324.33
102,竹教大,幼兒教育學系(公費生),,80.15,420.78
102,竹教大,特殊教育學系,,63.34,459.25
102,竹教大,教育心理與諮商學系,心理,70.77,353.85
102,竹教大,體育學系(男),,44.71,335.34
102,竹教大,體育學系(女),,39.67,297.54
102,竹教大,中國語文學系,,65.48,425.65
102,竹教大,英語教學系,外文,66.93,401.6
102,竹教大,環境與文化資源學系,,70.36,457.35
102,竹教大,藝術與設計學系創作組(男),,61.14,366.84
102,竹教大,藝術與設計學系創作組(女),,63.67,382.04
102,竹教大,藝術與設計學系設計組,,63.49,380.92
102,竹教大,音樂學系-鋼琴,,68.76,275.02
102,竹教大,音樂學系-聲樂,,54.34,217.34
102,竹教大,音樂學系-絃樂,,60.91,243.64
102,竹教大,音樂學系-銅管樂,,64.12,256.48
102,竹教大,音樂學系-木管樂,,70.51,282.02
102,竹教大,音樂學系-理論作曲,,71.94,287.76
102,竹教大,音樂學系-中國傳統樂器,,64.94,259.76
102,竹教大,音樂學系(公費生),,84.34,337.34
102,竹教大,應用數學系,數學,51.81,336.75
102,竹教大,應用科學系生命科學組,生命科學,62.63,375.75
102,竹教大,應用科學系奈米科學組,,57.88,376.2
102,竹教大,應用科學系奈米科學組(公費生),,80.87,525.65
103,竹教大,教育與學習科技學系,,60.88,487.0
103,竹教大,教育與學習科技學系(公費生),,82.23,657.8
103,竹教大,幼兒教育學系,,63.22,331.88
103,竹教大,幼兒教育學系(公費生),,81.16,446.4
103,竹教大,特殊教育學系,,64.44,467.2
103,竹教大,教育心理與諮商學系,心理,71.41,357.05
103,竹教大,體育學系(男),,39.71,317.64
103,竹教大,體育學系(女),,34.18,273.45
103,竹教大,體育學系(公費生),,61.32,521.2
103,竹教大,中國語文學系,,65.53,425.95
103,竹教大,英語教學系,外文,68.44,479.05
103,竹教大,環境與文化資源學系,,71.89,467.3
103,竹教大,藝術與設計學系創作組,,61.08,366.46
103,竹教大,藝術與設計學系設計組,,61.9,371.42
103,竹教大,音樂學系-鋼琴,,73.13,292.52
103,竹教大,音樂學系-聲樂,,59.16,236.62
103,竹教大,音樂學系-弦樂,,67.1,268.38
103,竹教大,音樂學系-銅管樂,,66.19,264.76
103,竹教大,音樂學系-木管樂,,72.92,291.68
103,竹教大,音樂學系-中國傳統樂器,,63.27,253.08
103,竹教大,應用數學系,數學,49.26,320.2
103,竹教大,應用科學系生命科學組,生命科學,58.58,351.45
103,竹教大,應用科學系奈米科學組,,56.74,368.8
104,竹教大,教育與學習科技學系,,53.09,424.7
104,竹教大,教育與學習科技學系(公費英語)-桃園市,外文,75.83,606.6
104,竹教大,教育與學習科技學系(公費)-新竹市,,75.33,602.6
104,竹教大,幼兒教育學系,,58.82,308.8
104,竹教大,幼兒教育學系(公費)-桃園市,,72.97,583.8
104,竹教大,特殊教育學系,,58.04,420.8
104,竹教大,教育心理與諮商學系,心理,60.46,302.3
104,竹教大,體育學系(男),,50.58,328.74
104,竹教大,體育學系(女),,41.94,272.58
104,竹教大,中國語文學系,,60.6,393.9
104,竹教大,英語教學系,外文,57.9,405.3
104,竹教大,環境與文化資源學系,,68.45,444.95
104,竹教大,藝術與設計學系創作組,,59.14,354.83
104,竹教大,藝術與設計學系設計組,,59.39,356.34
104,竹教大,音樂學系-鋼琴,,57.3,229.18
104,竹教大,音樂學系-聲樂,,57.2,228.78
104,竹教大,音樂學系-弦樂,,60.88,243.5
104,竹教大,音樂學系-木管樂,,67.68,270.72
104,竹教大,音樂學系-擊樂,,53.69,214.76
104,竹教大,應用數學系,數學,41.13,267.35
104,竹教大,應用科學系生命科學組,生命科學,52.02,312.1
104,竹教大,應用科學系材料科學組,材料,51.48,334.6
105,竹教大,教育與學習科技學系,,58.44,467.5
105,竹教大,幼兒教育學系,,59.43,312.03
105,竹教大,特殊教育學系,,59.19,429.1
105,竹教大,教育心理與諮商學系,心理,67.34,336.7
105,竹教大,體育學系(男),,43.89,285.3
105,竹教大,體育學系(女),,39.67,257.88
105,竹教大,中國語文學系,,60.78,395.05
105,竹教大,英語教學系,外文,59.55,416.85
105,竹教大,環境與文化資源學系,,64.48,419.1
105,竹教大,藝術與設計學系創作組,,59.07,354.39
105,竹教大,藝術與設計學系設計組,,63.54,413.0
105,竹教大,音樂學系-鋼琴,,58.9,235.6
105,竹教大,音樂學系-聲樂,,57.11,228.44
105,竹教大,音樂學系-弦樂,,53.49,213.94
105,竹教大,音樂學系-木管樂,,61.46,245.82
105,竹教大,應用數學系,數學,49.36,320.85
105,竹教大,應用科學系生命科學組,生命科學,56.38,451.0
105,竹教大,應用科學系材料科學組,材料,56.91,369.9
101,台東大,教育學系(自費),,57.41,229.65
101,台東大,教育學系(公費生),,80.66,322.65
101,台東大,數位媒體與文教產業學系,,57.26,272.0
101,台東大,文化資源與休閒產業學系,,63.37,221.8
101,台東大,數學系,數學,45.92,298.48
101,台東大,體育學系,,50.57,227.55
101,台東大,幼兒教育學系(師培生),,57.9,332.95
101,台東大,幼兒教育學系(非師培生),,55.62,319.8
101,台東大,美術產業學系,,54.76,314.85
101,台東大,特殊教育學系,,54.98,219.9
101,台東大,音樂學系-鋼琴,,51.68,258.41
101,台東大,音樂學系-聲樂,,40.79,203.95
101,台東大,音樂學系-木管樂,,54.43,272.15
101,台東大,音樂學系-銅管樂,,54.33,271.65
101,台東大,音樂學系-低音提琴,,46.78,233.88
101,台東大,應用科學系應用物理組,物理,47.34,355.05
101,台東大,應用科學系化學及奈米科學組,,48.79,365.9
101,台東大,資訊工程學系,資訊工程,47.44,332.1
101,台東大,英美語文學系,外文,60.27,331.5
101,台東大,資訊管理學系,資訊管理,59.57,327.65
101,台東大,華語文學系,,56.1,308.55
101,台東大,身心整合與運動休閒產業學系,,51.05,280.8
101,台東大,生命科學系,生命科學,53.82,269.1
101,台東大,公共與文化事務學系,,66.8,400.8
102,台東大,教育學系,,53.9,215.6
102,台東大,文化資源與休閒產業學系,,58.51,204.8
102,台東大,幼兒教育學系(師資生),,56.16,322.9
102,台東大,幼兒教育學系(非師資生),,54.5,313.35
102,台東大,特殊教育學系,,53.8,215.2
102,台東大,體育學系,,51.59,232.15
102,台東大,數位媒體與文教產業學系,,54.72,259.9
102,台東大,英美語文學系,外文,61.0,335.5
102,台東大,華語文學系,,57.92,318.55
102,台東大,身心整合與運動休閒產業學系,,54.93,302.1
102,台東大,公共與文化事務學系,,67.06,402.35
102,台東大,美術產業學系,,56.73,326.18
102,台東大,音樂學系-鋼琴,,50.37,251.84
102,台東大,音樂學系-聲樂,,56.82,284.08
102,台東大,音樂學系-絃樂,,47.93,239.66
102,台東大,音樂學系-理論作曲,,40.35,201.75
102,台東大,數學系,數學,42.58,255.45
102,台東大,應用科學系化學及奈米科學組,,41.13,308.5
102,台東大,應用科學系應用物理組,物理,39.56,296.7
102,台東大,資訊工程學系,資訊工程,45.06,315.4
102,台東大,資訊管理學系,資訊管理,57.36,315.5
102,台東大,生命科學系,生命科學,52.5,262.5
103,台東大,教育學系,,54.01,216.05
103,台東大,文化資源與休閒產業學系,,58.34,204.2
103,台東大,幼兒教育學系(師資生),,51.81,297.9
103,台東大,幼兒教育學系(非師資生),,51.18,294.3
103,台東大,特殊教育學系,,51.46,205.85
103,台東大,體育學系,,49.39,222.25
103,台東大,數位媒體與文教產業學系,,52.49,236.2
103,台東大,英美語文學系,外文,61.01,335.55
103,台東大,華語文學系,,57.43,315.85
103,台東大,身心整合與運動休閒產業學系,,46.79,233.95
103,台東大,公共與文化事務學系,,67.1,402.6
103,台東大,美術產業學系,,51.9,298.45
103,台東大,音樂學系,,49.88,249.42
103,台東大,數學系,數學,38.04,228.25
103,台東大,應用科學系化學及奈米科學組,,40.89,306.7
103,台東大,應用科學系應用物理組,物理,37.23,279.2
103,台東大,資訊工程學系,資訊工程,42.46,297.2
103,台東大,資訊管理學系,資訊管理,54.5,299.75
103,台東大,生命科學系,生命科學,45.44,227.2
104,台東大,資訊管理學系,資訊管理,46.83,257.55
104,台東大,教育學系,,45.49,181.95
104,台東大,文化資源與休閒產業學系,,55.91,195.7
104,台東大,幼兒教育學系,,44.47,255.7
104,台東大,特殊教育學系,,45.69,182.75
104,台東大,體育學系,,44.69,201.1
104,台東大,數位媒體與文教產業學系,,47.51,213.8
104,台東大,英美語文學系,外文,53.29,293.1
104,台東大,華語文學系,,54.86,301.75
104,台東大,身心整合與運動休閒產業學系,,43.85,219.25
104,台東大,公共與文化事務學系,,65.84,395.05
104,台東大,美術產業學系,,49.41,284.1
104,台東大,音樂學系,,49.54,247.7
104,台東大,應用數學系,數學,35.78,196.8
104,台東大,應用科學系化學及奈米科學組,,34.51,258.8
104,台東大,應用科學系應用物理組,物理,33.75,253.1
104,台東大,資訊工程學系,資訊工程,34.8,243.6
104,台東大,生命科學系,生命科學,45.68,251.25
105,台東大,教育學系,,46.24,184.95
105,台東大,文化資源與休閒產業學系,,50.3,251.5
105,台東大,幼兒教育學系,,44.73,257.2
105,台東大,特殊教育學系,,45.76,183.05
105,台東大,體育學系,,42.97,193.35
105,台東大,數位媒體與文教產業學系,,49.41,222.35
105,台東大,英美語文學系,外文,49.55,272.5
105,台東大,華語文學系,,48.9,268.95
105,台東大,身心整合與運動休閒產業學系,,40.64,203.2
105,台東大,公共與文化事務學系,,59.03,354.15
105,台東大,美術產業學系,,48.08,276.48
105,台東大,音樂學系,,42.92,236.08
105,台東大,應用數學系,數學,35.58,195.7
105,台東大,應用科學系化學及奈米科學組,,35.46,248.25
105,台東大,應用科學系應用物理組,物理,35.33,247.3
105,台東大,資訊管理學系,資訊管理,51.62,283.9
105,台東大,資訊工程學系,資訊工程,35.45,194.95
105,台東大,生命科學系,生命科學,47.92,263.55
105,台東大,綠色與資訊科技學士學位學程,,50.18,200.7
106,台東大,教育學系,,42.76,171.05
106,台東大,文化資源與休閒產業學系,,50.39,251.95
106,台東大,幼兒教育學系,,44.92,258.3
106,台東大,特殊教育學系,,45.75,183.0
106,台東大,體育學系,,33.3,149.85
106,台東大,數位媒體與文教產業學系,,47.37,213.15
106,台東大,英美語文學系,外文,51.41,282.75
106,台東大,華語文學系,,49.39,222.25
106,台東大,身心整合與運動休閒產業學系,,31.18,155.9
106,台東大,公共與文化事務學系,,63.7,382.2
106,台東大,美術產業學系,,47.65,273.98
106,台東大,音樂學系,,46.9,257.97
106,台東大,應用數學系,數學,34.89,191.9
106,台東大,應用科學系化學及奈米科學組,,31.96,223.7
106,台東大,應用科學系應用物理組,物理,35.21,246.5
106,台東大,資訊管理學系,資訊管理,50.85,279.7
106,台東大,資訊工程學系,資訊工程,37.54,206.45
106,台東大,生命科學系,生命科學,43.8,240.9
106,台東大,綠色與資訊科技學士學位學程,,52.93,211.7
107,台東大,教育學系,,45.84,183.35
107,台東大,文化資源與休閒產業學系,,50.36,251.8
107,台東大,幼兒教育學系,,45.61,262.25
107,台東大,特殊教育學系,,48.22,192.88
107,台東大,體育學系,,42.0,188.98
107,台東大,數位媒體與文教產業學系,,50.33,226.48
107,台東大,英美語文學系,外文,54.73,301.0
107,台東大,華語文學系,,50.84,228.8
107,台東大,身心整合與運動休閒產業學系,,42.99,214.95
107,台東大,公共與文化事務學系,,66.18,397.1
107,台東大,美術產業學系,,48.47,278.69
107,台東大,音樂學系,,56.09,308.47
107,台東大,應用數學系,數學,51.3,282.13
107,台東大,應用科學系化學及奈米科學組,,41.54,290.75
107,台東大,應用科學系應用物理組,物理,38.85,271.95
107,台東大,資訊管理學系,資訊管理,52.4,288.2
107,台東大,資訊工程學系,資訊工程,49.91,274.5
107,台東大,生命科學系,生命科學,49.12,270.15
107,台東大,綠色與資訊科技學士學位學程,,52.74,210.95
108,台東大,教育學系,,59.85,239.38
108,台東大,文化資源與休閒產業學系,,64.91,292.1
108,台東大,幼兒教育學系,,57.11,328.4
108,台東大,特殊教育學系,,59.11,280.78
108,台東大,體育學系,,54.36,244.6
108,台東大,數位媒體與文教產業學系,,63.12,284.05
108,台東大,英美語文學系,外文,62.85,345.7
108,台東大,華語文學系,,61.89,278.5
108,台東大,身心整合與運動休閒產業學系,,59.33,178.0
108,台東大,公共與文化事務學系,,75.05,412.8
108,台東大,美術產業學系,,49.31,283.54
108,台東大,音樂學系,,38.95,214.2
108,台東大,應用數學系,數學,56.53,310.93
108,台東大,應用科學系化學及奈米科學組,,52.03,364.2
108,台東大,應用科學系應用物理組,物理,51.66,361.65
108,台東大,資訊管理學系,資訊管理,62.29,342.6
108,台東大,資訊工程學系,資訊工程,56.33,309.8
108,台東大,生命科學系,生命科學,60.82,334.5
108,台東大,綠色與資訊科技學士學位學程,,65.56,262.25
109,台東大,教育學系,,49.21,196.85
109,台東大,文化資源與休閒產業學系,,59.27,266.7
109,台東大,幼兒教育學系,,46.35,266.5
109,台東大,特殊教育學系,,46.23,219.58
109,台東大,體育學系,,44.28,199.28
109,台東大,數位媒體與文教產業學系,,58.98,235.9
109,台東大,英美語文學系,外文,54.11,297.6
109,台東大,華語文學系,,55.23,248.53
109,台東大,身心整合與運動休閒產業學系,,47.76,179.09
109,台東大,公共與文化事務學系,,68.73,378.0
109,台東大,美術產業學系,,48.03,216.15
109,台東大,應用數學系,數學,47.68,262.25
109,台東大,應用科學系化學及奈米科學組,,45.33,294.63
109,台東大,應用科學系應用物理組,物理,43.45,304.15
109,台東大,資訊管理學系,資訊管理,52.05,286.3
109,台東大,資訊工程學系,資訊工程,47.58,261.7
109,台東大,生命科學系,生命科學,52.63,289.45
109,台東大,綠色與資訊科技學士學位學程,,48.89,195.55
110,台東大,教育學系,,39.23,156.9
110,台東大,文化資源與休閒產業學系,,55.99,251.95
110,台東大,幼兒教育學系,,41.36,237.8
110,台東大,特殊教育學系,,36.77,183.85
110,台東大,體育學系,,26.59,119.65
110,台東大,數位媒體與文教產業學系,,52.45,209.8
110,台東大,英美語文學系,外文,43.4,195.3
110,台東大,華語文學系,,47.88,215.48
110,台東大,身心整合與運動休閒產業學系,,38.7,154.78
110,台東大,公共與文化事務學系,,63.15,347.3
110,台東大,美術產業學系,,44.17,253.99
110,台東大,音樂學系,,45.37,226.85
110,台東大,應用數學系,數學,32.28,177.55
110,台東大,應用科學系化學及奈米科學組,,29.4,191.1
110,台東大,應用科學系應用物理組,物理,27.79,194.5
110,台東大,資訊管理學系,資訊管理,48.78,268.3
110,台東大,資訊工程學系,資訊工程,43.56,239.6
110,台東大,生命科學系,生命科學,39.01,214.55
110,台東大,綠色與資訊科技學士學位學程,,49.45,197.8
111,台東大,全校不分系學士學位學程,,36.14,126.5
111,台東大,教育學系,,24.0,120.0
111,台東大,體育學系,,23.11,104.0
111,台東大,幼兒教育學系,,19.04,128.5
111,台東大,特殊教育學系,,29.22,131.5
111,台東大,文化資源與休閒產業學系,,25.38,101.5
111,台東大,數位媒體與文教產業學系,,25.75,103.0
111,台東大,公共與文化事務學系,,38.64,212.5
111,台東大,身心整合與運動休閒產業學系,,16.4,82.0
111,台東大,英美語文學系,外文,31.82,175.0
111,台東大,華語文學系,,28.44,128.0
111,台東大,美術產業學系,,27.0,108.0
111,台東大,音樂學系A組,,43.94,230.7
111,台東大,音樂學系B組,,18.67,84.0
111,台東大,生命科學系,生命科學,17.36,95.5
111,台東大,資訊工程學系,資訊工程,21.46,139.5
111,台東大,資訊管理學系,資訊管理,20.85,140.75
111,台東大,應用數學系,數學,19.38,126.0
111,台東大,應用科學系化學及奈米科學組,,14.46,94.0
111,台東大,應用科學系應用物理組,物理,13.71,96.0
111,台東大,綠色與資訊科技學士學位學程,,16.8,84.0
112,台東大,全校不分系學士學位學程,,36.43,127.5
112,台東大,教育學系,,32.43,113.5
112,台東大,體育學系,,29.33,132.0
112,台東大,幼兒教育學系,,26.44,178.5
112,台東大,特殊教育學系,,30.75,123.0
112,台東大,文化資源與休閒產業學系,,36.73,137.75
112,台東大,數位媒體與文教產業學系,,30.0,120.0
112,台東大,公共與文化事務學系,,38.45,211.5
112,台東大,身心整合與運動休閒產業學系,,33.0,115.5
112,台東大,英美語文學系,外文,24.0,144.0
112,台東大,華語文學系,,24.89,112.0
112,台東大,美術產業學系,,51.25,205.0
112,台東大,音樂學系B組,,30.0,135.0
112,台東大,生命科學系,生命科學,28.33,127.5
112,台東大,資訊工程學系,資訊工程,30.77,200.0
112,台東大,資訊管理學系,資訊管理,27.41,185.0
112,台東大,應用數學系,數學,31.8,159.0
112,台東大,應用科學系化學及奈米科學組,,25.0,100.0
112,台東大,應用科學系應用物理組,物理,22.76,96.75
112,台東大,綠色與資訊科技學士學位學程,,29.75,119.0
113,台東大,全校不分系學士學位學程,,29.57,103.5
113,台東大,教育學系,,22.0,77.0
113,台東大,體育學系,,25.18,138.5
113,台東大,幼兒教育學系,,14.26,96.25
113,台東大,特殊教育學系,,21.0,105.0
113,台東大,文化資源與休閒產業學系,,26.33,98.75
113,台東大,數位媒體與文教產業學系,,21.5,86.0
113,台東大,競技與運動科學學系,,29.0,101.5
113,台東大,公共與文化事務學系,,27.33,123.0
113,台東大,身心整合與運動休閒產業學系,,22.57,79.0
113,台東大,英美語文學系,外文,18.5,111.0
113,台東大,華語文學系,,25.33,114.0
113,台東大,美術產業學系,,50.75,203.0
113,台東大,音樂學系,,28.89,130.0
113,台東大,生命科學系,生命科學,31.67,142.5
113,台東大,資訊工程學系,資訊工程,31.91,175.5
113,台東大,資訊管理學系,資訊管理,23.74,160.25
113,台東大,應用數學系,數學,26.25,105.0
113,台東大,應用科學系化學及奈米科學組,,27.25,109.0
113,台東大,應用科學系應用物理組,物理,27.06,115.0
113,台東大,綠能與資訊科技學系,,29.5,118.0
114,台東大,全校不分系學士學位學程,,29.29,102.5
114,台東大,教育學系,,25.14,88.0
114,台東大,體育學系,,22.33,100.5
114,台東大,幼兒教育學系,,17.6,88.0
114,台東大,特殊教育學系,,21.25,85.0
114,台東大,文化資源與休閒產業學系,,23.2,87.0
114,台東大,數位媒體與文教產業學系,,22.25,89.0
114,台東大,公共與文化事務學系,,26.44,119.0
114,台東大,身心整合與運動休閒產業學系,,25.0,87.5
114,台東大,英美語文學系,外文,16.2,81.0
114,台東大,華語文學系,,26.33,118.5
114,台東大,美術產業學系,,23.0,69.0
114,台東大,音樂學系,,36.22,163.0
114,台東大,生命科學系,生命科學,31.22,140.5
114,台東大,資訊工程學系,資訊工程,31.55,173.5
114,台東大,資訊管理學系,資訊管理,23.0,155.25
114,台東大,應用數學系,數學,26.75,107.0
114,台東大,應用科學系化學及奈米科學組,,27.0,108.0
114,台東大,應用科學系應用物理組,物理,25.5,102.0
114,台東大,綠能與資訊科技學系,,26.75,107.0
115,台東大,全校不分系學士學位學程,,31.43,110.0
115,台東大,教育學系,,26.29,92.0
115,台東大,體育學系,,25.11,113.0
115,台東大,幼兒教育學系,,16.0,80.0
115,台東大,特殊教育學系,,21.25,85.0
115,台東大,文化資源與休閒產業學系,,17.43,61.0
115,台東大,數位媒體與文教產業學系,,19.75,79.0
115,台東大,公共與文化事務學系,,19.89,89.5
115,台東大,身心整合與運動休閒產業學系,,21.14,74.0
115,台東大,英美語文學系,外文,17.8,89.0
115,台東大,華語文學系,,28.56,128.5
115,台東大,美術產業學系,,20.67,62.0
115,台東大,音樂學系,,21.78,98.0
115,台東大,生命科學系,生命科學,27.11,122.0
115,台東大,資訊工程學系,資訊工程,27.27,150.0
115,台東大,資訊管理學系,資訊管理,23.59,159.25
115,台東大,應用數學系,數學,24.75,99.0
115,台東大,應用科學系化學及奈米科學組,,26.5,106.0
115,台東大,應用科學系物理暨光電科學組,光電,26.25,105.0
115,台東大,綠能與資訊科技學系,,26.0,104.0
115,台東大,護理學系,護理,29.56,133.0
101,國體大,體育推廣學系A,,60.88,395.7
101,國體大,體育推廣學系B,,52.07,286.37
101,國體大,運動保健學系A,,44.88,347.82
101,國體大,運動保健學系B,,50.38,340.05
101,國體大,休閒產業經營學系,,60.45,317.35
101,國體大,適應體育學系,,36.69,275.21
102,國體大,體育推廣學系A,,56.54,367.5
102,國體大,體育推廣學系B,,52.53,302.06
102,國體大,運動保健學系A,,43.93,340.48
102,國體大,運動保健學系B,,54.79,369.85
102,國體大,休閒產業經營學系,,58.19,305.5
102,國體大,適應體育學系,,39.73,297.97
103,國體大,體育推廣學系A,,57.23,372.0
103,國體大,體育推廣學系B,,53.73,308.93
103,國體大,運動保健學系A,,42.19,327.0
103,國體大,運動保健學系B,,50.29,339.45
103,國體大,休閒產業經營學系,,59.16,310.6
103,國體大,適應體育學系,,46.04,264.74
104,國體大,體育推廣學系A,,49.57,322.2
104,國體大,體育推廣學系B,,55.94,321.65
104,國體大,運動保健學系A,,43.53,337.35
104,國體大,運動保健學系B,,48.76,329.15
104,國體大,休閒產業經營學系,,47.75,250.7
104,國體大,適應體育學系,,48.88,281.07
105,國體大,體育推廣學系A,,51.38,334.0
105,國體大,體育推廣學系B,,50.23,288.8
105,國體大,運動保健學系A,,42.63,330.39
105,國體大,運動保健學系B,,52.15,351.98
105,國體大,休閒產業經營學系,,47.73,250.6
105,國體大,適應體育學系,,46.03,264.66
106,國體大,體育推廣學系A,,50.89,330.8
106,國體大,體育推廣學系B,,51.59,296.62
106,國體大,運動保健學系A,,43.33,335.79
106,國體大,運動保健學系B,,49.99,337.43
106,國體大,休閒產業經營學系,,45.24,237.5
106,國體大,適應體育學系,,42.84,214.18
107,國體大,體育推廣學系A,,49.83,323.9
107,國體大,體育推廣學系B,,53.63,308.37
107,國體大,運動保健學系A,,42.42,328.72
107,國體大,運動保健學系B,,50.17,338.65
107,國體大,休閒產業經營學系,,47.62,250.0
107,國體大,適應體育學系A,,45.0,258.73
107,國體大,適應體育學系B,,50.72,291.65
108,國體大,體育推廣學系A,,57.89,376.3
108,國體大,體育推廣學系B,,50.49,328.18
108,國體大,運動保健學系A,,48.83,378.43
108,國體大,運動保健學系B,,60.02,405.13
108,國體大,休閒產業經營學系,,59.56,312.7
108,國體大,適應體育學系A,,58.93,338.85
108,國體大,適應體育學系B,,59.97,344.8
109,國體大,體育推廣學系A,,47.45,308.4
109,國體大,體育推廣學系B,,48.88,293.25
109,國體大,運動保健學系A,,40.0,309.98
109,國體大,運動保健學系B,,48.21,325.4
109,國體大,休閒產業經營學系,,48.42,254.2
109,國體大,適應體育學系A,,49.1,282.3
109,國體大,適應體育學系B,,47.37,272.35
110,國體大,體育推廣學系A,,44.09,286.6
110,國體大,體育推廣學系B,,51.21,307.25
110,國體大,運動保健學系A,,42.53,329.64
110,國體大,運動保健學系B,,46.54,314.15
110,國體大,休閒產業經營學系,,42.9,225.2
110,國體大,適應體育學系A,,39.5,227.1
110,國體大,適應體育學系B,,42.45,244.1
111,國體大,體育推廣學系A,,25.15,163.5
111,國體大,體育推廣學系B,,29.57,221.74
111,國體大,運動保健學系A,,29.93,231.96
111,國體大,運動保健學系B,,27.07,182.75
111,國體大,休閒產業經營學系,,26.6,133.0
111,國體大,適應體育學系A,,23.35,134.25
111,國體大,適應體育學系B,,16.94,114.36
112,國體大,體育推廣學系A,,28.46,185.0
112,國體大,體育推廣學系B,,37.37,280.28
112,國體大,運動保健學系A,,32.45,251.5
112,國體大,運動保健學系B,,34.89,235.5
112,國體大,休閒產業經營學系,,30.4,152.0
112,國體大,適應體育學系A,,30.09,173.0
112,國體大,適應體育學系B,,30.41,205.25
113,國體大,體育推廣學系A,,29.08,189.0
113,國體大,體育推廣學系B,,42.71,299.0
113,國體大,運動保健學系A,,34.63,233.75
113,國體大,運動保健學系B,,30.37,235.39
113,國體大,休閒產業經營學系,,29.0,145.0
113,國體大,適應體育學系A,,35.35,203.25
113,國體大,適應體育學系B,,32.83,188.75
114,國體大,體育推廣學系A,,31.6,158.0
114,國體大,體育推廣學系B,,46.52,279.1
114,國體大,運動保健學系A,,36.44,246.0
114,國體大,運動保健學系B,,35.09,271.92
114,國體大,休閒產業經營學系,,32.75,131.0
114,國體大,適應體育學系A,,33.78,194.25
114,國體大,適應體育學系B,,29.7,170.75
115,國體大,體育推廣學系A,,31.4,157.0
115,國體大,體育推廣學系B,,46.87,281.2
115,國體大,運動保健學系A,,38.96,263.0
115,國體大,運動保健學系B,,33.82,262.1
115,國體大,休閒產業經營學系,,35.0,140.0
115,國體大,適應體育學系A,,36.22,208.25
115,國體大,適應體育學系B,,32.39,186.25
101,元智,機械工程學系,機械工程,63.74,318.7
101,元智,化學工程與材料科學學系,化學工程,64.94,373.4
101,元智,工業工程與管理學系,工業工程,54.33,271.65
101,元智,電機工程學系,電機工程,69.86,244.5
101,元智,通訊工程學系,,63.53,365.3
101,元智,光電工程學系,光電,66.83,384.3
101,元智,資訊工程學系,資訊工程,61.2,336.58
101,元智,資訊管理學系(自然組),資訊管理,58.2,218.25
101,元智,資訊管理學系(社會組),資訊管理,67.75,254.08
101,元智,資訊傳播學系設計組,新聞傳播,64.63,193.9
101,元智,資訊傳播學系科技組,新聞傳播,56.43,169.3
101,元智,管理學院學士班(企業管理),,66.73,200.2
101,元智,管理學院學士班(財務金融),,69.23,207.7
101,元智,管理學院學士班(國際企業),,68.33,205.0
101,元智,管理學院學士班(會計),,68.3,204.9
101,元智,管理學院學士班(英語專班),,71.23,213.7
101,元智,應用外語學系,,68.74,240.6
101,元智,中國語文學系,,55.63,166.9
101,元智,社會暨政策科學學系,,64.53,193.6
101,元智,藝術與設計學系,,60.62,303.1
102,元智,機械工程學系,機械工程,48.18,240.9
102,元智,化學工程與材料科學學系,化學工程,50.7,291.55
102,元智,工業工程與管理學系,工業工程,40.62,192.93
102,元智,電機工程學系,電機工程,59.64,208.75
102,元智,通訊工程學系,,45.76,263.13
102,元智,光電工程學系,光電,54.07,310.93
102,元智,資訊工程學系,資訊工程,49.32,172.63
102,元智,資訊管理學系(自然組),資訊管理,50.78,190.43
102,元智,資訊管理學系(社會組),資訊管理,62.77,235.38
102,元智,資訊傳播學系設計組,新聞傳播,59.6,178.8
102,元智,資訊傳播學系科技組,新聞傳播,46.03,138.1
102,元智,管理學院學士班(主修：企業管理),,62.67,188.0
102,元智,管理學院學士班(主修：財務金融),,65.9,197.7
102,元智,管理學院學士班(主修：國際企業),,65.6,196.8
102,元智,管理學院學士班(主修：會計),,64.73,194.2
102,元智,管理學院學士班(英語專班),,68.37,205.1
102,元智,應用外語學系,,67.26,235.4
102,元智,中國語文學系,,57.27,171.8
102,元智,社會暨政策科學學系,,61.47,184.4
102,元智,藝術與設計學系,,58.0,290.0
103,元智,管理學院學士班(主修：企業管理),,62.43,187.3
103,元智,管理學院學士班(主修：財務金融),,65.23,195.7
103,元智,管理學院學士班(主修：國際企業),,65.0,195.0
103,元智,管理學院學士班(主修：會計),,64.77,194.3
103,元智,管理學院學士班(英語專班),,68.7,206.1
103,元智,資訊工程學系(資訊應用組),資訊工程,64.8,194.4
103,元智,資訊管理學系,資訊管理,58.43,321.35
103,元智,資訊傳播學系設計組,新聞傳播,61.18,244.7
103,元智,資訊傳播學系科技組,新聞傳播,57.07,171.2
103,元智,應用外語學系,,67.17,235.1
103,元智,中國語文學系,,57.33,200.65
103,元智,社會暨政策科學學系,,62.2,186.6
103,元智,藝術與設計學系,,60.97,182.9
103,元智,機械工程學系,機械工程,46.1,230.5
103,元智,化學工程與材料科學學系,化學工程,48.46,278.65
103,元智,工業工程與管理學系,工業工程,41.53,197.28
103,元智,資訊工程學系(資訊工程組),資訊工程,54.4,272.0
103,元智,資訊工程學系(資訊電子組),資訊工程,53.72,268.6
103,元智,電機工程學系,電機工程,56.88,298.63
103,元智,通訊工程學系,,49.15,196.6
103,元智,光電工程學系,光電,51.22,268.93
104,元智,管理學院學士班(主修：企業管理),,53.03,159.1
104,元智,管理學院學士班(主修：財務金融),,56.1,168.3
104,元智,管理學院學士班(主修：國際企業),,54.9,164.7
104,元智,管理學院學士班(主修：會計),,54.93,164.8
104,元智,管理學院學士班(英語專班),,59.1,177.3
104,元智,工業工程與管理學系(B組),工業工程,48.96,257.05
104,元智,資訊傳播學系設計組,新聞傳播,55.92,279.6
104,元智,資訊傳播學系科技組,新聞傳播,49.37,148.1
104,元智,資訊管理學系,資訊管理,47.64,262.0
104,元智,資訊工程學系(資訊應用組),資訊工程,55.13,165.4
104,元智,應用外語學系,,60.49,211.7
104,元智,中國語文學系,,55.9,195.65
104,元智,社會暨政策科學學系,,56.23,168.7
104,元智,藝術與設計學系,,58.7,176.1
104,元智,機械工程學系,機械工程,41.54,207.7
104,元智,化學工程與材料科學學系,化學工程,43.28,248.85
104,元智,工業工程與管理學系(A組),工業工程,40.08,210.4
104,元智,資訊工程學系(資訊工程組),資訊工程,52.38,261.9
104,元智,資訊工程學系(資訊電子組),資訊工程,51.4,257.0
104,元智,電機工程學系,電機工程,53.54,187.38
104,元智,通訊工程學系(通訊工程組),,42.73,170.9
104,元智,通訊工程學系(電子電路組),,44.84,224.2
104,元智,通訊工程學系(電子資通組),,46.4,185.6
104,元智,光電工程學系,光電,46.1,288.1
105,元智,管理學院學士班(主修：企業管理),,53.17,159.5
105,元智,管理學院學士班(主修：財務金融),,59.63,178.9
105,元智,管理學院學士班(主修：國際企業),,55.2,165.6
105,元智,管理學院學士班(主修：會計),,58.27,174.8
105,元智,管理學院學士班(英語專班),,66.53,199.6
105,元智,工業工程與管理學系(B組),工業工程,45.55,261.9
105,元智,資訊傳播學系設計組,新聞傳播,52.94,264.7
105,元智,資訊傳播學系科技組(第一類組),新聞傳播,52.18,260.9
105,元智,資訊管理學系(社會組),資訊管理,46.45,267.1
105,元智,資訊工程學系(資訊應用組),資訊工程,63.83,191.5
105,元智,應用外語學系,,53.83,188.4
105,元智,中國語文學系,,49.87,174.55
105,元智,社會暨政策科學學系,,51.53,154.6
105,元智,藝術與設計學系,,54.07,162.2
105,元智,機械工程學系,機械工程,42.38,211.9
105,元智,化學工程與材料科學學系,化學工程,43.33,335.8
105,元智,工業工程與管理學系(A組),工業工程,37.01,194.28
105,元智,資訊傳播學系科技組(第二類組),新聞傳播,43.03,129.1
105,元智,資訊管理學系(自然組),資訊管理,48.22,277.25
105,元智,資訊工程學系(資訊工程組),資訊工程,54.04,270.2
105,元智,資訊工程學系(資訊電子組),資訊工程,51.34,256.7
105,元智,電機工程學系,電機工程,53.43,187.0
105,元智,光電工程學系,光電,41.2,257.53
105,元智,通訊工程學系(電機通訊組),,45.18,180.7
105,元智,通訊工程學系(電子電路組),,42.58,170.3
105,元智,通訊工程學系(電子資通組),,43.18,172.7
105,元智,通訊工程學系(行動通訊組),,41.63,166.5
105,元智,通訊工程學系(系統晶片設計組),,40.35,161.4
106,元智,管理學院學士班(主修：企業管理),,49.5,148.5
106,元智,管理學院學士班(主修：財務金融),,55.33,166.0
106,元智,管理學院學士班(主修：國際企業),,51.13,153.4
106,元智,管理學院學士班(主修：會計),,54.63,163.9
106,元智,管理學院學士班(英語專班),,65.63,196.9
106,元智,工業工程與管理學系(B組),工業工程,47.48,273.03
106,元智,資訊傳播學系設計組,新聞傳播,49.13,147.4
106,元智,資訊傳播學系科技組(第一類組),新聞傳播,48.13,144.4
106,元智,資訊管理學系(社會組),資訊管理,49.36,283.83
106,元智,資訊工程學系(資訊應用組),資訊工程,65.77,197.3
106,元智,應用外語學系,,52.59,184.05
106,元智,中國語文學系,,47.54,166.4
106,元智,社會暨政策科學學系,,52.57,157.7
106,元智,藝術與設計學系,,54.77,164.3
106,元智,人文社會學院英語學士學位學程,社會學,45.57,159.5
106,元智,機械工程學系,機械工程,38.92,194.6
106,元智,化學工程與材料科學學系,化學工程,42.61,330.2
106,元智,工業工程與管理學系(A組),工業工程,37.25,214.18
106,元智,工程學院英語學士學位學程,外文,29.13,160.2
106,元智,資訊傳播學系科技組(第二類組),新聞傳播,40.83,122.5
106,元智,資訊管理學系(自然組),資訊管理,50.73,291.7
106,元智,資訊工程學系(資訊工程組),資訊工程,54.54,272.7
106,元智,資訊學院英語學士學位學程,外文,45.88,229.4
106,元智,電機工程學系,電機工程,52.75,184.63
106,元智,通訊工程學系(電機通訊組),,44.65,178.6
106,元智,通訊工程學系(資訊通訊組),,42.05,168.2
106,元智,光電工程學系,光電,39.77,248.58
106,元智,電機通訊學院英語學士學位學程,電機工程,40.42,131.35
107,元智,管理學院學士班(主修：企業管理),,52.78,158.35
107,元智,管理學院學士班(主修：財務金融),,57.28,171.85
107,元智,管理學院學士班(主修：國際企業),,54.83,164.5
107,元智,管理學院學士班(主修：會計),,57.6,172.8
107,元智,管理學院學士班(英語專班),,65.78,197.35
107,元智,工業工程與管理學系(B組),工業工程,49.55,284.9
107,元智,資訊傳播學系設計組,新聞傳播,51.28,153.85
107,元智,資訊傳播學系科技組,新聞傳播,52.18,156.55
107,元智,資訊管理學系(社會組),資訊管理,59.72,343.4
107,元智,資訊工程學系(資訊應用組),資訊工程,71.3,213.9
107,元智,應用外語學系,,54.93,192.25
107,元智,中國語文學系,,58.71,205.5
107,元智,社會暨政策科學學系,,54.23,162.7
107,元智,藝術與設計學系,,52.16,260.8
107,元智,人文社會學院英語學士學位學程,社會學,49.67,173.85
107,元智,機械工程學系,機械工程,44.9,258.18
107,元智,化學工程與材料科學學系,化學工程,44.75,257.3
107,元智,工業工程與管理學系(A組),工業工程,47.5,273.1
107,元智,工程學院英語學士學位學程,外文,40.01,180.05
107,元智,資訊管理學系(自然組),資訊管理,59.13,340.0
107,元智,資訊工程學系(資訊工程組),資訊工程,60.24,301.2
107,元智,資訊學院英語學士學位學程,外文,48.08,240.4
107,元智,電機工程學系(甲組),電機工程,58.57,205.0
107,元智,電機工程學系(乙組),電機工程,56.73,226.9
107,元智,電機工程學系(丙組),電機工程,52.73,329.54
107,元智,電機通訊學院英語學士學位學程,電機工程,48.34,157.11
108,元智,管理學院學士班(主修：企業管理),,60.83,182.5
108,元智,管理學院學士班(主修：財務金融),,64.3,192.9
108,元智,管理學院學士班(主修：國際企業),,62.37,187.1
108,元智,管理學院學士班(主修：會計),,65.88,197.65
108,元智,管理學院學士班(英語專班),,69.65,208.95
108,元智,工業工程與管理學系(B組),工業工程,64.03,368.2
108,元智,資訊傳播學系設計組,新聞傳播,60.72,182.15
108,元智,資訊傳播學系科技組,新聞傳播,63.43,190.3
108,元智,資訊管理學系(社會組),資訊管理,68.8,395.6
108,元智,資訊工程學系(資訊應用組),資訊工程,76.5,229.5
108,元智,資訊學院英語學士班,外文,67.17,201.5
108,元智,應用外語學系,,64.14,224.5
108,元智,中國語文學系,,68.77,240.7
108,元智,社會暨政策科學學系,,64.97,194.9
108,元智,藝術與設計學系,,56.31,281.55
108,元智,人文社會學院英語學士班,社會學,61.19,214.15
108,元智,機械工程學系,機械工程,53.77,322.6
108,元智,化學工程與材料科學學系,化學工程,52.89,304.1
108,元智,工業工程與管理學系(A組),工業工程,54.78,315.0
108,元智,工程學院英語學士班,外文,50.04,225.2
108,元智,資訊管理學系(自然組),資訊管理,62.61,360.0
108,元智,資訊工程學系(資訊工程組),資訊工程,62.53,250.1
108,元智,電機工程學系(甲組),電機工程,58.15,174.45
108,元智,電機工程學系(乙組),電機工程,60.58,242.3
108,元智,電機工程學系(丙組),電機工程,56.88,284.4
108,元智,電機通訊學院英語學士班,電機工程,52.9,171.91
109,元智,管理學院學士班(主修：企業管理),,44.28,132.85
109,元智,管理學院學士班(主修：財務金融),,47.62,142.85
109,元智,管理學院學士班(主修：國際企業),,46.13,138.4
109,元智,管理學院學士班(主修：會計),,51.97,155.9
109,元智,管理學院學士班(英語專班),,54.47,163.4
109,元智,應用外語學系,,53.18,186.13
109,元智,中國語文學系,,59.6,208.6
109,元智,社會暨政策科學學系,,47.02,141.05
109,元智,藝術與設計學系,,50.33,251.65
109,元智,人文社會學院英語學士班,社會學,50.35,176.23
109,元智,資訊工程學系(資訊工程組),資訊工程,54.48,217.9
109,元智,資訊工程學系(資訊應用組),資訊工程,63.63,190.9
109,元智,資訊管理學系(社會組),資訊管理,56.26,323.5
109,元智,資訊管理學系(自然組),資訊管理,53.67,308.6
109,元智,資訊傳播學系科技組,新聞傳播,48.53,145.6
109,元智,資訊傳播學系設計組,新聞傳播,46.9,140.7
109,元智,資訊學院英語學士班,外文,51.12,153.35
109,元智,機械工程學系,機械工程,42.66,170.65
109,元智,化學工程與材料科學學系,化學工程,43.58,250.6
109,元智,工業工程與管理學系(A組),工業工程,44.74,145.4
109,元智,工業工程與管理學系(B組),工業工程,50.31,163.5
109,元智,工程學院英語學士班,外文,39.87,179.4
109,元智,電機工程學系(甲組),電機工程,51.75,155.25
109,元智,電機工程學系(乙組),電機工程,51.78,207.1
109,元智,電機工程學系(丙組),電機工程,48.73,243.65
109,元智,電機通訊學院英語學士班,電機工程,46.22,150.23
110,元智,管理學院學士班(主修：企業管理),,40.25,120.75
110,元智,管理學院學士班(主修：財務金融),,43.02,129.05
110,元智,管理學院學士班(主修：國際企業),,39.62,118.85
110,元智,管理學院學士班(主修：會計),,44.5,133.5
110,元智,管理學院學士班(英語專班),,38.28,162.7
110,元智,應用外語學系,,43.51,152.28
110,元智,中國語文學系,,55.6,194.6
110,元智,社會暨政策科學學系,,42.83,128.5
110,元智,藝術與設計學系,,47.74,238.7
110,元智,人文社會學院英語學士班,社會學,38.74,135.6
110,元智,資訊工程學系(資訊工程組),資訊工程,50.71,202.85
110,元智,資訊工程學系(資訊應用組),資訊工程,63.58,190.75
110,元智,資訊管理學系(社會組),資訊管理,55.2,317.4
110,元智,資訊管理學系(自然組),資訊管理,48.23,277.3
110,元智,資訊傳播學系科技組,新聞傳播,42.8,128.4
110,元智,資訊傳播學系設計組,新聞傳播,41.48,124.45
110,元智,資訊學院英語學士班,外文,43.65,130.95
110,元智,機械工程學系,機械工程,29.98,134.9
110,元智,化學工程與材料科學學系,化學工程,23.93,137.6
110,元智,工業工程與管理學系(A組),工業工程,33.05,107.4
110,元智,工業工程與管理學系(B組),工業工程,43.88,142.6
110,元智,工程學院英語學士班,外文,24.18,108.8
110,元智,電機工程學系(甲組),電機工程,44.45,133.35
110,元智,電機工程學系(乙組),電機工程,46.03,184.1
110,元智,電機工程學系(丙組),電機工程,39.41,197.05
110,元智,電機通訊學院英語學士班,電機工程,29.26,95.1
111,元智,管理學院學士班(主修：企業管理),,19.5,78.0
111,元智,管理學院學士班(主修：財務金融),,21.75,87.0
111,元智,管理學院學士班(主修：國際企業),,22.75,91.0
111,元智,管理學院學士班(主修：會計),,23.0,92.0
111,元智,應用外語學系,,22.71,79.5
111,元智,中國語文學系,,37.22,167.5
111,元智,社會暨政策科學學系,,14.74,70.0
111,元智,藝術與設計學系,,18.4,92.0
111,元智,人文社會學院英語學士班,社會學,29.0,101.5
111,元智,資訊工程學系,資訊工程,25.75,103.0
111,元智,資訊管理學系(A組),資訊管理,22.63,152.75
111,元智,資訊管理學系(B組),資訊管理,23.44,158.25
111,元智,資訊管理學系(C組),資訊管理,21.59,145.75
111,元智,資訊傳播學系科技組,新聞傳播,13.0,39.0
111,元智,資訊傳播學系設計組,新聞傳播,19.0,76.0
111,元智,資訊學院英語學士班,外文,19.25,77.0
111,元智,機械工程學系,機械工程,14.18,78.0
111,元智,化學工程與材料科學學系,化學工程,8.96,51.5
111,元智,工業工程與管理學系(A組),工業工程,15.85,51.5
111,元智,工業工程與管理學系(B組),工業工程,19.71,69.0
111,元智,電機工程學系(甲組),電機工程,23.0,69.0
111,元智,電機工程學系(乙組),電機工程,22.25,89.0
111,元智,電機工程學系(丙組),電機工程,17.2,86.0
111,元智,電機通訊學院英語學士班,電機工程,17.38,56.5
112,元智,管理學院學士班(主修：數位行銷與人力資源),,13.14,92.0
112,元智,管理學院學士班(主修：財務金融),,26.57,93.0
112,元智,管理學院學士班(主修：國際企業管理),,18.5,92.5
112,元智,管理學院學士班(主修：會計),,29.36,161.5
112,元智,管理學院學士班(英語專班),,23.84,113.25
112,元智,應用外語學系,,20.14,70.5
112,元智,中國語文學系,,22.0,88.0
112,元智,社會暨政策科學學系,,16.67,50.0
112,元智,藝術與設計學系,,24.0,96.0
112,元智,人文社會學院英語學士班,社會學,28.5,114.0
112,元智,資訊工程學系,資訊工程,34.0,102.0
112,元智,資訊管理學系(A組),資訊管理,31.31,203.5
112,元智,資訊管理學系(B組),資訊管理,32.5,211.25
112,元智,資訊傳播學系科技組(互動媒體與遊戲設計),新聞傳播,16.0,80.0
112,元智,資訊傳播學系設計組(創作組),新聞傳播,16.5,66.0
112,元智,資訊傳播學系設計組(美術組),新聞傳播,30.0,150.0
112,元智,資訊學院英語學士班,外文,31.25,125.0
112,元智,機械工程學系,機械工程,27.75,111.0
112,元智,化學工程與材料科學學系,化學工程,26.8,134.0
112,元智,工業工程與管理學系(A組),工業工程,26.23,85.25
112,元智,工業工程與管理學系(B組),工業工程,27.5,110.0
112,元智,工程學院英語學士班,外文,27.25,109.0
112,元智,電機工程學系(甲組),電機工程,35.0,140.0
112,元智,電機工程學系(乙組),電機工程,38.25,153.0
112,元智,電機工程學系(丙組),電機工程,34.0,178.5
112,元智,電機通訊學院英語學士班,電機工程,30.22,136.0
113,元智,護理學系,護理,31.0,93.0
113,元智,管理學院學士班(主修：數位行銷與人力資源),,29.0,137.75
113,元智,管理學院學士班(主修：財務金融),,30.29,106.0
113,元智,管理學院學士班(主修：國際企業管理),,26.27,144.5
113,元智,管理學院學士班(主修：會計),,32.67,147.0
113,元智,管理學院學士班(英語專班),,23.56,106.0
113,元智,應用外語學系,,24.43,85.5
113,元智,中國語文學系,,24.75,99.0
113,元智,社會暨政策科學學系,,27.6,138.0
113,元智,藝術與設計學系,,25.5,102.0
113,元智,人文社會學院英語學士班,社會學,19.43,68.0
113,元智,資訊管理學系(社會組),資訊管理,33.92,203.5
113,元智,資訊管理學系(自然組),資訊管理,36.25,217.5
113,元智,資訊傳播學系科技組(智慧科技應用),新聞傳播,26.0,117.0
113,元智,資訊傳播學系設計組(創作組),新聞傳播,27.67,124.5
113,元智,資訊傳播學系設計組(美術組),新聞傳播,36.83,221.0
113,元智,資訊工程學系,資訊工程,39.67,119.0
113,元智,資訊學院英語學士班,外文,38.0,133.0
113,元智,機械工程學系,機械工程,33.5,134.0
113,元智,化學工程與材料科學學系,化學工程,34.25,137.0
113,元智,工業工程與管理學系(A組),工業工程,32.85,106.75
113,元智,工業工程與管理學系(B組),工業工程,34.0,136.0
113,元智,工程學院英語學士班,外文,35.0,105.0
113,元智,電機工程學系(甲組),電機工程,40.33,121.0
113,元智,電機工程學系(乙組),電機工程,42.75,171.0
113,元智,電機工程學系(丙組),電機工程,41.0,164.0
113,元智,電機通訊學院英語學士班,電機工程,38.38,153.5
114,元智,護理學系,護理,31.33,94.0
114,元智,管理學院學士班(主修：數位行銷與人力資源),,35.79,170.0
114,元智,管理學院學士班(主修：財務金融A組),,36.44,164.0
114,元智,管理學院學士班(主修：財務金融B組),,35.67,160.5
114,元智,管理學院學士班(主修：財務金融C組),,35.44,159.5
114,元智,管理學院學士班(主修：國際企業管理),,33.0,148.5
114,元智,管理學院學士班(主修：會計),,35.44,159.5
114,元智,管理學院學士班(英語專班),,29.56,133.0
114,元智,應用外語學系,,29.14,102.0
114,元智,中國語文學系,,28.75,115.0
114,元智,社會暨政策科學學系,,29.6,148.0
114,元智,藝術與設計學系,,28.0,84.0
114,元智,人文社會學院英語學士班,社會學,28.22,127.0
114,元智,資訊管理學系(社會組),資訊管理,35.08,210.5
114,元智,資訊管理學系(自然組),資訊管理,37.9,189.5
114,元智,資訊傳播學系(智慧科技應用組),新聞傳播,27.22,122.5
114,元智,資訊傳播學系(數位媒體設計-創作組),新聞傳播,30.0,105.0
114,元智,資訊傳播學系(數位媒體設計-美術組),新聞傳播,37.8,189.0
114,元智,資訊工程學系(資訊工程組),資訊工程,40.67,122.0
114,元智,資訊工程學系(資訊應用組),資訊工程,43.0,129.0
114,元智,資訊學院英語學士班,外文,41.43,145.0
114,元智,機械工程學系,機械工程,37.75,151.0
114,元智,化學工程與材料科學學系,化學工程,36.0,144.0
114,元智,工業工程與管理學系(A組),工業工程,34.0,110.5
114,元智,工業工程與管理學系(B組),工業工程,36.15,117.5
114,元智,工程學院英語學士班,外文,36.33,109.0
114,元智,電機工程學系(甲組),電機工程,42.33,127.0
114,元智,電機工程學系(乙組),電機工程,43.5,174.0
114,元智,電機工程學系(丙組),電機工程,42.0,168.0
114,元智,電機通訊學院英語學士班,電機工程,41.5,166.0
115,元智,護理學系,護理,26.0,78.0
115,元智,管理學院學士班(主修：數位行銷與人力資源),,39.16,186.0
115,元智,管理學院學士班(主修：財務金融A組),,36.89,166.0
115,元智,管理學院學士班(主修：財務金融B組),,37.22,167.5
115,元智,管理學院學士班(主修：財務金融C組),,36.11,162.5
115,元智,管理學院學士班(主修：國際企業管理),,34.89,157.0
115,元智,管理學院學士班(主修：會計),,36.89,166.0
115,元智,管理學院學士班(英語專班),,34.56,155.5
115,元智,應用外語學系,,30.29,106.0
115,元智,中國語文學系,,30.5,122.0
115,元智,社會暨政策科學學系,,37.6,188.0
115,元智,藝術與設計學系,,27.0,81.0
115,元智,人文社會學院英語學士班,社會學,30.22,136.0
115,元智,資訊管理學系(社會組),資訊管理,31.5,189.0
115,元智,資訊管理學系(自然組),資訊管理,36.0,180.0
115,元智,資訊傳播學系(智慧科技應用組),新聞傳播,29.56,133.0
115,元智,資訊傳播學系(數位媒體設計-創作組),新聞傳播,33.0,115.5
115,元智,資訊傳播學系(數位媒體設計-美術組),新聞傳播,28.4,142.0
115,元智,資訊工程學系(資訊工程組),資訊工程,38.0,114.0
115,元智,資訊工程學系(資訊應用組),資訊工程,41.33,124.0
115,元智,資訊學院英語學士班,外文,39.22,176.5
115,元智,機械工程學系,機械工程,36.5,146.0
115,元智,化學工程與材料科學學系,化學工程,35.75,143.0
115,元智,工業工程與管理學系(A組),工業工程,34.77,113.0
115,元智,工業工程與管理學系(B組),工業工程,37.38,121.5
115,元智,工程學院英語學士班,外文,38.67,116.0
115,元智,電機工程學系(甲組),電機工程,41.0,123.0
115,元智,電機工程學系(乙組)(A組),電機工程,43.0,172.0
115,元智,電機工程學系(乙組)(B組),電機工程,45.0,180.0
115,元智,電機工程學系(丙組),電機工程,42.25,169.0
115,元智,電機通訊學院英語學士班,電機工程,43.19,172.75
101,中正,中國文學系,中文,71.86,449.13
101,中正,外國語文學系,外文,75.52,453.1
101,中正,歷史學系,歷史,71.38,428.25
101,中正,哲學系,哲學,73.68,552.6
101,中正,社會福利學系,社會工作,75.02,487.65
101,中正,勞工關係學系,,74.74,523.2
101,中正,政治學系,政治,78.23,508.5
101,中正,傳播學系,新聞傳播,73.4,440.4
101,中正,經濟學系,經濟,80.12,400.6
101,中正,財務金融學系,財務金融,80.94,404.7
101,中正,企業管理學系,企業管理,78.69,432.8
101,中正,會計與資訊科技學系,會計,78.93,434.1
101,中正,法律學系法學組,法律,76.1,456.6
101,中正,法律學系法制組,法律,75.92,455.5
101,中正,財經法律學系,法律,77.43,425.85
101,中正,成人及繼續教育學系,,72.38,379.98
101,中正,犯罪防治學系,,78.61,412.7
101,中正,數學系,數學,76.16,323.7
101,中正,物理學系,物理,72.98,437.9
101,中正,化學暨生物化學系,化學,71.87,467.18
101,中正,地球與環境科學系,,72.93,401.1
101,中正,資訊工程學系,資訊工程,72.39,416.23
101,中正,電機工程學系,電機工程,73.21,420.93
101,中正,機械工程學系,機械工程,73.03,547.75
101,中正,化學工程學系,化學工程,72.34,415.98
101,中正,通訊工程學系,,71.98,413.88
101,中正,資訊管理學系,資訊管理,71.76,502.3
101,中正,心理學系,心理,73.79,387.38
101,中正,生命科學系,生命科學,73.2,457.5
101,中正,運動競技學系,,44.96,292.25
102,中正,中國文學系,中文,73.34,458.35
102,中正,外國語文學系,外文,77.15,462.9
102,中正,歷史學系,歷史,75.71,454.25
102,中正,哲學系,哲學,73.41,550.55
102,中正,社會福利學系,社會工作,75.55,491.05
102,中正,勞工關係學系,,75.45,528.15
102,中正,政治學系,政治,78.49,510.2
102,中正,傳播學系,新聞傳播,75.38,452.3
102,中正,經濟學系,經濟,78.9,394.5
102,中正,財務金融學系,財務金融,79.78,398.9
102,中正,企業管理學系,企業管理,77.85,428.2
102,中正,會計與資訊科技學系,會計,78.32,430.75
102,中正,法律學系法學組,法律,77.89,467.35
102,中正,法律學系法制組,法律,77.75,466.5
102,中正,財經法律學系,法律,79.02,434.6
102,中正,成人及繼續教育學系,,74.35,390.33
102,中正,犯罪防治學系,,77.62,407.48
102,中正,數學系,數學,67.89,288.53
102,中正,物理學系,物理,66.63,399.8
102,中正,化學暨生物化學系,化學,66.7,433.55
102,中正,地球與環境科學系,,64.59,355.25
102,中正,資訊工程學系,資訊工程,66.43,382.0
102,中正,電機工程學系,電機工程,68.37,393.13
102,中正,機械工程學系,機械工程,66.49,498.65
102,中正,化學工程學系,化學工程,67.25,386.68
102,中正,通訊工程學系,,66.27,381.08
102,中正,資訊管理學系,資訊管理,66.31,464.2
102,中正,心理學系,心理,72.5,380.65
102,中正,生命科學系,生命科學,68.96,430.98
102,中正,運動競技學系,,27.42,150.82
103,中正,中國文學系,中文,72.9,455.65
103,中正,外國語文學系,外文,77.82,466.9
103,中正,歷史學系,歷史,76.61,459.65
103,中正,哲學系,哲學,74.93,561.95
103,中正,社會福利學系,社會工作,74.9,374.5
103,中正,勞工關係學系,,77.43,542.0
103,中正,政治學系,政治,79.88,519.2
103,中正,傳播學系,新聞傳播,75.68,454.05
103,中正,經濟學系,經濟,80.98,404.9
103,中正,財務金融學系,財務金融,81.72,408.6
103,中正,企業管理學系,企業管理,79.08,434.95
103,中正,會計與資訊科技學系,會計,79.75,438.65
103,中正,法律學系法學組,法律,78.49,470.95
103,中正,法律學系法制組,法律,78.18,469.05
103,中正,財經法律學系,法律,80.23,441.25
103,中正,成人及繼續教育學系,,76.2,400.05
103,中正,犯罪防治學系,,79.03,414.9
103,中正,數學系,數學,62.48,265.53
103,中正,物理學系,物理,64.55,387.3
103,中正,化學暨生物化學系,化學,66.02,429.15
103,中正,地球與環境科學系,,62.94,346.15
103,中正,資訊工程學系,資訊工程,65.51,376.7
103,中正,電機工程學系,電機工程,66.92,384.8
103,中正,機械工程學系,機械工程,64.83,486.25
103,中正,化學工程學系,化學工程,65.85,378.65
103,中正,通訊工程學系,,65.15,374.6
103,中正,資訊管理學系,資訊管理,64.96,454.7
103,中正,心理學系,心理,67.5,354.35
103,中正,生命科學系,生命科學,65.83,411.45
103,中正,運動競技學系,,53.45,347.44
104,中正,中國文學系,中文,67.87,424.2
104,中正,外國語文學系,外文,70.87,425.2
104,中正,歷史學系,歷史,74.14,444.85
104,中正,哲學系,哲學,65.47,491.05
104,中正,社會福利學系,社會工作,67.06,335.3
104,中正,勞工關係學系,,69.69,487.85
104,中正,政治學系,政治,72.31,470.0
104,中正,傳播學系,新聞傳播,69.86,419.15
104,中正,經濟學系,經濟,67.52,337.6
104,中正,財務金融學系,財務金融,68.48,342.4
104,中正,企業管理學系,企業管理,66.56,366.1
104,中正,會計與資訊科技學系,會計,67.54,371.45
104,中正,法律學系法學組,法律,70.9,425.4
104,中正,法律學系法制組,法律,70.83,425.0
104,中正,財經法律學系,法律,72.02,432.1
104,中正,成人及繼續教育學系,,68.85,361.48
104,中正,犯罪防治學系,,69.63,365.58
104,中正,數學系,數學,56.89,241.78
104,中正,物理學系,物理,61.3,367.8
104,中正,化學暨生物化學系,化學,61.79,401.63
104,中正,地球與環境科學系,,59.88,329.35
104,中正,資訊工程學系,資訊工程,62.03,356.7
104,中正,電機工程學系,電機工程,63.47,364.98
104,中正,機械工程學系,機械工程,61.24,459.3
104,中正,化學工程學系,化學工程,61.43,353.23
104,中正,通訊工程學系,,61.61,354.28
104,中正,資訊管理學系,資訊管理,59.26,414.8
104,中正,心理學系,心理,62.84,329.9
104,中正,生命科學系,生命科學,61.52,384.5
104,中正,運動競技學系,,45.71,297.14
105,中正,中國文學系,中文,68.48,427.98
105,中正,外國語文學系,外文,71.65,429.9
105,中正,歷史學系,歷史,70.25,421.5
105,中正,哲學系,哲學,69.08,518.1
105,中正,社會福利學系,社會工作,69.9,349.5
105,中正,勞工關係學系,,70.15,491.05
105,中正,政治學系,政治,73.17,475.6
105,中正,傳播學系,新聞傳播,69.54,417.25
105,中正,經濟學系,經濟,75.5,377.5
105,中正,財務金融學系,財務金融,76.54,382.7
105,中正,企業管理學系,企業管理,73.75,405.6
105,中正,會計與資訊科技學系,會計,74.75,411.1
105,中正,法律學系法學組,法律,72.28,433.65
105,中正,法律學系法制組,法律,72.07,432.4
105,中正,財經法律學系,法律,73.98,443.9
105,中正,成人及繼續教育學系,,69.7,365.9
105,中正,犯罪防治學系,,72.71,381.75
105,中正,數學系,數學,61.11,259.7
105,中正,物理學系,物理,63.84,383.05
105,中正,化學暨生物化學系,化學,63.78,414.55
105,中正,地球與環境科學系,,61.71,339.4
105,中正,資訊工程學系,資訊工程,64.66,371.8
105,中正,電機工程學系,電機工程,65.94,329.7
105,中正,機械工程學系,機械工程,62.86,471.45
105,中正,化學工程學系,化學工程,64.03,368.15
105,中正,通訊工程學系,,64.59,355.25
105,中正,資訊管理學系,資訊管理,61.91,433.4
105,中正,心理學系,心理,65.25,342.58
105,中正,生命科學系,生命科學,63.7,398.1
105,中正,運動競技學系,,35.67,267.53
106,中正,中國文學系,中文,69.4,433.73
106,中正,外國語文學系,外文,73.78,442.7
106,中正,歷史學系,歷史,72.25,433.5
106,中正,哲學系,哲學,70.78,530.85
106,中正,社會福利學系,社會工作,70.29,351.45
106,中正,勞工關係學系,,72.61,508.3
106,中正,政治學系,政治,77.23,502.0
106,中正,傳播學系,新聞傳播,72.05,432.3
106,中正,經濟學系,經濟,76.86,384.3
106,中正,財務金融學系,財務金融,77.84,389.2
106,中正,企業管理學系,企業管理,74.75,411.15
106,中正,會計與資訊科技學系,會計,76.21,419.15
106,中正,法律學系法學組,法律,75.97,455.8
106,中正,法律學系法制組,法律,75.53,453.2
106,中正,財經法律學系,法律,76.82,460.9
106,中正,成人及繼續教育學系,,71.13,373.45
106,中正,犯罪防治學系,,74.88,393.1
106,中正,數學系,數學,62.37,265.08
106,中正,物理學系,物理,63.74,382.45
106,中正,化學暨生物化學系,化學,64.1,416.68
106,中正,地球與環境科學系,,61.62,338.9
106,中正,資訊工程學系,資訊工程,66.09,380.0
106,中正,電機工程學系甲組,電機工程,69.98,349.9
106,中正,電機工程學系乙組,電機工程,68.78,412.7
106,中正,機械工程學系,機械工程,63.72,477.9
106,中正,化學工程學系,化學工程,63.97,367.85
106,中正,通訊工程學系,,65.3,359.15
106,中正,資訊管理學系,資訊管理,61.63,431.4
106,中正,心理學系,心理,63.65,334.15
106,中正,生物醫學科學系,生命科學,62.26,389.15
106,中正,運動競技學系,,37.07,277.99
107,中正,中國文學系,中文,71.19,444.94
107,中正,外國語文學系,外文,73.41,440.44
107,中正,歷史學系,歷史,73.15,438.91
107,中正,哲學系,哲學,68.76,515.7
107,中正,社會福利學系,社會工作,70.44,352.18
107,中正,勞工關係學系,,71.3,499.1
107,中正,政治學系,政治,74.63,485.1
107,中正,傳播學系,新聞傳播,71.9,431.41
107,中正,經濟學系,經濟,76.32,381.6
107,中正,財務金融學系,財務金融,77.36,386.8
107,中正,企業管理學系,企業管理,75.36,414.5
107,中正,會計與資訊科技學系,會計,76.53,420.9
107,中正,法律學系法學組,法律,75.32,451.93
107,中正,法律學系法制組,法律,75.28,451.65
107,中正,財經法律學系,法律,76.44,458.63
107,中正,成人及繼續教育學系,,71.77,233.26
107,中正,犯罪防治學系,,73.63,386.58
107,中正,數學系,數學,66.37,282.09
107,中正,物理學系,物理,66.06,396.35
107,中正,化學暨生物化學系,化學,66.29,430.9
107,中正,地球與環境科學系,,62.92,408.95
107,中正,資訊工程學系,資訊工程,69.77,401.18
107,中正,電機工程學系甲組,電機工程,73.62,368.1
107,中正,電機工程學系乙組,電機工程,71.59,429.55
107,中正,機械工程學系,機械工程,65.95,494.65
107,中正,化學工程學系,化學工程,66.42,381.93
107,中正,通訊工程學系,,68.31,375.7
107,中正,資訊管理學系,資訊管理,66.43,465.0
107,中正,心理學系,心理,67.01,351.8
107,中正,生物醫學科學系,生命科學,62.03,387.66
107,中正,運動競技學系,,50.98,331.35
108,中正,中國文學系,中文,74.64,466.5
108,中正,外國語文學系,外文,75.28,451.7
108,中正,歷史學系,歷史,76.47,458.8
108,中正,哲學系,哲學,73.45,550.9
108,中正,社會福利學系,社會工作,74.03,370.15
108,中正,勞工關係學系,,75.01,525.1
108,中正,政治學系,政治,77.38,503.0
108,中正,傳播學系,新聞傳播,74.73,448.38
108,中正,經濟學系,經濟,80.48,402.4
108,中正,財務金融學系,財務金融,81.36,406.8
108,中正,企業管理學系,企業管理,79.93,439.6
108,中正,會計與資訊科技學系,會計,81.16,446.4
108,中正,法律學系法學組,法律,78.06,468.35
108,中正,法律學系法制組,法律,77.74,466.43
108,中正,財經法律學系,法律,80.28,481.65
108,中正,成人及繼續教育學系,,77.99,253.48
108,中正,犯罪防治學系,,78.67,413.03
108,中正,數學系,數學,62.56,265.9
108,中正,物理學系,物理,66.26,397.55
108,中正,化學暨生物化學系,化學,67.75,440.39
108,中正,地球與環境科學系,,63.66,413.8
108,中正,資訊工程學系,資訊工程,71.28,409.88
108,中正,電機工程學系甲組,電機工程,75.17,375.85
108,中正,電機工程學系乙組,電機工程,69.66,417.95
108,中正,機械工程學系,機械工程,65.1,488.28
108,中正,化學工程學系,化學工程,67.71,389.35
108,中正,通訊工程學系,,70.15,385.8
108,中正,資訊管理學系,資訊管理,67.04,469.3
108,中正,心理學系,心理,70.62,370.78
108,中正,生物醫學科學系,生命科學,68.02,425.1
108,中正,運動競技學系,,63.62,413.5
109,中正,中國文學系,中文,69.38,433.65
109,中正,外國語文學系,外文,70.75,424.5
109,中正,歷史學系,歷史,73.94,443.65
109,中正,哲學系,哲學,67.63,439.6
109,中正,社會福利學系,社會工作,68.02,340.08
109,中正,勞工關係學系,,70.39,492.7
109,中正,政治學系,政治,71.37,463.9
109,中正,傳播學系,新聞傳播,70.35,422.1
109,中正,經濟學系,經濟,74.25,371.26
109,中正,財務金融學系,財務金融,75.19,375.96
109,中正,企業管理學系,企業管理,73.22,402.7
109,中正,會計與資訊科技學系,會計,74.47,409.6
109,中正,法律學系法學組,法律,72.9,437.4
109,中正,法律學系法制組,法律,72.46,434.73
109,中正,財經法律學系,法律,73.85,443.1
109,中正,成人及繼續教育學系,,69.05,345.23
109,中正,犯罪防治學系,,71.93,377.63
109,中正,數學系,數學,58.56,248.88
109,中正,物理學系,物理,62.03,372.15
109,中正,化學暨生物化學系,化學,64.92,421.96
109,中正,地球與環境科學系,,60.42,392.7
109,中正,資訊工程學系,資訊工程,68.49,393.8
109,中正,電機工程學系甲組,電機工程,71.62,358.1
109,中正,電機工程學系乙組,電機工程,66.74,400.45
109,中正,機械工程學系,機械工程,61.1,458.28
109,中正,化學工程學系,化學工程,64.23,369.3
109,中正,通訊工程學系,,65.38,359.6
109,中正,資訊管理學系,資訊管理,63.44,444.1
109,中正,心理學系,心理,63.45,333.13
109,中正,生物醫學科學系,生命科學,62.2,388.74
109,中正,運動競技學系,,58.39,379.55
110,中正,中國文學系,中文,71.42,446.39
110,中正,外國語文學系,外文,74.05,444.3
110,中正,歷史學系,歷史,76.15,456.88
110,中正,哲學系,哲學,68.79,515.9
110,中正,社會福利學系,社會工作,71.13,355.63
110,中正,勞工關係學系,,70.57,494.0
110,中正,政治學系,政治,73.52,477.9
110,中正,傳播學系,新聞傳播,71.58,429.5
110,中正,經濟學系,經濟,75.96,379.8
110,中正,財務金融學系,財務金融,77.08,385.4
110,中正,企業管理學系,企業管理,74.85,411.7
110,中正,會計與資訊科技學系,會計,75.69,416.3
110,中正,法律學系法學組,法律,74.76,448.55
110,中正,法律學系法制組,法律,74.56,447.38
110,中正,財經法律學系,法律,76.17,457.03
110,中正,成人及繼續教育學系,,68.73,343.65
110,中正,犯罪防治學系,,72.5,380.65
110,中正,數學系,數學,54.76,232.74
110,中正,物理學系,物理,56.31,337.83
110,中正,化學暨生物化學系,化學,59.3,385.48
110,中正,地球與環境科學系,,53.11,345.2
110,中正,資訊工程學系,資訊工程,65.74,377.98
110,中正,電機工程學系甲組,電機工程,69.08,345.4
110,中正,電機工程學系乙組,電機工程,63.92,383.5
110,中正,機械工程學系,機械工程,54.49,408.7
110,中正,化學工程學系,化學工程,59.81,343.91
110,中正,通訊工程學系,,62.36,343.0
110,中正,資訊管理學系,資訊管理,60.43,423.0
110,中正,心理學系,心理,65.28,342.73
110,中正,生物醫學科學系,生命科學,59.77,373.58
110,中正,運動競技學系,,53.58,348.3
111,中正,中國文學系,中文,40.14,210.75
111,中正,外國語文學系,外文,41.6,208.0
111,中正,歷史學系,歷史,40.75,244.5
111,中正,哲學系,哲學,37.33,280.0
111,中正,社會福利學系,社會工作,40.55,223.0
111,中正,勞工關係學系,,41.86,293.0
111,中正,政治學系,政治,42.67,256.0
111,中正,傳播學系,新聞傳播,43.5,174.0
111,中正,經濟學系,經濟,43.77,284.5
111,中正,財務金融學系,財務金融,44.52,278.25
111,中正,企業管理學系,企業管理,43.46,282.5
111,中正,會計與資訊科技學系甲組,會計,42.0,273.0
111,中正,會計與資訊科技學系乙組,會計,44.62,290.0
111,中正,法律學系法學組,法律,44.83,269.0
111,中正,法律學系法制組,法律,44.42,266.5
111,中正,財經法律學系,法律,45.42,272.5
111,中正,成人及繼續教育學系,,40.1,200.5
111,中正,犯罪防治學系,,43.95,230.75
111,中正,數學系,數學,31.35,133.25
111,中正,物理學系,物理,33.88,211.75
111,中正,化學暨生物化學系,化學,35.31,229.5
111,中正,地球與環境科學系,,31.15,202.5
111,中正,資訊工程學系,資訊工程,40.48,232.75
111,中正,電機工程學系甲組,電機工程,43.0,215.0
111,中正,電機工程學系乙組,電機工程,41.0,205.0
111,中正,機械工程學系機械工程組,機械工程,32.87,246.5
111,中正,機械工程學系光機電整合工程組,機械工程,33.93,254.5
111,中正,化學工程學系,化學工程,35.68,223.0
111,中正,通訊工程學系,,39.2,196.0
111,中正,資訊管理學系,資訊管理,35.29,247.0
111,中正,心理學系,心理,39.24,206.0
111,中正,生物醫學科學系,生命科學,33.64,210.25
111,中正,運動競技學系,,38.09,209.5
112,中正,中國文學系,中文,45.24,237.5
112,中正,外國語文學系,外文,46.2,231.0
112,中正,歷史學系,歷史,45.42,272.5
112,中正,哲學系,哲學,39.46,256.5
112,中正,社會福利學系,社會工作,40.82,224.5
112,中正,勞工關係學系,,42.93,300.5
112,中正,政治學系,政治,43.17,259.0
112,中正,傳播學系,新聞傳播,46.75,187.0
112,中正,經濟學系,經濟,43.15,280.5
112,中正,財務金融學系,財務金融,42.68,202.75
112,中正,企業管理學系,企業管理,42.92,279.0
112,中正,會計與資訊科技學系甲組,會計,45.08,293.0
112,中正,會計與資訊科技學系乙組,會計,43.23,281.0
112,中正,法律學系法學組,法律,46.25,277.5
112,中正,法律學系法制組,法律,45.75,274.5
112,中正,財經法律學系,法律,46.92,281.5
112,中正,成人及繼續教育學系,,41.0,205.0
112,中正,犯罪防治學系,,44.19,232.0
112,中正,數學系,數學,37.12,157.75
112,中正,物理學系,物理,39.4,246.25
112,中正,化學暨生物化學系,化學,39.73,258.25
112,中正,地球與環境科學系,,36.77,239.0
112,中正,資訊工程學系,資訊工程,43.3,249.0
112,中正,電機工程學系甲組,電機工程,46.2,231.0
112,中正,電機工程學系乙組,電機工程,44.8,224.0
112,中正,機械工程學系機械工程組,機械工程,39.13,293.5
112,中正,機械工程學系光機電整合工程組,機械工程,39.87,299.0
112,中正,化學工程學系,化學工程,39.71,168.75
112,中正,通訊工程學系,,42.8,214.0
112,中正,資訊管理學系,資訊管理,39.86,279.0
112,中正,心理學系,心理,42.48,223.0
112,中正,生物醫學科學系,生命科學,38.64,241.5
112,中正,運動競技學系,,37.64,207.0
113,中正,中國文學系,中文,44.62,234.25
113,中正,外國語文學系,外文,45.4,227.0
113,中正,歷史學系,歷史,45.33,272.0
113,中正,哲學系,哲學,38.85,252.5
113,中正,社會福利學系,社會工作,39.55,217.5
113,中正,勞工關係學系,,42.29,296.0
113,中正,政治學系,政治,43.33,260.0
113,中正,傳播學系,新聞傳播,45.25,181.0
113,中正,經濟學系,經濟,42.38,275.5
113,中正,財務金融學系,財務金融,41.8,209.0
113,中正,企業管理學系,企業管理,41.77,271.5
113,中正,會計與資訊科技學系甲組,會計,47.54,309.0
113,中正,會計與資訊科技學系乙組,會計,43.0,279.5
113,中正,法律學系法學組,法律,45.75,274.5
113,中正,法律學系法制組,法律,45.67,274.0
113,中正,財經法律學系,法律,46.33,278.0
113,中正,成人及繼續教育學系,,40.1,200.5
113,中正,犯罪防治學系,,43.29,227.25
113,中正,數學系,數學,38.65,164.25
113,中正,物理學系,物理,41.56,259.75
113,中正,化學暨生物化學系,化學,42.65,277.25
113,中正,地球與環境科學系,,38.77,252.0
113,中正,資訊工程學系,資訊工程,45.43,261.25
113,中正,電機工程學系甲組,電機工程,49.2,246.0
113,中正,電機工程學系乙組,電機工程,46.8,234.0
113,中正,機械工程學系機械工程組,機械工程,40.93,307.0
113,中正,機械工程學系光機電整合工程組,機械工程,42.2,316.5
113,中正,化學工程學系,化學工程,42.12,179.0
113,中正,通訊工程學系,,45.0,225.0
113,中正,資訊管理學系,資訊管理,42.14,295.0
113,中正,心理學系,心理,42.57,223.5
113,中正,生物醫學科學系,生命科學,41.52,259.5
113,中正,運動競技學系,,40.73,224.0
114,中正,中國文學系,中文,43.52,228.5
114,中正,外國語文學系,外文,44.6,223.0
114,中正,歷史學系,歷史,43.75,262.5
114,中正,哲學系,哲學,38.46,250.0
114,中正,社會福利學系,社會工作,40.55,223.0
114,中正,勞工關係學系,,42.33,254.0
114,中正,政治學系,政治,42.33,254.0
114,中正,傳播學系,新聞傳播,43.75,175.0
114,中正,經濟學系,經濟,45.23,294.0
114,中正,財務金融學系,財務金融,47.6,238.0
114,中正,企業管理學系,企業管理,44.85,291.5
114,中正,會計與資訊科技學系甲組,會計,46.46,302.0
114,中正,會計與資訊科技學系乙組,會計,44.77,291.0
114,中正,法律學系法學組,法律,45.67,274.0
114,中正,法律學系法制組,法律,45.42,272.5
114,中正,財經法律學系,法律,46.0,276.0
114,中正,成人及繼續教育學系,,39.2,196.0
114,中正,犯罪防治學系,,43.43,228.0
114,中正,紫荊不分系學士學位學程甲組,,46.29,162.0
114,中正,紫荊不分系學士學位學程乙組,,48.0,168.0
114,中正,數學系,數學,40.88,173.75
114,中正,物理學系,物理,43.6,272.5
114,中正,化學暨生物化學系,化學,43.69,284.0
114,中正,地球與環境科學系,,40.23,261.5
114,中正,資訊工程學系,資訊工程,46.09,265.0
114,中正,電機工程學系甲組,電機工程,50.2,251.0
114,中正,電機工程學系乙組,電機工程,48.0,240.0
114,中正,機械工程學系機械工程組,機械工程,42.8,214.0
114,中正,機械工程學系光機電整合工程組,機械工程,43.8,219.0
114,中正,機械工程國際學士學位學程,機械工程,45.0,247.5
114,中正,化學工程學系,化學工程,44.4,222.0
114,中正,通訊工程學系,,45.8,229.0
114,中正,資訊管理學系,資訊管理,42.71,299.0
114,中正,心理學系,心理,44.0,231.0
114,中正,生物醫學科學系,生命科學,41.48,259.25
114,中正,運動競技學系,,41.82,230.0
115,中正,中國文學系,中文,44.81,235.25
115,中正,外國語文學系,外文,46.0,230.0
115,中正,歷史學系,歷史,45.67,274.0
115,中正,哲學系,哲學,42.44,191.0
115,中正,社會福利學系,社會工作,39.18,215.5
115,中正,勞工關係學系,,41.83,251.0
115,中正,政治學系,政治,42.17,253.0
115,中正,傳播學系,新聞傳播,45.25,181.0
115,中正,經濟學系,經濟,44.31,288.0
115,中正,財務金融學系,財務金融,45.44,204.5
115,中正,企業管理學系,企業管理,42.08,273.5
115,中正,會計與資訊科技學系甲組,會計,44.85,291.5
115,中正,會計與資訊科技學系乙組,會計,41.08,267.0
115,中正,法律學系法學組,法律,45.75,274.5
115,中正,法律學系法制組,法律,45.5,273.0
115,中正,財經法律學系,法律,45.92,275.5
115,中正,成人及繼續教育學系,,38.7,193.5
115,中正,犯罪防治學系,,43.62,229.0
115,中正,紫荊不分系學士學位學程甲組,,48.0,168.0
115,中正,紫荊不分系學士學位學程乙組,,47.29,165.5
115,中正,數學系,數學,38.0,161.5
115,中正,物理學系,物理,41.8,261.25
115,中正,化學暨生物化學系,化學,41.85,272.0
115,中正,地球與環境科學系,,37.69,245.0
115,中正,資訊工程學系,資訊工程,42.26,243.0
115,中正,電機工程學系甲組,電機工程,47.8,239.0
115,中正,電機工程學系乙組,電機工程,45.8,229.0
115,中正,機械工程學系機械工程組,機械工程,40.4,202.0
115,中正,機械工程學系光機電整合工程組,機械工程,41.0,205.0
115,中正,機械工程國際學士學位學程,機械工程,42.64,234.5
115,中正,化學工程學系,化學工程,42.24,264.0
115,中正,通訊工程學系,,44.2,221.0
115,中正,資訊管理學系,資訊管理,39.86,279.0
115,中正,心理學系,心理,41.76,219.25
115,中正,生物醫學科學系,生命科學,39.36,246.0
115,中正,運動競技學系,,39.27,216.0
101,台藝大,美術學系,,63.72,382.3
101,台藝大,書畫藝術學系,,63.56,317.8
101,台藝大,雕塑學系(男),,53.5,401.25
101,台藝大,雕塑學系(女),,60.39,452.9
101,台藝大,古蹟藝術修護學系,,63.71,334.5
101,台藝大,視覺傳達設計學系,,67.74,541.9
101,台藝大,工藝設計學系,,66.97,334.85
101,台藝大,多媒體動畫藝術學系,,69.53,556.2
101,台藝大,圖文傳播藝術學系,新聞傳播,78.59,432.25
101,台藝大,廣播電視學系,新聞傳播,75.13,450.8
101,台藝大,電影學系,,73.27,512.9
101,台藝大,戲劇學系(男),,70.13,490.9
101,台藝大,戲劇學系(女),,71.6,501.2
101,台藝大,音樂學系-鋼琴、聲樂,,69.26,277.04
101,台藝大,音樂學系-絃樂、銅管、木管,,73.04,292.16
101,台藝大,音樂學系-擊樂、理論作曲,,74.22,296.88
102,台藝大,美術學系,,66.37,398.2
102,台藝大,書畫藝術學系,,67.5,337.5
102,台藝大,雕塑學系(男),,56.1,420.75
102,台藝大,雕塑學系(女),,65.3,489.75
102,台藝大,古蹟藝術修護學系,,67.53,354.55
102,台藝大,視覺傳達設計學系,,70.22,561.8
102,台藝大,工藝設計學系(男),,63.01,315.05
102,台藝大,工藝設計學系(女),,70.0,350.0
102,台藝大,多媒體動畫藝術學系,,70.8,566.4
102,台藝大,圖文傳播藝術學系,新聞傳播,77.63,426.95
102,台藝大,廣播電視學系,新聞傳播,77.24,463.45
102,台藝大,電影學系,,74.89,524.2
102,台藝大,戲劇學系,,73.67,515.7
102,台藝大,音樂學系-鋼琴、聲樂,,70.73,282.92
102,台藝大,音樂學系-絃樂、銅管樂、木管樂,,76.66,306.64
102,台藝大,音樂學系-擊樂、理論作曲,,69.22,276.9
103,台藝大,美術學系,,67.57,405.4
103,台藝大,書畫藝術學系,,68.24,341.2
103,台藝大,雕塑學系(男),,53.77,403.3
103,台藝大,雕塑學系(女),,61.82,463.65
103,台藝大,古蹟藝術修護學系,,67.6,354.88
103,台藝大,視覺傳達設計學系,,68.24,545.9
103,台藝大,工藝設計學系(男),,62.92,314.6
103,台藝大,工藝設計學系(女),,69.62,348.1
103,台藝大,多媒體動畫藝術學系,,68.5,548.0
103,台藝大,圖文傳播藝術學系,新聞傳播,78.69,432.8
103,台藝大,廣播電視學系,新聞傳播,77.24,540.7
103,台藝大,電影學系,,76.66,536.6
103,台藝大,戲劇學系(男),,72.04,504.3
103,台藝大,戲劇學系(女),,74.34,520.4
103,台藝大,音樂學系-鋼琴、聲樂,,71.52,286.06
103,台藝大,音樂學系-弦樂、銅管樂、木管樂,,74.19,296.76
103,台藝大,音樂學系-擊樂、理論作曲,,61.19,244.76
104,台藝大,美術學系,,62.22,373.3
104,台藝大,書畫藝術學系,,65.14,325.7
104,台藝大,雕塑學系,,53.19,345.75
104,台藝大,雕塑學系,,59.21,384.85
104,台藝大,古蹟藝術修護學系,,67.12,352.36
104,台藝大,視覺傳達設計學系,,63.53,508.2
104,台藝大,工藝設計學系,,54.54,299.95
104,台藝大,工藝設計學系,,62.07,341.4
104,台藝大,多媒體動畫藝術學系,,64.11,512.9
104,台藝大,圖文傳播藝術學系,新聞傳播,66.78,367.3
104,台藝大,廣播電視學系,新聞傳播,71.04,426.25
104,台藝大,電影學系,,70.16,491.1
104,台藝大,戲劇學系,,68.51,479.6
104,台藝大,戲劇學系,,69.64,487.5
104,台藝大,音樂學系,,65.24,260.96
105,台藝大,美術學系,,61.77,370.6
105,台藝大,書畫藝術學系,,63.82,319.1
105,台藝大,雕塑學系(男),,55.59,361.35
105,台藝大,雕塑學系(女),,61.25,398.1
105,台藝大,古蹟藝術修護學系,,61.59,323.33
105,台藝大,視覺傳達設計學系,,63.78,510.2
105,台藝大,工藝設計學系(男),,52.09,416.7
105,台藝大,工藝設計學系(女),,63.84,510.7
105,台藝大,多媒體動畫藝術學系(男),,60.76,486.1
105,台藝大,多媒體動畫藝術學系(女),,66.63,533.0
105,台藝大,圖文傳播藝術學系,新聞傳播,73.95,406.75
105,台藝大,廣播電視學系,新聞傳播,71.48,428.9
105,台藝大,電影學系,,69.97,489.8
105,台藝大,戲劇學系(男),,67.73,474.1
105,台藝大,戲劇學系(女),,71.87,503.1
105,台藝大,音樂學系,,59.86,239.42
106,台藝大,美術學系,,58.17,349.0
106,台藝大,書畫藝術學系,,62.76,313.8
106,台藝大,雕塑學系(男),,55.55,361.1
106,台藝大,雕塑學系(女),,60.51,393.3
106,台藝大,古蹟藝術修護學系,,66.27,347.94
106,台藝大,視覺傳達設計學系,,65.08,520.6
106,台藝大,工藝設計學系(男),,55.75,446.0
106,台藝大,工藝設計學系(女),,63.21,505.7
106,台藝大,多媒體動畫藝術學系,,65.61,524.9
106,台藝大,圖文傳播藝術學系,新聞傳播,74.51,409.8
106,台藝大,廣播電視學系,新聞傳播,74.43,446.55
106,台藝大,電影學系,,72.66,508.6
106,台藝大,戲劇學系(男),,69.31,485.2
106,台藝大,戲劇學系(女),,72.51,507.6
106,台藝大,音樂學系,,68.71,274.84
107,台藝大,美術學系,,55.03,330.15
107,台藝大,書畫藝術學系,,62.76,313.8
107,台藝大,雕塑學系(男),,53.66,348.78
107,台藝大,雕塑學系(女),,58.77,381.98
107,台藝大,古蹟藝術修護學系,,63.28,332.2
107,台藝大,視覺傳達設計學系,,64.05,512.4
107,台藝大,工藝設計學系(男),,49.34,394.7
107,台藝大,工藝設計學系(女),,59.38,475.0
107,台藝大,多媒體動畫藝術學系,,63.85,510.8
107,台藝大,圖文傳播藝術學系,新聞傳播,73.8,405.9
107,台藝大,廣播電視學系,新聞傳播,72.71,436.25
107,台藝大,電影學系,,72.41,506.9
107,台藝大,戲劇學系(男),,71.49,500.4
107,台藝大,戲劇學系(女),,71.57,501.0
107,台藝大,音樂學系,,66.74,266.94
108,台藝大,美術學系,,59.6,238.4
108,台藝大,書畫藝術學系,,63.43,317.15
108,台藝大,雕塑學系(男),,56.75,368.85
108,台藝大,雕塑學系(女),,61.37,398.9
108,台藝大,古蹟藝術修護學系,,64.54,338.81
108,台藝大,視覺傳達設計學系,,64.58,516.6
108,台藝大,工藝設計學系(男),,52.26,418.1
108,台藝大,工藝設計學系(女),,62.33,498.6
108,台藝大,多媒體動畫藝術學系,,68.54,548.3
108,台藝大,圖文傳播藝術學系,新聞傳播,78.38,431.1
108,台藝大,廣播電視學系,新聞傳播,75.83,454.98
108,台藝大,電影學系,,76.4,534.8
108,台藝大,戲劇學系(男),,71.16,498.1
108,台藝大,戲劇學系(女),,73.81,516.7
108,台藝大,音樂學系,,68.45,273.78
109,台藝大,美術學系,,63.1,252.4
109,台藝大,書畫藝術學系,,59.37,296.85
109,台藝大,雕塑學系(男),,53.75,349.4
109,台藝大,雕塑學系(女),,57.75,375.35
109,台藝大,古蹟藝術修護學系,,60.54,317.85
109,台藝大,視覺傳達設計學系,,62.45,499.6
109,台藝大,工藝設計學系(男),,49.89,399.1
109,台藝大,工藝設計學系(女),,57.46,459.7
109,台藝大,多媒體動畫藝術學系,,63.69,445.8
109,台藝大,圖文傳播藝術學系,新聞傳播,69.56,382.6
109,台藝大,廣播電視學系,新聞傳播,70.77,424.6
109,台藝大,電影學系,,69.29,485.0
109,台藝大,戲劇學系(男),,65.47,458.3
109,台藝大,戲劇學系(女),,68.36,478.5
109,台藝大,音樂學系,,62.71,250.83
110,台藝大,美術學系,,58.83,470.6
110,台藝大,書畫藝術學系,,61.26,306.3
110,台藝大,雕塑學系(男),,55.54,360.98
110,台藝大,雕塑學系(女),,58.51,380.33
110,台藝大,古蹟藝術修護學系,,67.92,356.59
110,台藝大,視覺傳達設計學系,,59.88,479.0
110,台藝大,工藝設計學系(男),,40.88,327.0
110,台藝大,工藝設計學系(女),,60.13,481.0
110,台藝大,多媒體動畫藝術學系,,62.37,436.6
110,台藝大,圖文傳播藝術學系,新聞傳播,69.56,382.6
110,台藝大,廣播電視學系,新聞傳播,73.16,438.98
110,台藝大,電影學系,,71.43,500.0
110,台藝大,戲劇學系(男),,64.81,453.7
110,台藝大,戲劇學系(女),,72.04,504.3
110,台藝大,音樂學系,,68.75,275.0
111,台藝大,美術學系,,44.55,356.4
111,台藝大,書畫藝術學系,,50.02,250.1
111,台藝大,雕塑學系(男),,44.57,289.7
111,台藝大,雕塑學系(女),,47.65,309.7
111,台藝大,古蹟藝術修護學系,,50.36,264.4
111,台藝大,亞太建築空間與文物保存學士學位學程,建築,38.45,211.5
111,台藝大,視覺傳達設計學系,,47.17,330.2
111,台藝大,工藝設計學系,,42.4,296.8
111,台藝大,多媒體動畫藝術學系,,48.13,385.0
111,台藝大,圖文傳播藝術學系,新聞傳播,35.17,211.0
111,台藝大,廣播電視學系,新聞傳播,44.3,221.5
111,台藝大,電影學系,,43.83,263.0
111,台藝大,戲劇學系(男),,38.83,233.0
111,台藝大,戲劇學系(女),,42.67,256.0
111,台藝大,音樂學系,,56.21,224.84
112,台藝大,美術學系,,46.2,369.6
112,台藝大,書畫藝術學系,,52.26,261.3
112,台藝大,雕塑學系(男),,47.0,305.5
112,台藝大,雕塑學系(女),,48.37,314.4
112,台藝大,古蹟藝術修護學系,,49.69,260.87
112,台藝大,亞太建築空間與文物保存學士學位學程,建築,41.91,230.5
112,台藝大,視覺傳達設計學系,,49.66,347.6
112,台藝大,工藝設計學系,,43.8,219.0
112,台藝大,多媒體動畫藝術學系,,52.0,416.0
112,台藝大,圖文傳播藝術學系,新聞傳播,37.83,227.0
112,台藝大,廣播電視學系,新聞傳播,46.6,233.0
112,台藝大,電影學系,,46.0,276.0
112,台藝大,戲劇學系(男),,42.0,252.0
112,台藝大,戲劇學系(女),,44.5,267.0
112,台藝大,音樂學系,,48.68,243.38
113,台藝大,美術學系,,44.53,356.2
113,台藝大,書畫藝術學系,,49.22,246.1
113,台藝大,雕塑學系(男),,43.2,280.8
113,台藝大,雕塑學系(女),,44.55,289.6
113,台藝大,古蹟藝術修護學系,,43.84,274.02
113,台藝大,亞太建築空間與文物保存學士學位學程,建築,36.55,201.0
113,台藝大,視覺傳達設計學系,,44.43,311.0
113,台藝大,工藝設計學系,,43.2,216.0
113,台藝大,多媒體動畫藝術學系,,47.5,380.0
113,台藝大,圖文傳播藝術學系,新聞傳播,42.67,128.0
113,台藝大,廣播電視學系,新聞傳播,46.5,232.5
113,台藝大,電影學系,,44.83,269.0
113,台藝大,戲劇學系(男),,38.0,228.0
113,台藝大,戲劇學系(女),,43.17,259.0
113,台藝大,音樂學系,,40.65,203.26
114,台藝大,美術學系,,47.05,376.4
114,台藝大,書畫藝術學系,,51.7,258.5
114,台藝大,雕塑學系(男),,46.4,301.6
114,台藝大,雕塑學系(女),,47.48,308.6
114,台藝大,古蹟藝術修護學系,,44.19,276.18
114,台藝大,視覺傳達設計學系,,49.29,345.0
114,台藝大,工藝設計學系,,43.2,216.0
114,台藝大,多媒體動畫藝術學系,,53.57,375.0
114,台藝大,圖文傳播藝術學系,新聞傳播,38.5,154.0
114,台藝大,廣播電視學系,新聞傳播,44.4,222.0
114,台藝大,電影學系,,42.67,256.0
114,台藝大,戲劇學系(男),,37.5,225.0
114,台藝大,戲劇學系(女),,44.17,265.0
114,台藝大,音樂學系,,50.0,250.02
115,台藝大,美術學系,,42.45,339.6
115,台藝大,書畫藝術學系,,45.5,227.5
115,台藝大,雕塑學系(男),,44.66,290.3
115,台藝大,雕塑學系(女),,45.4,295.1
115,台藝大,古蹟藝術修護學系,,41.48,259.27
115,台藝大,視覺傳達設計學系,,42.58,255.5
115,台藝大,工藝設計學系,,44.4,222.0
115,台藝大,多媒體動畫藝術學系,,53.14,372.0
115,台藝大,圖文傳播藝術學系,新聞傳播,38.25,153.0
115,台藝大,廣播電視學系,新聞傳播,44.9,224.5
115,台藝大,電影學系,,43.5,261.0
115,台藝大,戲劇學系(男),,37.83,227.0
115,台藝大,戲劇學系(女),,42.33,254.0
115,台藝大,音樂學系,,49.92,249.6
101,暨南,中國語文學系,,62.15,404.0
101,暨南,外國語文學系,外文,67.81,389.88
101,暨南,社會政策與社會工作學系,社會工作,65.5,442.1
101,暨南,公共行政與政策學系,,69.5,364.88
101,暨南,歷史學系,歷史,62.82,329.8
101,暨南,國際文教與比較教育學系,,64.03,416.2
101,暨南,教育政策與行政學系,,63.9,415.35
101,暨南,國際企業學系,國際企業,73.6,331.2
101,暨南,經濟學系,經濟,69.94,419.65
101,暨南,資訊管理學系,資訊管理,73.6,368.0
101,暨南,財務金融學系,財務金融,75.66,378.3
101,暨南,休閒學與觀光管理學系,,67.34,471.4
101,暨南,餐旅管理學系,,66.29,464.0
101,暨南,資訊工程學系,資訊工程,65.37,457.6
101,暨南,土木工程學系,土木工程,63.68,509.4
101,暨南,電機工程學系,電機工程,66.99,535.9
101,暨南,應用化學系,化學,63.03,504.2
101,暨南,應用材料及光電工程學系,光電,65.01,520.1
102,暨南,中國語文學系,,66.88,401.3
102,暨南,外國語文學系,外文,67.61,388.78
102,暨南,社會政策與社會工作學系,社會工作,65.72,509.3
102,暨南,公共行政與政策學系,,68.74,360.9
102,暨南,歷史學系,歷史,63.21,331.83
102,暨南,國際文教與比較教育學系,,64.08,416.5
102,暨南,教育政策與行政學系,,64.31,418.0
102,暨南,國際企業學系,國際企業,71.29,320.8
102,暨南,經濟學系,經濟,68.88,413.3
102,暨南,資訊管理學系,資訊管理,70.01,402.58
102,暨南,財務金融學系,財務金融,72.76,363.8
102,暨南,休閒學與觀光管理學系,,65.98,362.9
102,暨南,餐旅管理學系,,66.38,365.1
102,暨南,資訊工程學系,資訊工程,58.73,411.1
102,暨南,土木工程學系,土木工程,55.58,444.6
102,暨南,電機工程學系,電機工程,59.6,387.4
102,暨南,應用化學系,化學,54.98,439.8
102,暨南,應用材料及光電工程學系,光電,56.86,454.9
103,暨南,中國語文學系,,65.91,395.48
103,暨南,外國語文學系,外文,68.11,391.63
103,暨南,社會政策與社會工作學系,社會工作,66.03,511.7
103,暨南,公共行政與政策學系,,70.36,369.38
103,暨南,歷史學系,歷史,63.03,330.9
103,暨南,東南亞學系東南亞組,,68.33,409.95
103,暨南,東南亞學系人類學組,,61.05,366.28
103,暨南,國際文教與比較教育學系,,63.04,283.7
103,暨南,教育政策與行政學系,,64.22,417.4
103,暨南,國際企業學系,國際企業,72.31,325.4
103,暨南,經濟學系,經濟,71.02,355.1
103,暨南,資訊管理學系,資訊管理,68.53,394.05
103,暨南,財務金融學系,財務金融,74.46,372.3
103,暨南,觀光休閒與餐旅管理學系觀光休閒組,,65.56,458.9
103,暨南,觀光休閒與餐旅管理學系餐旅管理組,,67.57,473.0
103,暨南,土木工程學系,土木工程,53.19,425.5
103,暨南,資訊工程學系,資訊工程,57.24,400.7
103,暨南,電機工程學系,電機工程,58.78,382.05
103,暨南,應用化學系,化學,54.1,432.8
103,暨南,應用材料及光電工程學系,光電,53.96,431.7
104,暨南,中國語文學系,,63.92,383.53
104,暨南,外國語文學系,外文,60.92,350.3
104,暨南,社會政策與社會工作學系,社會工作,58.04,391.8
104,暨南,公共行政與政策學系,,61.98,325.4
104,暨南,歷史學系,歷史,56.56,296.93
104,暨南,東南亞學系東南亞組,,66.73,400.38
104,暨南,東南亞學系人類學組,,64.13,384.75
104,暨南,國際文教與比較教育學系,,54.6,245.7
104,暨南,教育政策與行政學系,,57.8,375.7
104,暨南,諮商心理與人力資源發展學系,心理,59.02,295.1
104,暨南,國際企業學系,國際企業,59.91,269.6
104,暨南,經濟學系,經濟,58.1,290.5
104,暨南,資訊管理學系,資訊管理,56.94,327.38
104,暨南,財務金融學系,財務金融,60.72,303.6
104,暨南,觀光休閒與餐旅管理學系觀光休閒組,,62.57,438.0
104,暨南,觀光休閒與餐旅管理學系餐旅管理組,,62.16,435.1
104,暨南,土木工程學系,土木工程,47.21,377.7
104,暨南,資訊工程學系,資訊工程,52.8,369.6
104,暨南,電機工程學系,電機工程,54.42,353.75
104,暨南,應用化學系,化學,46.98,375.8
104,暨南,應用材料及光電工程學系,光電,48.08,384.6
105,暨南,中國語文學系,,58.23,349.4
105,暨南,外國語文學系,外文,61.08,351.2
105,暨南,社會政策與社會工作學系,社會工作,56.96,384.45
105,暨南,公共行政與政策學系,,61.02,320.38
105,暨南,歷史學系,歷史,55.35,290.58
105,暨南,東南亞學系東南亞組,,64.09,384.55
105,暨南,東南亞學系人類學組,,62.73,376.4
105,暨南,國際企業學系,國際企業,63.31,284.9
105,暨南,經濟學系,經濟,61.94,309.7
105,暨南,資訊管理學系,資訊管理,62.21,357.68
105,暨南,財務金融學系,財務金融,66.7,333.5
105,暨南,觀光休閒與餐旅管理學系觀光休閒組,,58.86,294.3
105,暨南,觀光休閒與餐旅管理學系餐旅管理組,,58.42,292.1
105,暨南,國際文教與比較教育學系,,54.62,245.8
105,暨南,教育政策與行政學系,,56.03,336.2
105,暨南,諮商心理與人力資源發展學系諮商心理組,心理,61.99,340.95
105,暨南,諮商心理與人力資源發展學系終身學習與人力資源發展組,心理,59.5,297.5
105,暨南,資訊工程學系,資訊工程,52.47,367.3
105,暨南,土木工程學系,土木工程,45.03,360.2
105,暨南,電機工程學系,電機工程,53.44,347.35
105,暨南,應用化學系,化學,46.01,368.1
105,暨南,應用材料及光電工程學系,光電,47.95,383.6
106,暨南,中國語文學系,,64.09,384.55
106,暨南,外國語文學系,外文,61.3,352.48
106,暨南,社會政策與社會工作學系,社會工作,59.95,389.7
106,暨南,公共行政與政策學系,,61.52,322.98
106,暨南,歷史學系,歷史,56.61,297.18
106,暨南,東南亞學系,,69.45,329.88
106,暨南,國際企業學系,國際企業,61.91,278.6
106,暨南,經濟學系,經濟,60.86,304.3
106,暨南,資訊管理學系,資訊管理,61.86,355.7
106,暨南,財務金融學系,財務金融,66.92,334.6
106,暨南,觀光休閒與餐旅管理學系觀光休閒組,,53.92,269.6
106,暨南,觀光休閒與餐旅管理學系餐旅管理組,,54.88,274.4
106,暨南,國際文教與比較教育學系,,54.1,243.45
106,暨南,教育政策與行政學系,,57.26,343.55
106,暨南,諮商心理與人力資源發展學系諮商心理組,心理,62.55,344.05
106,暨南,諮商心理與人力資源發展學系終身學習與人力資源發展組,心理,59.19,295.95
106,暨南,資訊工程學系,資訊工程,52.01,364.1
106,暨南,土木工程學系,土木工程,42.93,343.4
106,暨南,電機工程學系,電機工程,54.1,351.65
106,暨南,應用化學系,化學,45.6,364.8
106,暨南,應用材料及光電工程學系,光電,48.09,384.7
107,暨南,中國語文學系,,64.44,386.64
107,暨南,外國語文學系,外文,64.16,288.73
107,暨南,社會政策與社會工作學系,社會工作,59.35,385.78
107,暨南,公共行政與政策學系,,60.15,315.79
107,暨南,歷史學系,歷史,55.5,291.38
107,暨南,東南亞學系,,65.0,308.73
107,暨南,國際企業學系,國際企業,64.44,290.0
107,暨南,經濟學系,經濟,62.84,314.2
107,暨南,資訊管理學系,資訊管理,64.71,372.1
107,暨南,財務金融學系,財務金融,68.44,342.2
107,暨南,觀光休閒與餐旅管理學系觀光休閒組,,55.4,277.0
107,暨南,觀光休閒與餐旅管理學系餐旅管理組,,56.12,280.6
107,暨南,國際文教與比較教育學系,,59.13,266.1
107,暨南,教育政策與行政學系,,62.18,310.9
107,暨南,諮商心理與人力資源發展學系諮商心理組,心理,63.44,348.9
107,暨南,諮商心理與人力資源發展學系終身學習與人力資源發展組,心理,61.27,306.35
107,暨南,資訊工程學系,資訊工程,57.69,403.8
107,暨南,土木工程學系,土木工程,49.24,393.9
107,暨南,電機工程學系,電機工程,58.77,352.6
107,暨南,應用化學系,化學,51.68,413.44
107,暨南,應用材料及光電工程學系,光電,53.99,431.9
108,暨南,中國語文學系,,67.87,407.2
108,暨南,外國語文學系,外文,67.44,303.48
108,暨南,社會政策與社會工作學系,社會工作,67.24,437.08
108,暨南,公共行政與政策學系,,67.51,354.44
108,暨南,歷史學系,歷史,60.28,316.46
108,暨南,東南亞學系,,66.14,314.15
108,暨南,國際企業學系,國際企業,70.04,315.2
108,暨南,經濟學系,經濟,69.26,346.3
108,暨南,資訊管理學系,資訊管理,70.02,402.6
108,暨南,財務金融學系,財務金融,72.36,361.8
108,暨南,觀光休閒與餐旅管理學系觀光休閒組,,63.73,350.5
108,暨南,觀光休閒與餐旅管理學系餐旅管理組,,63.98,351.9
108,暨南,管理學院學士班,,69.03,241.6
108,暨南,國際文教與比較教育學系,,66.16,297.7
108,暨南,教育政策與行政學系,,71.6,358.0
108,暨南,諮商心理與人力資源發展學系諮商心理組,心理,71.11,391.13
108,暨南,諮商心理與人力資源發展學系終身學習與人力資源發展組,心理,67.37,336.83
108,暨南,資訊工程學系,資訊工程,59.13,413.9
108,暨南,土木工程學系,土木工程,51.95,415.6
108,暨南,電機工程學系,電機工程,60.66,333.65
108,暨南,應用化學系,化學,56.21,449.7
108,暨南,應用材料及光電工程學系,光電,56.81,454.5
109,暨南,中國語文學系,,63.12,378.7
109,暨南,外國語文學系,外文,61.71,277.68
109,暨南,社會政策與社會工作學系,社會工作,58.77,382.03
109,暨南,公共行政與政策學系,,58.33,306.23
109,暨南,歷史學系,歷史,52.82,277.3
109,暨南,東南亞學系,,61.67,292.95
109,暨南,國際企業學系,國際企業,59.56,268.0
109,暨南,經濟學系,經濟,58.38,291.9
109,暨南,資訊管理學系,資訊管理,59.74,343.5
109,暨南,財務金融學系,財務金融,64.32,321.6
109,暨南,觀光休閒與餐旅管理學系觀光休閒組,,51.27,282.0
109,暨南,觀光休閒與餐旅管理學系餐旅管理組,,52.8,290.4
109,暨南,管理學院學士班,,55.89,195.6
109,暨南,國際文教與比較教育學系,,52.2,234.9
109,暨南,教育政策與行政學系,,59.64,298.2
109,暨南,諮商心理與人力資源發展學系諮商心理組,心理,62.02,341.13
109,暨南,諮商心理與人力資源發展學系終身學習與人力資源發展組,心理,56.88,284.38
109,暨南,教育學院學士班,,58.44,292.2
109,暨南,資訊工程學系,資訊工程,53.91,269.55
109,暨南,土木工程學系,土木工程,42.88,343.0
109,暨南,電機工程學系甲組,電機工程,54.9,274.5
109,暨南,電機工程學系乙組,電機工程,56.6,283.0
109,暨南,電機工程學系丙組,電機工程,54.08,270.4
109,暨南,應用化學系,化學,46.86,374.9
109,暨南,應用材料及光電工程學系,光電,48.54,388.3
109,暨南,科技學院學士班,,49.4,321.1
110,暨南,中國語文學系,,61.87,355.75
110,暨南,外國語文學系,外文,56.06,252.25
110,暨南,社會政策與社會工作學系,社會工作,54.59,354.85
110,暨南,公共行政與政策學系,,60.04,315.21
110,暨南,歷史學系,歷史,50.33,264.23
110,暨南,東南亞學系,,56.28,267.33
110,暨南,國際企業學系,國際企業,61.38,276.2
110,暨南,經濟學系,經濟,58.8,294.0
110,暨南,資訊管理學系,資訊管理,58.42,335.9
110,暨南,財務金融學系,財務金融,64.74,323.7
110,暨南,觀光休閒與餐旅管理學系觀光休閒組,,44.15,242.8
110,暨南,觀光休閒與餐旅管理學系餐旅管理組,,43.51,239.3
110,暨南,管理學院學士班,,58.66,205.3
110,暨南,國際文教與比較教育學系,,47.44,213.5
110,暨南,教育政策與行政學系,,54.8,274.0
110,暨南,諮商心理與人力資源發展學系諮商心理組,心理,61.84,340.1
110,暨南,諮商心理與人力資源發展學系終身學習與人力資源發展組,心理,53.46,267.3
110,暨南,教育學院學士班,,53.58,294.7
110,暨南,資訊工程學系,資訊工程,48.12,240.6
110,暨南,土木工程學系,土木工程,29.55,236.4
110,暨南,電機工程學系甲組,電機工程,53.18,265.9
110,暨南,電機工程學系乙組,電機工程,49.38,246.9
110,暨南,電機工程學系丙組,電機工程,52.87,264.35
110,暨南,應用化學系,化學,35.29,282.3
110,暨南,應用材料及光電工程學系,光電,36.15,289.2
110,暨南,科技學院學士班,,35.5,230.75
111,暨南,中國語文學系,,35.68,169.5
111,暨南,外國語文學系,外文,25.22,113.5
111,暨南,社會政策與社會工作學系,社會工作,35.79,170.0
111,暨南,公共行政與政策學系,,27.38,143.75
111,暨南,歷史學系,歷史,23.76,101.0
111,暨南,東南亞學系,,18.84,89.5
111,暨南,國際企業學系,國際企業,20.78,93.5
111,暨南,經濟學系,經濟,23.25,93.0
111,暨南,資訊管理學系,資訊管理,24.38,128.0
111,暨南,財務金融學系,財務金融,31.25,125.0
111,暨南,觀光休閒與餐旅管理學系觀光休閒組,,28.27,155.5
111,暨南,觀光休閒與餐旅管理學系餐旅管理組,,27.18,149.5
111,暨南,管理學院學士班,,25.0,75.0
111,暨南,國際文教與比較教育學系,,21.44,96.5
111,暨南,教育政策與行政學系,,18.56,83.5
111,暨南,諮商心理與人力資源發展學系諮商心理組,心理,33.18,182.5
111,暨南,諮商心理與人力資源發展學系終身學習與人力資源發展組,心理,26.1,130.5
111,暨南,教育學院學士班,,20.4,102.0
111,暨南,資訊工程學系,資訊工程,26.12,111.0
111,暨南,土木工程學系,土木工程,8.67,52.0
111,暨南,電機工程學系甲組,電機工程,30.0,150.0
111,暨南,電機工程學系乙組,電機工程,30.6,153.0
111,暨南,電機工程學系丙組,電機工程,31.2,156.0
111,暨南,應用化學系,化學,15.5,93.0
111,暨南,應用材料及光電工程學系,光電,20.83,125.0
111,暨南,科技學院學士班,,15.33,92.0
112,暨南,中國語文學系,,45.68,217.0
112,暨南,外國語文學系,外文,31.33,141.0
112,暨南,社會政策與社會工作學系,社會工作,39.16,186.0
112,暨南,公共行政與政策學系,,37.19,195.25
112,暨南,歷史學系,歷史,34.53,146.75
112,暨南,東南亞學系,,30.42,144.5
112,暨南,國際企業學系,國際企業,34.11,153.5
112,暨南,經濟學系,經濟,32.86,115.0
112,暨南,資訊管理學系,資訊管理,34.24,179.75
112,暨南,財務金融學系,財務金融,35.0,140.0
112,暨南,觀光休閒與餐旅管理學系觀光休閒組,,34.0,187.0
112,暨南,觀光休閒與餐旅管理學系餐旅管理組,,30.91,170.0
112,暨南,管理學院學士班,,31.67,95.0
112,暨南,國際文教與比較教育學系,,29.56,133.0
112,暨南,教育政策與行政學系,,37.75,151.0
112,暨南,諮商心理與人力資源發展學系諮商心理組,心理,38.73,213.0
112,暨南,諮商心理與人力資源發展學系終身學習與人力資源發展組,心理,36.8,184.0
112,暨南,教育學院學士班教育科技與數位學習組,,34.6,173.0
112,暨南,教育學院學士班教育心理與輔導組,,36.8,184.0
112,暨南,資訊工程學系,資訊工程,32.47,138.0
112,暨南,土木工程學系,土木工程,30.23,196.5
112,暨南,電機工程學系甲組,電機工程,36.4,182.0
112,暨南,電機工程學系乙組,電機工程,38.6,193.0
112,暨南,電機工程學系丙組,電機工程,40.4,202.0
112,暨南,應用化學系,化學,27.0,162.0
112,暨南,應用材料及光電工程學系,光電,30.67,184.0
112,暨南,科技學院學士班,,31.59,213.25
112,暨南,護理學系,護理,34.95,166.0
113,暨南,中國語文學系,,35.11,166.75
113,暨南,外國語文學系,外文,24.89,112.0
113,暨南,社會政策與社會工作學系,社會工作,34.21,162.5
113,暨南,公共行政與政策學系,,38.1,190.5
113,暨南,歷史學系,歷史,28.53,121.25
113,暨南,東南亞學系,,20.16,95.75
113,暨南,國際企業學系,國際企業,27.67,124.5
113,暨南,經濟學系,經濟,29.71,104.0
113,暨南,資訊管理學系,資訊管理,32.57,171.0
113,暨南,財務金融學系,財務金融,32.5,130.0
113,暨南,觀光休閒與餐旅管理學系觀光休閒組,,27.55,151.5
113,暨南,觀光休閒與餐旅管理學系餐旅管理組,,24.45,134.5
113,暨南,管理學院學士班,,30.11,135.5
113,暨南,國際文教與比較教育學系,,25.75,103.0
113,暨南,教育政策與行政學系,,37.25,149.0
113,暨南,諮商心理與人力資源發展學系諮商心理組,心理,35.91,197.5
113,暨南,諮商心理與人力資源發展學系終身學習與人力資源發展組,心理,38.25,153.0
113,暨南,教育學院學士班教育科技與數位學習組,,31.67,142.5
113,暨南,教育學院學士班教育心理與輔導組,,32.0,144.0
113,暨南,資訊工程學系,資訊工程,37.22,167.5
113,暨南,土木工程學系,土木工程,33.46,217.5
113,暨南,電機工程學系甲組,電機工程,38.2,191.0
113,暨南,電機工程學系乙組,電機工程,39.17,235.0
113,暨南,電機工程學系丙組,電機工程,41.4,207.0
113,暨南,應用化學系,化學,31.33,188.0
113,暨南,應用材料及光電工程學系,光電,31.0,186.0
113,暨南,科技學院學士班,,34.15,230.5
113,暨南,護理學系,護理,32.37,153.75
114,暨南,中國語文學系,,30.89,146.75
114,暨南,外國語文學系,外文,25.78,116.0
114,暨南,社會政策與社會工作學系,社會工作,33.05,157.0
114,暨南,公共行政與政策學系,,38.0,152.0
114,暨南,歷史學系,歷史,30.53,129.75
114,暨南,東南亞學系,,20.67,62.0
114,暨南,國際企業學系,國際企業,26.25,105.0
114,暨南,經濟學系,經濟,27.38,109.5
114,暨南,資訊管理學系,資訊管理,30.38,197.5
114,暨南,財務金融學系,財務金融,31.17,187.0
114,暨南,觀光休閒與餐旅管理學系觀光休閒組,,27.0,148.5
114,暨南,觀光休閒與餐旅管理學系餐旅管理組,,28.55,157.0
114,暨南,管理學院學士班,,28.67,129.0
114,暨南,國際文教與比較教育學系,,24.0,96.0
114,暨南,教育政策與行政學系,,32.67,147.0
114,暨南,諮商心理與人力資源發展學系諮商心理組,心理,35.1,175.5
114,暨南,諮商心理與人力資源發展學系終身學習與人力資源發展組,心理,36.13,144.5
114,暨南,教育學院學士班教育科技與數位學習組,,39.4,197.0
114,暨南,教育學院學士班教育心理與輔導組,,37.0,185.0
114,暨南,資訊工程學系,資訊工程,36.71,128.5
114,暨南,土木工程學系,土木工程,29.48,199.0
114,暨南,電機工程學系甲組,電機工程,38.0,190.0
114,暨南,電機工程學系乙組,電機工程,40.2,201.0
114,暨南,電機工程學系丙組,電機工程,41.0,205.0
114,暨南,應用化學系,化學,31.0,186.0
114,暨南,應用材料及光電工程學系,光電,31.5,189.0
114,暨南,科技學院學士班,,34.19,230.75
114,暨南,護理學系,護理,32.63,130.5
115,暨南,中國語文學系,,34.42,163.5
115,暨南,外國語文學系,外文,26.89,121.0
115,暨南,社會政策與社會工作學系,社會工作,32.37,153.75
115,暨南,公共行政與政策學系,,41.63,166.5
115,暨南,歷史學系,歷史,32.41,137.75
115,暨南,東南亞學系,,25.0,75.0
115,暨南,國際企業學系,國際企業,25.63,102.5
115,暨南,經濟學系,經濟,24.88,99.5
115,暨南,資訊管理學系,資訊管理,30.0,165.0
115,暨南,財務金融學系,財務金融,29.0,174.0
115,暨南,觀光休閒與餐旅管理學系觀光休閒組,,27.27,150.0
115,暨南,觀光休閒與餐旅管理學系餐旅管理組,,29.82,164.0
115,暨南,管理學院學士班,,33.78,152.0
115,暨南,國際文教與比較教育學系,,26.25,105.0
115,暨南,教育政策與行政學系,,36.0,162.0
115,暨南,諮商心理與人力資源發展學系諮商心理組,心理,32.0,160.0
115,暨南,諮商心理與人力資源發展學系終身學習與人力資源發展組,心理,35.5,142.0
115,暨南,教育學院學士班教育科技與資訊組,,34.0,170.0
115,暨南,教育學院學士班教育心理與輔導組,,32.6,163.0
115,暨南,資訊工程學系,資訊工程,34.31,111.5
115,暨南,土木工程學系,土木工程,31.59,213.25
115,暨南,電機工程學系甲組,電機工程,36.5,146.0
115,暨南,電機工程學系乙組,電機工程,39.0,234.0
115,暨南,電機工程學系丙組,電機工程,40.2,201.0
115,暨南,應用化學系,化學,31.17,187.0
115,暨南,應用材料及光電工程學系,光電,31.33,188.0
115,暨南,科技學院學士班,,33.7,227.5
115,暨南,護理學系,護理,24.88,99.5
101,台體大,體育學系,,45.09,247.99
101,台體大,休閒運動學系,,50.82,292.19
101,台體大,運動管理學系(嘉義校區),,54.77,314.95
101,台體大,運動健康科學系,,47.82,358.65
101,台體大,運動資訊與傳播學系(嘉義),新聞傳播,54.88,315.55
102,台體大,體育學系,,44.99,247.42
102,台體大,休閒運動學系,,49.21,282.96
102,台體大,運動管理學系(嘉義校區),,51.66,297.05
102,台體大,運動健康科學系,,47.43,355.7
102,台體大,運動資訊與傳播學系(傳播組)(嘉義校區),新聞傳播,62.31,420.6
102,台體大,運動資訊與傳播學系(資訊組)(嘉義校區),新聞傳播,54.01,310.53
103,台體大,體育學系,,45.69,251.3
103,台體大,休閒運動學系,,50.91,292.74
103,台體大,運動管理學系(嘉義校區),,51.51,296.2
103,台體大,運動健康科學系,,44.83,336.25
103,台體大,運動資訊與傳播學系(傳播組)(嘉義校區),新聞傳播,63.38,427.8
103,台體大,運動資訊與傳播學系(資訊組)(嘉義校區),新聞傳播,52.41,301.33
104,台體大,體育學系,,47.74,262.59
104,台體大,休閒運動學系,,52.71,303.08
104,台體大,運動事業管理學系,,49.95,387.1
104,台體大,運動健康科學系,,38.38,287.85
104,台體大,運動資訊與傳播學系(傳播組),新聞傳播,63.62,429.43
104,台體大,運動資訊與傳播學系(資訊組),新聞傳播,45.99,264.45
105,台體大,體育學系,,48.4,278.32
105,台體大,休閒運動學系,,48.07,276.43
105,台體大,運動事業管理學系,,49.57,384.2
105,台體大,運動健康科學系,,38.72,290.4
105,台體大,運動資訊與傳播學系(傳播組),新聞傳播,58.46,394.6
105,台體大,運動資訊與傳播學系(資訊組),新聞傳播,50.31,289.3
106,台體大,體育學系,,50.24,288.89
106,台體大,休閒運動學系,,45.03,348.98
106,台體大,運動事業管理學系,,51.98,402.85
106,台體大,運動健康科學系,,38.8,291.0
106,台體大,運動資訊與傳播學系(傳播組),新聞傳播,61.97,418.3
106,台體大,運動資訊與傳播學系(資訊組),新聞傳播,38.9,243.13
107,台體大,體育學系,,52.44,301.54
107,台體大,休閒運動學系,,50.13,338.4
107,台體大,運動事業管理學系,,51.8,401.45
107,台體大,運動健康科學系,,40.25,301.9
107,台體大,運動資訊與傳播學系(傳播組),新聞傳播,64.87,437.85
107,台體大,運動資訊與傳播學系(資訊組),新聞傳播,43.0,268.75
108,台體大,體育學系,,56.61,325.52
108,台體大,休閒運動學系,,53.37,413.59
108,台體大,運動事業管理學系,,58.62,454.3
108,台體大,運動健康科學系,,49.96,374.7
108,台體大,運動資訊與傳播學系(傳播組),新聞傳播,72.54,489.63
108,台體大,運動資訊與傳播學系(資訊組),新聞傳播,53.66,335.38
109,台體大,體育學系,,49.96,287.25
109,台體大,休閒運動學系,,46.51,360.42
109,台體大,運動事業管理學系,,48.15,373.2
109,台體大,運動健康科學系,,38.07,285.5
109,台體大,運動資訊與傳播學系(傳播組),新聞傳播,65.12,439.53
109,台體大,運動資訊與傳播學系(資訊組),新聞傳播,41.97,283.3
110,台體大,體育學系,,49.81,286.4
110,台體大,休閒運動學系,,49.64,384.74
110,台體大,運動事業管理學系,,48.7,377.4
110,台體大,運動健康科學系,,31.44,235.8
110,台體大,運動資訊與傳播學系(傳播組),新聞傳播,65.36,441.2
110,台體大,運動資訊與傳播學系(資訊組),新聞傳播,37.0,249.75
111,台體大,體育學系,,15.74,125.94
111,台體大,休閒運動學系,,20.11,155.89
111,台體大,運動事業管理學系,,28.5,171.0
111,台體大,運動健康科學系,,14.0,105.0
111,台體大,運動資訊與傳播學系,新聞傳播,32.22,217.5
112,台體大,體育學系,,31.62,252.94
112,台體大,休閒運動學系,,37.74,301.88
112,台體大,運動事業管理學系,,31.33,188.0
112,台體大,運動健康科學系,,23.73,130.5
112,台體大,運動資訊與傳播學系,新聞傳播,36.22,244.5
113,台體大,體育學系,,28.97,231.78
113,台體大,休閒運動學系,,40.05,320.42
113,台體大,運動事業管理學系,,31.33,188.0
113,台體大,運動健康科學學系,,28.27,155.5
113,台體大,運動資訊與傳播學系,新聞傳播,34.0,229.5
114,台體大,體育學系,,39.85,239.12
114,台體大,休閒運動學系,,33.4,167.0
114,台體大,運動事業管理學系,,31.5,189.0
114,台體大,運動健康科學學系,,29.0,159.5
114,台體大,運動資訊與傳播學系,新聞傳播,34.19,230.75
115,台體大,體育學系,,40.46,242.76
115,台體大,休閒運動學系,,32.4,162.0
115,台體大,運動事業管理學系,,30.83,185.0
115,台體大,運動健康科學學系,,28.45,156.5
115,台體大,運動資訊與傳播學系,新聞傳播,35.89,242.25
101,北市體院,休閒運動管理學系,,44.83,313.8
101,北市體院,體育與健康學系,,51.43,360.0
102,北市體院,休閒運動管理學系,,38.87,310.96
102,北市體院,體育與健康學系,,55.97,391.8
101,南藝大,藝術史學系,,57.39,373.05
101,南藝大,應用音樂學系(音樂行政組),,42.79,299.55
101,南藝大,應用音樂系(音樂工程創作組),,39.13,215.2
101,南藝大,材質創作與設計系,,55.96,475.7
102,南藝大,藝術史學系,,59.01,383.55
102,南藝大,應用音樂學系(音樂行政組),,42.75,299.26
102,南藝大,應用音樂學系(音樂工程創作組),,39.02,214.6
102,南藝大,材質創作與設計系,,57.66,461.3
103,南藝大,藝術史學系,,57.15,385.78
103,南藝大,應用音樂學系(藝術管理組),,38.18,267.27
103,南藝大,應用音樂學系(音樂工程與創作組),,45.54,250.48
103,南藝大,材質創作與設計系,,56.05,448.4
104,南藝大,藝術史學系,,53.49,361.03
104,南藝大,應用音樂學系(藝術管理組),,64.76,323.8
104,南藝大,應用音樂學系(音樂工程與創作組),,47.18,259.5
104,南藝大,材質創作與設計系,,53.51,374.6
105,南藝大,藝術史學系,,51.93,350.55
105,南藝大,應用音樂學系(藝術管理組),,61.45,307.25
105,南藝大,應用音樂學系(音樂工程與創作組),,41.1,226.04
105,南藝大,材質創作與設計系,,53.71,376.0
106,南藝大,藝術史學系,,53.69,362.38
106,南藝大,應用音樂學系(藝術管理組),,66.6,333.0
106,南藝大,應用音樂學系(音樂工程與創作組),,45.06,247.84
106,南藝大,材質創作與設計系,,53.56,374.95
107,南藝大,藝術史學系,,51.92,350.48
107,南藝大,應用音樂學系,,67.42,337.1
107,南藝大,材質創作與設計系,,50.31,352.18
108,南藝大,藝術史學系,,62.21,342.18
108,南藝大,應用音樂學系,,68.03,340.13
108,南藝大,材質創作與設計系,,59.19,355.13
109,南藝大,藝術史學系,,58.79,323.33
109,南藝大,應用音樂學系,,61.52,307.6
109,南藝大,材質創作與設計系,,48.13,288.78
110,南藝大,藝術史學系,,53.83,296.05
110,南藝大,應用音樂學系,,58.43,292.15
110,南藝大,材質創作與設計系,,51.14,306.83
111,南藝大,藝術史學系,,23.48,123.25
111,南藝大,應用音樂學系,,25.9,129.5
111,南藝大,材質創作與設計系,,38.77,232.6
112,南藝大,藝術史學系,,37.1,194.75
112,南藝大,應用音樂學系,,36.9,184.5
112,南藝大,材質創作與設計系,,41.45,248.7
113,南藝大,藝術史學系,,29.86,156.75
113,南藝大,應用音樂學系,,34.2,171.0
113,南藝大,材質創作與設計系,,28.9,173.4
114,南藝大,藝術史學系,,26.19,137.5
114,南藝大,應用音樂學系,,30.6,153.0
114,南藝大,材質創作與設計系,,36.08,216.5
115,南藝大,藝術史與文化資產學系,,30.19,158.5
115,南藝大,應用音樂學系,,17.3,86.5
115,南藝大,材質創作與設計系,,25.6,153.6
101,台北大,法律學系法學組,法律,79.52,397.6
101,台北大,法律學系司法組,法律,80.02,400.1
101,台北大,法律學系財經法組,法律,80.7,403.5
101,台北大,企業管理學系,企業管理,80.93,445.1
101,台北大,金融與合作經營學系,財務金融,79.61,557.3
101,台北大,會計學系,會計,79.17,554.2
101,台北大,統計學系,統計,81.11,304.18
101,台北大,休閒運動與管理學系,,78.56,392.8
101,台北大,公共行政暨政策學系,,77.44,503.35
101,台北大,財政學系,,77.26,444.25
101,台北大,不動產與城鄉環境學系,,78.75,393.75
101,台北大,經濟學系,經濟,77.29,463.75
101,台北大,社會學系,社會學,75.72,416.45
101,台北大,社會工作學系,社會工作,76.36,534.53
101,台北大,中國文學系,中文,75.15,413.3
101,台北大,應用外語學系,,77.3,425.15
101,台北大,歷史學系,歷史,75.61,529.28
101,台北大,資訊工程學系,資訊工程,72.53,435.18
101,台北大,電機工程學系,電機工程,72.22,361.1
101,台北大,通訊工程學系,,71.68,430.08
102,台北大,法律學系法學組,法律,80.83,484.95
102,台北大,法律學系司法組,法律,81.52,489.15
102,台北大,法律學系財經法組,法律,81.81,490.85
102,台北大,企業管理學系,企業管理,80.69,443.8
102,台北大,金融與合作經營學系,財務金融,80.73,565.1
102,台北大,會計學系,會計,79.76,558.3
102,台北大,統計學系,統計,80.03,300.1
102,台北大,休閒運動管理學系,,78.44,392.2
102,台北大,公共行政暨政策學系,,78.97,513.3
102,台北大,財政學系,,78.81,453.15
102,台北大,不動產與城鄉環境學系,,77.85,389.25
102,台北大,經濟學系,經濟,79.96,319.85
102,台北大,社會學系,社會學,77.2,424.6
102,台北大,社會工作學系,社會工作,77.67,543.7
102,台北大,中國文學系,中文,76.18,571.38
102,台北大,應用外語學系,,79.49,437.2
102,台北大,歷史學系,歷史,77.08,539.53
102,台北大,資訊工程學系,資訊工程,67.24,403.45
102,台北大,電機工程學系,電機工程,68.14,340.7
102,台北大,通訊工程學系,,66.73,400.35
103,台北大,法律學系法學組,法律,81.56,489.35
103,台北大,法律學系司法組,法律,82.13,492.75
103,台北大,法律學系財經法組,法律,82.56,495.35
103,台北大,企業管理學系,企業管理,82.25,452.35
103,台北大,金融與合作經營學系,財務金融,82.3,576.1
103,台北大,會計學系,會計,81.6,571.2
103,台北大,統計學系,統計,81.47,305.5
103,台北大,休閒運動管理學系,,79.97,399.85
103,台北大,公共行政暨政策學系,,79.94,519.6
103,台北大,財政學系,,79.77,458.7
103,台北大,不動產與城鄉環境學系,,78.96,394.8
103,台北大,經濟學系,經濟,81.78,327.1
103,台北大,社會學系,社會學,79.47,278.15
103,台北大,社會工作學系,社會工作,78.12,546.83
103,台北大,中國文學系,中文,76.56,574.23
103,台北大,應用外語學系,,79.35,436.4
103,台北大,歷史學系,歷史,78.41,548.88
103,台北大,資訊工程學系,資訊工程,65.77,394.63
103,台北大,電機工程學系,電機工程,66.84,334.2
103,台北大,通訊工程學系,,64.96,389.75
104,台北大,法律學系法學組,法律,75.08,450.5
104,台北大,法律學系司法組,法律,75.54,453.25
104,台北大,法律學系財經法組,法律,75.86,455.15
104,台北大,企業管理學系,企業管理,70.51,387.8
104,台北大,金融與合作經營學系,財務金融,73.81,516.7
104,台北大,會計學系,會計,72.96,510.7
104,台北大,統計學系,統計,69.15,259.3
104,台北大,休閒運動管理學系,,68.78,343.9
104,台北大,公共行政暨政策學系,,72.5,471.25
104,台北大,財政學系,,73.07,420.18
104,台北大,不動產與城鄉環境學系,,69.33,346.65
104,台北大,經濟學系,經濟,69.53,278.1
104,台北大,社會學系,社會學,67.97,237.9
104,台北大,社會工作學系,社會工作,71.36,428.15
104,台北大,中國文學系,中文,70.36,457.33
104,台北大,應用外語學系,,76.65,421.6
104,台北大,歷史學系,歷史,76.54,459.25
104,台北大,資訊工程學系,資訊工程,62.72,376.33
104,台北大,電機工程學系,電機工程,63.02,315.1
104,台北大,通訊工程學系,,62.15,372.88
105,台北大,法律學系法學組,法律,76.29,457.75
105,台北大,法律學系司法組,法律,76.67,460.0
105,台北大,法律學系財經法組,法律,76.77,460.6
105,台北大,企業管理學系,企業管理,77.05,423.8
105,台北大,金融與合作經營學系,財務金融,77.07,539.5
105,台北大,會計學系,會計,75.91,531.4
105,台北大,統計學系,統計,76.53,287.0
105,台北大,休閒運動管理學系,,74.49,372.45
105,台北大,公共行政暨政策學系,,72.5,471.25
105,台北大,財政學系,,74.78,430.0
105,台北大,不動產與城鄉環境學系,,73.07,365.35
105,台北大,經濟學系,經濟,76.69,306.75
105,台北大,社會學系,社會學,73.29,256.5
105,台北大,社會工作學系,社會工作,71.35,428.08
105,台北大,中國文學系,中文,70.15,456.0
105,台北大,應用外語學系,,73.63,404.95
105,台北大,歷史學系,歷史,72.09,432.55
105,台北大,資訊工程學系,資訊工程,63.76,382.58
105,台北大,通訊工程學系,,62.66,375.95
105,台北大,電機工程學系,電機工程,64.48,322.4
106,台北大,法律學系法學組,法律,78.26,469.55
106,台北大,法律學系司法組,法律,78.76,472.55
106,台北大,法律學系財經法組,法律,78.98,473.9
106,台北大,企業管理學系,企業管理,77.64,427.0
106,台北大,金融與合作經營學系,財務金融,80.94,404.7
106,台北大,會計學系,會計,79.4,397.0
106,台北大,統計學系,統計,77.73,291.5
106,台北大,公共行政暨政策學系,,74.95,412.25
106,台北大,財政學系,,77.75,447.05
106,台北大,不動產與城鄉環境學系,,75.43,377.15
106,台北大,經濟學系,經濟,77.43,309.7
106,台北大,社會學系,社會學,73.87,258.55
106,台北大,社會工作學系,社會工作,74.64,447.85
106,台北大,中國文學系,中文,72.61,399.35
106,台北大,應用外語學系,,75.24,413.8
106,台北大,歷史學系,歷史,75.4,452.4
106,台北大,資訊工程學系,資訊工程,63.93,383.6
106,台北大,通訊工程學系,,63.23,379.35
106,台北大,電機工程學系,電機工程,64.84,324.2
106,台北大,休閒運動管理學系,,74.52,372.6
107,台北大,法律學系法學組,法律,78.57,471.4
107,台北大,法律學系司法組,法律,79.15,474.88
107,台北大,法律學系財經法組,法律,79.66,477.95
107,台北大,企業管理學系,企業管理,77.95,428.7
107,台北大,金融與合作經營學系,財務金融,81.78,408.9
107,台北大,會計學系,會計,79.22,356.5
107,台北大,統計學系,統計,78.49,294.35
107,台北大,公共行政暨政策學系,,75.36,414.5
107,台北大,財政學系,,77.86,447.7
107,台北大,不動產與城鄉環境學系,,75.93,379.63
107,台北大,經濟學系,經濟,78.35,313.4
107,台北大,社會學系,社會學,75.74,265.1
107,台北大,社會工作學系,社會工作,72.97,437.79
107,台北大,中國文學系,中文,74.27,408.5
107,台北大,應用外語學系,,76.25,419.4
107,台北大,歷史學系,歷史,75.46,452.75
107,台北大,資訊工程學系,資訊工程,67.76,406.54
107,台北大,通訊工程學系,,67.17,403.0
107,台北大,電機工程學系,電機工程,68.18,340.9
107,台北大,休閒運動管理學系,,76.1,380.5
108,台北大,法律學系法學組,法律,81.38,488.3
108,台北大,法律學系司法組,法律,82.03,492.2
108,台北大,法律學系財經法組,法律,82.61,495.63
108,台北大,企業管理學系,企業管理,82.0,451.0
108,台北大,金融與合作經營學系,財務金融,85.14,425.7
108,台北大,會計學系,會計,82.64,371.9
108,台北大,統計學系,統計,82.89,310.85
108,台北大,休閒運動管理學系,,81.25,446.9
108,台北大,公共行政暨政策學系,,80.32,441.75
108,台北大,財政學系,,79.73,498.33
108,台北大,不動產與城鄉環境學系,,78.93,394.63
108,台北大,經濟學系,經濟,82.06,328.25
108,台北大,社會學系,社會學,80.04,280.15
108,台北大,社會工作學系,社會工作,77.52,465.09
108,台北大,中國文學系,中文,78.32,450.33
108,台北大,應用外語學系,,80.2,441.1
108,台北大,歷史學系,歷史,79.63,477.76
108,台北大,資訊工程學系,資訊工程,68.91,413.44
108,台北大,通訊工程學系,,68.57,411.41
108,台北大,電機工程學系,電機工程,70.56,352.8
109,台北大,法律學系法學組,法律,76.56,497.63
109,台北大,法律學系司法組,法律,77.07,500.95
109,台北大,法律學系財經法組,法律,77.79,505.63
109,台北大,企業管理學系,企業管理,76.22,419.2
109,台北大,金融與合作經營學系,財務金融,80.42,402.1
109,台北大,會計學系,會計,78.1,390.5
109,台北大,統計學系,統計,77.27,289.76
109,台北大,休閒運動管理學系,,73.13,402.2
109,台北大,公共行政暨政策學系,,74.59,410.25
109,台北大,財政學系,,75.84,474.03
109,台北大,不動產與城鄉環境學系,,73.19,365.95
109,台北大,經濟學系,經濟,76.15,304.6
109,台北大,社會學系,社會學,73.73,258.05
109,台北大,社會工作學系,社會工作,72.21,433.24
109,台北大,中國文學系,中文,75.34,433.23
109,台北大,應用外語學系,,78.78,433.3
109,台北大,歷史學系,歷史,76.32,457.9
109,台北大,資訊工程學系,資訊工程,65.44,392.63
109,台北大,通訊工程學系,,63.98,383.9
109,台北大,電機工程學系,電機工程,67.69,338.45
110,台北大,法律學系法學組,法律,80.12,520.78
110,台北大,法律學系司法組,法律,80.74,524.8
110,台北大,法律學系財經法組,法律,81.35,528.78
110,台北大,企業管理學系,企業管理,78.65,432.6
110,台北大,金融與合作經營學系,財務金融,82.42,412.1
110,台北大,會計學系,會計,81.36,406.8
110,台北大,統計學系,統計,78.99,296.23
110,台北大,休閒運動管理學系,,75.96,417.8
110,台北大,公共行政暨政策學系,,74.66,410.65
110,台北大,財政學系,,80.29,501.8
110,台北大,不動產與城鄉環境學系,,76.73,383.65
110,台北大,經濟學系,經濟,78.84,315.35
110,台北大,社會學系,社會學,75.99,265.98
110,台北大,社會工作學系,社會工作,74.12,444.73
110,台北大,中國文學系,中文,76.84,441.85
110,台北大,應用外語學系,,79.02,434.6
110,台北大,歷史學系,歷史,77.92,467.53
110,台北大,資訊工程學系,資訊工程,62.46,374.76
110,台北大,通訊工程學系,,61.11,366.63
110,台北大,電機工程學系,電機工程,64.23,321.15
111,台北大,法律學系法學組,法律,48.69,316.5
111,台北大,法律學系司法組,法律,49.0,318.5
111,台北大,法律學系財經法組,法律,49.15,319.5
111,台北大,企業管理學系,企業管理,40.77,265.0
111,台北大,金融與合作經營學系,財務金融,42.33,254.0
111,台北大,會計學系,會計,40.5,243.0
111,台北大,統計學系,統計,38.8,242.5
111,台北大,休閒運動管理學系,,41.77,271.5
111,台北大,公共行政暨政策學系,,46.93,328.5
111,台北大,財政學系,,42.17,189.75
111,台北大,不動產與城鄉環境學系,,44.8,224.0
111,台北大,經濟學系,經濟,39.36,216.5
111,台北大,社會學系,社會學,44.0,198.0
111,台北大,社會工作學系,社會工作,43.42,260.5
111,台北大,中國文學系,中文,42.7,245.5
111,台北大,應用外語學系,,43.91,241.5
111,台北大,歷史學系,歷史,45.92,275.5
111,台北大,資訊工程學系,資訊工程,38.29,229.75
111,台北大,通訊工程學系,,37.29,223.75
111,台北大,電機工程學系,電機工程,40.2,201.0
112,台北大,法律學系法學組,法律,48.69,316.5
112,台北大,法律學系司法組,法律,49.23,320.0
112,台北大,法律學系財經法組,法律,49.54,322.0
112,台北大,企業管理學系,企業管理,42.46,276.0
112,台北大,金融與合作經營學系,財務金融,44.17,265.0
112,台北大,會計學系,會計,43.0,258.0
112,台北大,統計學系,統計,42.12,263.25
112,台北大,休閒運動管理學系,,42.46,276.0
112,台北大,公共行政暨政策學系,,47.57,333.0
112,台北大,財政學系,,44.67,201.0
112,台北大,不動產與城鄉環境學系,,45.4,227.0
112,台北大,經濟學系,經濟,41.91,230.5
112,台北大,社會學系,社會學,44.0,198.0
112,台北大,社會工作學系,社會工作,44.0,264.0
112,台北大,中國文學系,中文,46.96,270.0
112,台北大,應用外語學系,,47.55,261.5
112,台北大,歷史學系,歷史,47.42,284.5
112,台北大,資訊工程學系,資訊工程,40.96,245.75
112,台北大,通訊工程學系,,40.67,244.0
112,台北大,電機工程學系,電機工程,42.4,212.0
113,台北大,法律學系法學組,法律,48.77,317.0
113,台北大,法律學系司法組,法律,49.08,319.0
113,台北大,法律學系財經法組,法律,49.46,321.5
113,台北大,企業管理學系,企業管理,42.62,277.0
113,台北大,金融與合作經營學系,財務金融,44.33,266.0
113,台北大,會計學系,會計,43.33,260.0
113,台北大,統計學系,統計,43.1,226.25
113,台北大,休閒運動管理學系,,41.46,269.5
113,台北大,公共行政暨政策學系,,47.14,330.0
113,台北大,財政學系,,44.5,200.25
113,台北大,不動產與城鄉環境學系,,44.0,220.0
113,台北大,經濟學系,經濟,41.91,230.5
113,台北大,社會學系,社會學,43.33,195.0
113,台北大,社會工作學系,社會工作,43.25,259.5
113,台北大,中國文學系,中文,46.39,266.75
113,台北大,應用外語學系,,46.64,256.5
113,台北大,歷史學系,歷史,47.46,284.75
113,台北大,資訊工程學系,資訊工程,43.29,259.75
113,台北大,通訊工程學系,,42.75,256.5
113,台北大,電機工程學系,電機工程,44.8,224.0
114,台北大,法律學系法學組,法律,48.77,317.0
114,台北大,法律學系司法組,法律,49.08,319.0
114,台北大,法律學系財經法組,法律,49.54,322.0
114,台北大,企業管理學系,企業管理,47.15,306.5
114,台北大,金融與合作經營學系,財務金融,50.15,326.0
114,台北大,會計學系,會計,48.0,288.0
114,台北大,統計學系,統計,49.1,257.75
114,台北大,休閒運動管理學系,,41.77,271.5
114,台北大,公共行政暨政策學系,,45.79,320.5
114,台北大,財政學系,,49.11,221.0
114,台北大,不動產與城鄉環境學系,,44.8,224.0
114,台北大,經濟學系,經濟,42.0,231.0
114,台北大,社會學系,社會學,43.22,194.5
114,台北大,社會工作學系,社會工作,43.5,261.0
114,台北大,中國文學系,中文,44.74,257.25
114,台北大,應用外語學系,,45.91,252.5
114,台北大,歷史學系,歷史,46.04,276.25
114,台北大,資訊工程學系,資訊工程,44.0,264.0
114,台北大,通訊工程學系,,44.67,134.0
114,台北大,電機工程學系,電機工程,45.6,228.0
115,台北大,法律學系法學組,法律,47.31,307.5
115,台北大,法律學系司法組,法律,47.54,309.0
115,台北大,法律學系財經法組,法律,48.38,314.5
115,台北大,企業管理學系,企業管理,46.38,301.5
115,台北大,金融與合作經營學系,財務金融,48.85,317.5
115,台北大,會計學系,會計,46.67,280.0
115,台北大,統計學系,統計,46.67,245.0
115,台北大,休閒運動管理學系,,41.0,266.5
115,台北大,公共行政暨政策學系,,45.36,317.5
115,台北大,財政學系,,47.94,215.75
115,台北大,不動產與城鄉環境學系,,43.1,215.5
115,台北大,經濟學系,經濟,43.09,237.0
115,台北大,社會學系,社會學,42.67,192.0
115,台北大,社會工作學系,社會工作,42.29,253.75
115,台北大,中國文學系,中文,46.61,268.0
115,台北大,應用外語學系,,47.91,263.5
115,台北大,歷史學系,歷史,47.33,284.0
115,台北大,資訊工程學系,資訊工程,41.6,208.0
115,台北大,通訊工程學系,,42.67,128.0
115,台北大,電機工程學系,電機工程,45.8,229.0
101,嘉大,教育學系(自費),,69.04,397.0
101,嘉大,教育學系(公費),,86.59,497.9
101,嘉大,輔導與諮商學系,,67.39,438.05
101,嘉大,特殊教育學系,,61.03,396.7
101,嘉大,幼兒教育學系,,60.86,395.6
101,嘉大,體育與健康休閒學系,,39.35,334.5
101,嘉大,數位學習設計與管理學系,,66.23,430.5
101,嘉大,中國文學系,中文,62.25,342.4
101,嘉大,外國語言學系英語教學組,外文,64.87,389.2
101,嘉大,外國語言學系應用外語組,,67.2,403.2
101,嘉大,史地學系,,62.7,313.5
101,嘉大,音樂學系-鋼琴,,61.32,245.28
101,嘉大,音樂學系-聲樂,,52.51,210.02
101,嘉大,音樂學系-絃樂,,52.28,209.12
101,嘉大,音樂學系-銅管樂,,58.79,235.14
101,嘉大,音樂學系-木管樂,,63.25,252.98
101,嘉大,音樂學系-擊樂,,64.51,258.02
101,嘉大,音樂學系-理論作曲,,61.64,246.54
101,嘉大,視覺藝術學系,,54.7,464.97
101,嘉大,企業管理學系,企業管理,70.49,528.7
101,嘉大,應用經濟學系,經濟,73.6,294.4
101,嘉大,生物事業管理學系,,62.55,344.0
101,嘉大,資訊管理學系,資訊管理,61.11,458.35
101,嘉大,財務金融學系,財務金融,74.91,412.0
101,嘉大,農藝學系,,58.45,438.4
101,嘉大,園藝學系,,59.03,442.75
101,嘉大,森林暨自然資源學系,,57.43,430.7
101,嘉大,木質材料與設計學系,材料,53.74,403.05
101,嘉大,動物科學系,,66.91,434.9
101,嘉大,獸醫學系,獸醫,79.33,535.45
101,嘉大,生物農業科技學系,,60.91,456.8
101,嘉大,景觀學系,,55.99,363.95
101,嘉大,應用數學系,數學,62.66,438.6
101,嘉大,電子物理學系,物理,65.21,456.5
101,嘉大,應用化學系,化學,64.24,481.8
101,嘉大,生物機電工程學系,,62.68,376.05
101,嘉大,土木與水資源工程系土木組,土木工程,61.31,367.85
101,嘉大,土木與水資源工程系水利組,土木工程,60.79,364.75
101,嘉大,資訊工程學系,資訊工程,65.19,440.05
101,嘉大,電機工程學系,電機工程,66.38,448.05
101,嘉大,食品科學系,,63.01,441.1
101,嘉大,生化科技學系,,64.21,481.55
101,嘉大,水生生物科學系,生命科學,57.62,417.75
101,嘉大,生物資源學系,,60.59,484.75
101,嘉大,微生物免疫與生物藥學系,藥學,63.61,445.25
101,嘉大,行銷與運籌學系,,68.38,444.5
101,嘉大,機械與能源工程學系,機械工程,67.32,319.75
101,嘉大,植物醫學系,醫學,59.69,447.65
102,嘉大,教育學系,,65.51,491.3
102,嘉大,教育學系(公費生)-雲林縣,,82.14,616.05
102,嘉大,教育學系(公費生)-嘉義縣,,82.23,616.7
102,嘉大,教育學系(公費生)-嘉義市,,84.34,632.55
102,嘉大,輔導與諮商學系,,67.37,437.9
102,嘉大,特殊教育學系,,61.46,399.5
102,嘉大,特殊教育學系(公費生)-雲林縣,,81.07,526.95
102,嘉大,幼兒教育學系,,61.28,367.65
102,嘉大,體育與健康休閒學系,,33.6,252.03
102,嘉大,數位學習設計與管理學系,,66.42,431.75
102,嘉大,中國文學系,中文,62.82,345.5
102,嘉大,外國語言學系英語教學組,外文,65.63,393.8
102,嘉大,外國語言學系英語教學組(公費生)-嘉義縣,外文,82.21,493.25
102,嘉大,外國語言學系應用外語組,,67.18,403.05
102,嘉大,應用歷史學系,歷史,62.58,312.9
102,嘉大,音樂學系-鋼琴,,49.29,197.14
102,嘉大,音樂學系-聲樂,,58.6,234.38
102,嘉大,音樂學系-絃樂,,49.28,197.1
102,嘉大,音樂學系-銅管樂,,51.16,204.62
102,嘉大,音樂學系-木管樂,,61.66,246.64
102,嘉大,音樂學系-擊樂,,43.81,175.22
102,嘉大,音樂學系-理論作曲,,57.32,229.28
102,嘉大,視覺藝術學系,,54.34,461.91
102,嘉大,企業管理學系,企業管理,70.22,526.65
102,嘉大,應用經濟學系,經濟,72.29,289.15
102,嘉大,生物事業管理學系,,65.87,362.3
102,嘉大,資訊管理學系,資訊管理,54.75,410.65
102,嘉大,財務金融學系,財務金融,73.74,405.55
102,嘉大,行銷與運籌學系,,68.86,447.6
102,嘉大,農藝學系,,54.82,411.15
102,嘉大,園藝學系,,55.98,419.85
102,嘉大,森林暨自然資源學系,,54.25,406.9
102,嘉大,木質材料與設計學系,材料,51.01,382.55
102,嘉大,動物科學系,,64.01,416.05
102,嘉大,獸醫學系,獸醫,78.69,531.15
102,嘉大,獸醫學系(公費生)-花蓮縣,獸醫,86.11,581.26
102,嘉大,生物農業科技學系,,58.1,435.75
102,嘉大,景觀學系,,56.25,365.6
102,嘉大,植物醫學系,醫學,57.72,432.9
102,嘉大,應用數學系,數學,52.7,368.9
102,嘉大,電子物理學系,物理,56.16,393.15
102,嘉大,應用化學系,化學,56.47,423.5
102,嘉大,生物機電工程學系,,55.17,331.0
102,嘉大,土木與水資源工程學系,土木工程,53.38,320.3
102,嘉大,資訊工程學系,資訊工程,56.87,383.9
102,嘉大,電機工程學系,電機工程,58.86,397.3
102,嘉大,機械與能源工程學系,機械工程,56.66,382.45
102,嘉大,食品科學系,,61.62,431.35
102,嘉大,生化科技學系,,62.75,470.6
102,嘉大,水生生物科學系,生命科學,56.59,424.43
102,嘉大,生物資源學系,,57.32,458.55
102,嘉大,微生物免疫與生物藥學系,藥學,63.23,442.6
103,嘉大,教育學系,,65.91,494.35
103,嘉大,教育學系(公費生),,84.73,635.5
103,嘉大,輔導與諮商學系,,68.85,447.5
103,嘉大,特殊教育學系,,60.95,396.2
103,嘉大,特殊教育學系(公費生),,82.21,534.35
103,嘉大,幼兒教育學系,,60.92,365.5
103,嘉大,體育與健康休閒學系,,33.07,247.99
103,嘉大,數位學習設計與管理學系,,66.46,432.0
103,嘉大,中國文學系,中文,62.72,407.7
103,嘉大,外國語言學系英語教學組,外文,65.39,392.35
103,嘉大,外國語言學系英語教學組(公費生),外文,84.63,507.8
103,嘉大,外國語言學系應用外語組,,68.18,409.1
103,嘉大,應用歷史學系,歷史,66.61,333.05
103,嘉大,音樂學系-鋼琴,,63.33,253.32
103,嘉大,音樂學系-綜合樂器,,57.04,228.14
103,嘉大,視覺藝術學系,,52.41,445.46
103,嘉大,企業管理學系,企業管理,70.99,532.45
103,嘉大,應用經濟學系,經濟,73.79,295.15
103,嘉大,生物事業管理學系,,59.0,324.5
103,嘉大,資訊管理學系,資訊管理,52.65,394.9
103,嘉大,財務金融學系,財務金融,74.96,412.3
103,嘉大,行銷與運籌學系,,69.8,453.7
103,嘉大,農藝學系,,50.45,378.4
103,嘉大,園藝學系,,51.0,382.5
103,嘉大,森林暨自然資源學系,,49.75,373.1
103,嘉大,木質材料與設計學系,材料,46.47,348.55
103,嘉大,動物科學系,,60.73,394.75
103,嘉大,獸醫學系,獸醫,77.07,520.2
103,嘉大,生物農業科技學系,,53.57,401.75
103,嘉大,景觀學系,,49.85,324.0
103,嘉大,植物醫學系,醫學,55.15,413.65
103,嘉大,應用數學系,數學,50.56,353.9
103,嘉大,電子物理學系,物理,53.93,377.5
103,嘉大,應用化學系,化學,56.07,420.5
103,嘉大,生物機電工程學系,,53.04,318.25
103,嘉大,土木與水資源工程學系,土木工程,52.25,313.5
103,嘉大,資訊工程學系,資訊工程,55.66,375.73
103,嘉大,電機工程學系,電機工程,57.51,388.2
103,嘉大,機械與能源工程學系,機械工程,54.34,366.8
103,嘉大,食品科學系,,58.61,410.25
103,嘉大,生化科技學系,,59.97,449.75
103,嘉大,水生生物科學系,生命科學,52.24,391.78
103,嘉大,生物資源學系,,52.78,422.25
103,嘉大,微生物免疫與生物藥學系,藥學,59.75,418.28
104,嘉大,教育學系,,57.08,371.05
104,嘉大,教育學系(公費英語)-雲林縣,外文,75.15,488.5
104,嘉大,教育學系(公費體育)-雲林縣,,74.99,487.45
104,嘉大,教育學系(公費)-雲林縣,,75.95,493.7
104,嘉大,輔導與諮商學系,,60.91,395.9
104,嘉大,特殊教育學系,,54.94,357.1
104,嘉大,幼兒教育學系,,55.28,331.65
104,嘉大,體育與健康休閒學系,,40.76,285.35
104,嘉大,數位學習設計與管理學系,,58.22,378.4
104,嘉大,中國文學系,中文,59.92,389.5
104,嘉大,外國語言學系英語教學組,外文,52.1,312.6
104,嘉大,外國語言學系應用外語組,,57.45,344.7
104,嘉大,應用歷史學系,歷史,64.18,320.88
104,嘉大,音樂學系-鋼琴,,46.1,184.4
104,嘉大,音樂學系-綜合樂器,,54.34,217.34
104,嘉大,音樂學系(公費)-雲林縣,,76.85,307.4
104,嘉大,視覺藝術學系,,52.04,390.28
104,嘉大,企業管理學系,企業管理,62.75,470.65
104,嘉大,應用經濟學系,經濟,59.96,239.85
104,嘉大,生物事業管理學系,,54.21,298.15
104,嘉大,資訊管理學系,資訊管理,48.31,265.7
104,嘉大,財務金融學系,財務金融,62.45,343.45
104,嘉大,行銷與觀光管理學系,,60.82,395.35
104,嘉大,農藝學系,,48.56,315.65
104,嘉大,園藝學系,,46.66,303.3
104,嘉大,森林暨自然資源學系,,46.28,300.8
104,嘉大,木質材料與設計學系,材料,42.61,276.95
104,嘉大,動物科學系,,58.13,377.85
104,嘉大,獸醫學系,獸醫,75.45,433.83
104,嘉大,生物農業科技學系,,49.15,319.5
104,嘉大,景觀學系(社會組),,60.64,454.8
104,嘉大,景觀學系(自然組),,49.98,274.9
104,嘉大,植物醫學系,醫學,51.98,337.85
104,嘉大,應用數學系,數學,41.91,293.4
104,嘉大,電子物理學系,物理,48.45,339.15
104,嘉大,應用化學系,化學,50.48,378.6
104,嘉大,生物機電工程學系,,47.21,318.65
104,嘉大,土木與水資源工程學系,土木工程,45.91,321.4
104,嘉大,資訊工程學系,資訊工程,50.16,338.6
104,嘉大,電機工程學系,電機工程,52.44,353.95
104,嘉大,機械與能源工程學系,機械工程,48.98,330.63
104,嘉大,食品科學系,,53.9,377.3
104,嘉大,生化科技學系,,54.09,405.7
104,嘉大,水生生物科學系,生命科學,45.85,343.9
104,嘉大,生物資源學系,,47.89,335.2
104,嘉大,微生物免疫與生物藥學系,藥學,53.25,372.75
105,嘉大,教育學系,,57.06,370.9
105,嘉大,教育學系(公費)-雲林縣,,81.37,528.9
105,嘉大,輔導與諮商學系,,61.44,399.35
105,嘉大,特殊教育學系,,54.19,352.25
105,嘉大,幼兒教育學系,,53.51,321.05
105,嘉大,體育與健康休閒學系,,38.69,270.86
105,嘉大,數位學習設計與管理學系(社會組),,59.55,387.1
105,嘉大,數位學習設計與管理學系(自然組),,45.82,252.0
105,嘉大,中國文學系,中文,56.58,367.75
105,嘉大,外國語言學系英語教學組,外文,54.95,329.7
105,嘉大,外國語言學系英語教學組(公費)-臺南市,外文,90.35,542.08
105,嘉大,外國語言學系應用外語組,,58.82,352.9
105,嘉大,應用歷史學系,歷史,59.79,298.95
105,嘉大,音樂學系-鋼琴,,44.32,177.28
105,嘉大,音樂學系-綜合樂器,,37.93,151.7
105,嘉大,視覺藝術學系,,49.41,370.54
105,嘉大,企業管理學系,企業管理,64.81,486.05
105,嘉大,應用經濟學系,經濟,66.7,266.8
105,嘉大,生物事業管理學系,,50.73,279.0
105,嘉大,資訊管理學系,資訊管理,48.28,265.55
105,嘉大,財務金融學系,財務金融,68.39,376.15
105,嘉大,行銷與觀光管理學系,,60.85,395.5
105,嘉大,農藝學系,,50.39,327.55
105,嘉大,園藝學系,,45.18,293.65
105,嘉大,森林暨自然資源學系,,49.44,321.35
105,嘉大,木質材料與設計學系,材料,41.94,272.6
105,嘉大,動物科學系,,60.97,396.3
105,嘉大,獸醫學系,獸醫,76.64,440.7
105,嘉大,生物農業科技學系,,49.83,323.9
105,嘉大,景觀學系(社會組),,59.53,446.5
105,嘉大,景觀學系(自然組),,49.65,273.1
105,嘉大,植物醫學系,醫學,52.38,340.5
105,嘉大,應用數學系,數學,44.01,308.1
105,嘉大,電子物理學系,物理,49.93,349.5
105,嘉大,應用化學系,化學,52.44,393.3
105,嘉大,生物機電工程學系,,46.89,316.5
105,嘉大,土木與水資源工程學系,土木工程,42.27,306.48
105,嘉大,資訊工程學系,資訊工程,50.18,338.73
105,嘉大,電機工程學系,電機工程,52.59,354.95
105,嘉大,機械與能源工程學系,機械工程,48.18,325.2
105,嘉大,食品科學系,,53.11,371.75
105,嘉大,生化科技學系,,53.91,404.35
105,嘉大,水生生物科學系,生命科學,46.81,374.5
105,嘉大,生物資源學系,,48.06,336.45
105,嘉大,微生物免疫與生物藥學系,藥學,54.5,381.48
106,嘉大,教育學系,,58.93,383.05
106,嘉大,輔導與諮商學系,,63.57,413.2
106,嘉大,體育與健康休閒學系,,38.89,272.25
106,嘉大,特殊教育學系,,56.72,368.7
106,嘉大,幼兒教育學系,,56.2,337.2
106,嘉大,數位學習設計與管理學系(社會組),,62.03,403.2
106,嘉大,數位學習設計與管理學系(自然組),,47.15,259.3
106,嘉大,中國文學系,中文,58.04,377.25
106,嘉大,視覺藝術學系,,53.53,401.5
106,嘉大,應用歷史學系,歷史,65.24,326.2
106,嘉大,外國語言學系英語教學組,外文,57.13,342.8
106,嘉大,外國語言學系應用外語組,,60.98,365.9
106,嘉大,音樂學系-鋼琴,,53.52,214.06
106,嘉大,音樂學系-綜合樂器,,51.38,205.5
106,嘉大,企業管理學系,企業管理,66.79,500.9
106,嘉大,應用經濟學系,經濟,66.63,266.5
106,嘉大,生物事業管理學系,,54.11,189.4
106,嘉大,資訊管理學系(自然組),資訊管理,48.82,219.7
106,嘉大,資訊管理學系(社會組),資訊管理,69.54,312.95
106,嘉大,行銷與觀光管理學系,,62.14,403.9
106,嘉大,財務金融學系,財務金融,68.78,378.3
106,嘉大,農藝學系,,47.79,310.65
106,嘉大,園藝學系,,45.35,294.75
106,嘉大,森林暨自然資源學系,,44.38,288.5
106,嘉大,木質材料與設計學系,材料,42.68,277.4
106,嘉大,動物科學系,,57.65,374.75
106,嘉大,生物農業科技學系,,47.58,309.3
106,嘉大,景觀學系(社會組),,60.64,454.8
106,嘉大,景觀學系(自然組),,47.04,258.7
106,嘉大,植物醫學系,醫學,50.18,326.2
106,嘉大,電子物理學系,物理,51.35,359.45
106,嘉大,應用化學系,化學,53.91,404.35
106,嘉大,應用數學系,數學,45.96,321.75
106,嘉大,資訊工程學系,資訊工程,52.43,353.88
106,嘉大,生物機電工程學系,,46.9,316.55
106,嘉大,土木與水資源工程學系,土木工程,44.17,320.2
106,嘉大,電機工程學系,電機工程,53.28,359.65
106,嘉大,機械與能源工程學系,機械工程,50.21,338.95
106,嘉大,食品科學系,,50.96,331.25
106,嘉大,水生生物科學系,生命科學,44.5,356.0
106,嘉大,生物資源學系,,46.65,326.55
106,嘉大,生化科技學系,,50.92,381.9
106,嘉大,微生物免疫與生物藥學系,藥學,53.87,377.08
106,嘉大,獸醫學系,獸醫,75.3,432.95
107,嘉大,教育學系(自費),,58.37,379.38
107,嘉大,教育學系(公費)-新竹縣,,81.72,531.2
107,嘉大,輔導與諮商學系,,63.94,415.6
107,嘉大,體育與健康休閒學系,,39.53,276.72
107,嘉大,特殊教育學系,,56.26,365.7
107,嘉大,幼兒教育學系,,57.11,342.63
107,嘉大,數位學習設計與管理學系(社會組),,64.03,416.2
107,嘉大,數位學習設計與管理學系(自然組),,55.42,304.8
107,嘉大,中國文學系,中文,58.7,381.55
107,嘉大,視覺藝術學系,,52.5,393.78
107,嘉大,應用歷史學系,歷史,64.25,321.25
107,嘉大,外國語言學系英語教學組,外文,59.52,357.1
107,嘉大,外國語言學系應用外語組,,62.02,372.1
107,嘉大,音樂學系-鋼琴,,48.92,195.67
107,嘉大,音樂學系-綜合樂器,,56.53,226.11
107,嘉大,企業管理學系,企業管理,66.38,497.83
107,嘉大,應用經濟學系,經濟,67.68,270.73
107,嘉大,生物事業管理學系,,57.05,199.68
107,嘉大,資訊管理學系(自然組),資訊管理,60.17,270.78
107,嘉大,資訊管理學系(社會組),資訊管理,71.06,319.75
107,嘉大,行銷與觀光管理學系,,63.16,410.53
107,嘉大,財務金融學系,財務金融,70.93,390.14
107,嘉大,農藝學系,,47.52,308.9
107,嘉大,園藝學系,,45.92,298.5
107,嘉大,森林暨自然資源學系,,43.6,283.43
107,嘉大,木質材料與設計學系,材料,43.47,282.55
107,嘉大,動物科學系,,57.68,374.93
107,嘉大,生物農業科技學系,,47.75,310.35
107,嘉大,景觀學系(社會組),,61.59,461.9
107,嘉大,景觀學系(自然組),,49.82,274.0
107,嘉大,植物醫學系,醫學,50.99,331.45
107,嘉大,電子物理學系,物理,56.0,391.98
107,嘉大,應用化學系,化學,56.19,421.45
107,嘉大,應用數學系,數學,51.21,358.45
107,嘉大,資訊工程學系,資訊工程,59.23,399.8
107,嘉大,生物機電工程學系,,51.72,349.08
107,嘉大,土木與水資源工程學系,土木工程,48.73,353.3
107,嘉大,電機工程學系,電機工程,59.42,401.1
107,嘉大,機械與能源工程學系,機械工程,55.56,375.05
107,嘉大,食品科學系,,51.1,332.15
107,嘉大,水生生物科學系,生命科學,43.53,348.2
107,嘉大,生物資源學系,,46.84,339.6
107,嘉大,生化科技學系,,50.84,381.28
107,嘉大,微生物免疫與生物藥學系,藥學,53.07,371.46
107,嘉大,獸醫學系,獸醫,75.2,432.4
108,嘉大,教育學系,,65.29,424.38
108,嘉大,輔導與諮商學系,,69.12,449.3
108,嘉大,體育與健康休閒學系,,45.23,316.58
108,嘉大,特殊教育學系,,61.56,400.13
108,嘉大,幼兒教育學系,,62.36,374.18
108,嘉大,數位學習設計與管理學系(社會組),,67.96,441.75
108,嘉大,數位學習設計與管理學系(自然組),,62.65,344.6
108,嘉大,中國文學系,中文,65.55,426.1
108,嘉大,視覺藝術學系,,53.58,401.85
108,嘉大,應用歷史學系,歷史,68.54,342.7
108,嘉大,外國語言學系英語教學組,外文,65.25,391.48
108,嘉大,外國語言學系應用外語組,,67.87,407.23
108,嘉大,音樂學系(自費)-鋼琴,,53.21,212.82
108,嘉大,音樂學系(自費)-綜合樂器,,53.89,215.55
108,嘉大,音樂學系(公費)-臺南市,,80.0,319.98
108,嘉大,企業管理學系,企業管理,70.22,526.63
108,嘉大,應用經濟學系,經濟,74.2,296.78
108,嘉大,生物事業管理學系,,67.06,234.7
108,嘉大,資訊管理學系(自然組),資訊管理,63.22,284.5
108,嘉大,資訊管理學系(社會組),資訊管理,76.18,342.83
108,嘉大,行銷與觀光管理學系,,69.29,381.1
108,嘉大,財務金融學系,財務金融,76.35,419.9
108,嘉大,農藝學系,,54.23,352.5
108,嘉大,園藝學系,,52.08,338.53
108,嘉大,森林暨自然資源學系,,55.13,330.8
108,嘉大,木質材料與設計學系,材料,50.81,330.28
108,嘉大,動物科學系,,63.8,414.68
108,嘉大,生物農業科技學系,,54.4,353.63
108,嘉大,景觀學系(社會組),,70.45,528.4
108,嘉大,景觀學系(自然組),,58.41,321.25
108,嘉大,植物醫學系,醫學,56.96,370.23
108,嘉大,電子物理學系,物理,59.32,415.23
108,嘉大,應用化學系,化學,60.46,453.46
108,嘉大,應用數學系,數學,54.36,380.55
108,嘉大,資訊工程學系,資訊工程,60.76,410.15
108,嘉大,生物機電工程學系,,56.48,381.25
108,嘉大,土木與水資源工程學系,土木工程,55.07,371.7
108,嘉大,電機工程學系,電機工程,60.77,410.2
108,嘉大,機械與能源工程學系,機械工程,58.07,392.0
108,嘉大,食品科學系,,57.51,373.8
108,嘉大,水生生物科學系,生命科學,52.1,416.8
108,嘉大,生物資源學系,,55.06,399.2
108,嘉大,生化科技學系,,57.81,433.55
108,嘉大,微生物免疫與生物藥學系,藥學,59.8,418.63
108,嘉大,獸醫學系,獸醫,79.41,456.61
109,嘉大,教育學系(自費),,55.97,363.83
109,嘉大,教育學系(公費)-高雄市,,72.73,472.75
109,嘉大,輔導與諮商學系(自費),,60.09,390.58
109,嘉大,輔導與諮商學系(公費)-高雄市,,75.02,487.65
109,嘉大,體育與健康休閒學系(自費),,36.13,252.93
109,嘉大,體育與健康休閒學系(公費)-高雄市,,43.82,306.76
109,嘉大,特殊教育學系,,53.81,349.75
109,嘉大,幼兒教育學系,,53.1,318.6
109,嘉大,數位學習設計與管理學系(社會組),,58.88,382.7
109,嘉大,數位學習設計與管理學系(自然組),,53.31,293.2
109,嘉大,中國文學系,中文,56.98,370.35
109,嘉大,視覺藝術學系,,45.92,344.4
109,嘉大,應用歷史學系,歷史,64.59,322.95
109,嘉大,外國語言學系英語教學組(自費),外文,53.34,320.03
109,嘉大,外國語言學系英語教學組(公費)-雲林縣,外文,74.84,449.03
109,嘉大,外國語言學系應用外語組,,57.49,344.95
109,嘉大,音樂學系,,43.81,175.22
109,嘉大,企業管理學系,企業管理,60.8,456.0
109,嘉大,應用經濟學系,經濟,64.23,256.93
109,嘉大,生物事業管理學系,,56.85,198.98
109,嘉大,資訊管理學系(自然組),資訊管理,53.91,242.58
109,嘉大,資訊管理學系(社會組),資訊管理,66.91,301.08
109,嘉大,行銷與觀光管理學系,,57.19,257.35
109,嘉大,財務金融學系,財務金融,67.11,369.1
109,嘉大,農藝學系,,42.69,277.5
109,嘉大,園藝學系,,41.3,268.45
109,嘉大,森林暨自然資源學系,,43.45,260.7
109,嘉大,木質材料與設計學系,材料,42.28,274.8
109,嘉大,動物科學系,,60.71,394.63
109,嘉大,生物農業科技學系,,43.91,285.4
109,嘉大,景觀學系(社會組),,59.52,446.4
109,嘉大,景觀學系(自然組),,45.19,248.55
109,嘉大,植物醫學系,醫學,50.09,325.6
109,嘉大,電子物理學系,物理,52.53,367.7
109,嘉大,應用化學系,化學,55.55,416.6
109,嘉大,應用數學系,數學,48.25,337.78
109,嘉大,資訊工程學系,資訊工程,55.31,373.35
109,嘉大,生物機電工程學系,,47.02,270.35
109,嘉大,土木與水資源工程學系,土木工程,45.31,305.83
109,嘉大,電機工程學系,電機工程,55.6,375.3
109,嘉大,機械與能源工程學系,機械工程,49.12,331.55
109,嘉大,食品科學系,,48.34,314.18
109,嘉大,水生生物科學系,生命科學,41.94,335.54
109,嘉大,生物資源學系,,46.6,337.84
109,嘉大,生化科技學系,,49.45,284.35
109,嘉大,微生物免疫與生物藥學系,藥學,52.3,366.1
109,嘉大,獸醫學系,獸醫,74.63,429.1
110,嘉大,教育學系,,53.41,347.15
110,嘉大,輔導與諮商學系,,59.29,385.4
110,嘉大,體育與健康休閒學系,,37.96,265.71
110,嘉大,特殊教育學系,,50.48,328.15
110,嘉大,幼兒教育學系,,50.48,302.85
110,嘉大,數位學習設計與管理學系(社會組),,61.37,398.88
110,嘉大,數位學習設計與管理學系(自然組),,50.55,278.0
110,嘉大,中國文學系,中文,55.17,358.6
110,嘉大,視覺藝術學系,,50.26,376.95
110,嘉大,應用歷史學系,歷史,63.38,316.9
110,嘉大,外國語言學系英語教學組,外文,49.5,297.0
110,嘉大,外國語言學系應用外語組,,54.26,325.53
110,嘉大,音樂學系,,45.8,183.18
110,嘉大,企業管理學系,企業管理,62.12,465.93
110,嘉大,應用經濟學系,經濟,63.35,253.38
110,嘉大,生物事業管理學系,,49.5,173.25
110,嘉大,資訊管理學系(自然組),資訊管理,48.64,218.88
110,嘉大,資訊管理學系(社會組),資訊管理,64.95,292.28
110,嘉大,行銷與觀光管理學系,,54.43,244.95
110,嘉大,財務金融學系,財務金融,67.87,373.3
110,嘉大,農藝學系,,31.7,206.03
110,嘉大,園藝學系,,32.61,211.95
110,嘉大,森林暨自然資源學系,,37.27,223.64
110,嘉大,木質材料與設計學系,材料,29.18,189.68
110,嘉大,動物科學系,,54.84,356.43
110,嘉大,生物農業科技學系,,35.14,228.38
110,嘉大,景觀學系(社會組),,60.21,451.6
110,嘉大,景觀學系(自然組),,38.59,212.25
110,嘉大,植物醫學系,醫學,41.11,267.2
110,嘉大,電子物理學系,物理,38.81,271.7
110,嘉大,應用化學系,化學,44.94,314.58
110,嘉大,應用數學系,數學,33.8,236.6
110,嘉大,資訊工程學系,資訊工程,49.1,331.45
110,嘉大,生物機電工程學系,,31.46,180.88
110,嘉大,土木與水資源工程學系,土木工程,31.81,214.7
110,嘉大,電機工程學系,電機工程,49.07,331.2
110,嘉大,機械與能源工程學系,機械工程,35.25,237.93
110,嘉大,食品科學系,,36.62,238.0
110,嘉大,水生生物科學系,生命科學,32.96,247.2
110,嘉大,生物資源學系,,36.67,265.85
110,嘉大,生化科技學系,,36.96,212.5
110,嘉大,微生物免疫與生物藥學系,藥學,47.85,334.98
110,嘉大,獸醫學系,獸醫,75.25,432.71
111,嘉大,教育學系,,17.0,110.5
111,嘉大,輔導與諮商學系,,33.69,219.0
111,嘉大,體育與健康休閒學系,,18.7,149.59
111,嘉大,特殊教育學系,,18.31,119.0
111,嘉大,幼兒教育學系,,18.75,112.5
111,嘉大,數位學習設計與管理學系(社會組),,31.6,158.0
111,嘉大,數位學習設計與管理學系(自然組),,22.38,145.5
111,嘉大,中國文學系,中文,21.55,118.5
111,嘉大,視覺藝術學系,,22.22,144.4
111,嘉大,應用歷史學系,歷史,23.45,117.25
111,嘉大,外國語言學系英語教學組,外文,22.09,121.5
111,嘉大,外國語言學系應用外語組,,20.0,110.0
111,嘉大,音樂學系,,47.96,191.82
111,嘉大,企業管理學系,企業管理,31.64,221.5
111,嘉大,應用經濟學系,經濟,30.2,151.0
111,嘉大,科技管理學系,,18.75,112.5
111,嘉大,資訊管理學系(自然組),資訊管理,30.33,136.5
111,嘉大,資訊管理學系(社會組),資訊管理,34.91,192.0
111,嘉大,行銷與觀光管理學系,,25.82,142.0
111,嘉大,財務金融學系,財務金融,35.54,231.0
111,嘉大,農藝學系,,18.08,117.5
111,嘉大,園藝學系,,12.62,82.0
111,嘉大,森林暨自然資源學系,,17.0,102.0
111,嘉大,木質材料與設計學系,材料,14.23,92.5
111,嘉大,動物科學系,,22.08,143.5
111,嘉大,生物農業科技學系,,17.27,95.0
111,嘉大,景觀學系(社會組),,29.8,223.5
111,嘉大,景觀學系(自然組),,22.09,121.5
111,嘉大,植物醫學系,醫學,16.77,109.0
111,嘉大,電子物理學系,物理,22.07,154.5
111,嘉大,應用化學系,化學,21.27,117.0
111,嘉大,應用數學系,數學,12.29,86.0
111,嘉大,資訊工程學系,資訊工程,30.0,120.0
111,嘉大,生物機電工程學系,,18.2,113.75
111,嘉大,土木與水資源工程學系,土木工程,18.5,74.0
111,嘉大,電機工程學系,電機工程,31.0,124.0
111,嘉大,機械與能源工程學系,機械工程,19.81,133.75
111,嘉大,食品科學系,,16.85,109.5
111,嘉大,水生生物科學系,生命科學,14.6,109.5
111,嘉大,生物資源學系,,19.38,140.5
111,嘉大,生化科技學系,,16.32,89.75
111,嘉大,微生物免疫與生物藥學系,藥學,26.25,157.5
111,嘉大,獸醫學系,獸醫,46.22,265.75
112,嘉大,教育學系,,34.0,221.0
112,嘉大,輔導與諮商學系,,37.0,203.5
112,嘉大,體育與健康休閒學系,,29.33,176.0
112,嘉大,特殊教育學系,,37.14,260.0
112,嘉大,幼兒教育學系,,31.58,189.5
112,嘉大,數位學習設計與管理學系(社會組),,37.6,188.0
112,嘉大,數位學習設計與管理學系(自然組),,33.5,167.5
112,嘉大,中國文學系,中文,37.45,206.0
112,嘉大,視覺藝術學系,,43.67,262.0
112,嘉大,應用歷史學系,歷史,41.81,167.25
112,嘉大,外國語言學系英語教學組,外文,31.65,134.5
112,嘉大,外國語言學系應用外語組,,34.0,153.0
112,嘉大,音樂學系,,45.92,229.6
112,嘉大,企業管理學系,企業管理,36.25,145.0
112,嘉大,應用經濟學系,經濟,35.5,177.5
112,嘉大,科技管理學系,,32.67,196.0
112,嘉大,資訊管理學系(自然組),資訊管理,33.33,150.0
112,嘉大,資訊管理學系(社會組),資訊管理,37.55,206.5
112,嘉大,行銷與觀光管理學系,,33.64,185.0
112,嘉大,財務金融學系,財務金融,37.77,245.5
112,嘉大,農藝學系,,30.11,135.5
112,嘉大,園藝學系,,28.0,154.0
112,嘉大,森林暨自然資源學系,,26.67,160.0
112,嘉大,木質材料與設計學系,材料,23.18,127.5
112,嘉大,動物科學系,,33.23,216.0
112,嘉大,農業生物科技學系,,27.0,148.5
112,嘉大,景觀學系(社會組),,35.33,265.0
112,嘉大,景觀學系(自然組),,29.0,159.5
112,嘉大,植物醫學系,醫學,27.92,181.5
112,嘉大,電子物理學系,物理,33.67,101.0
112,嘉大,應用化學系,化學,35.0,157.5
112,嘉大,應用數學系,數學,30.0,120.0
112,嘉大,資訊工程學系,資訊工程,39.0,156.0
112,嘉大,生物機電工程學系,,33.05,157.0
112,嘉大,土木與水資源工程學系,土木工程,32.25,129.0
112,嘉大,電機工程學系,電機工程,39.25,157.0
112,嘉大,機械與能源工程學系,機械工程,35.25,141.0
112,嘉大,食品科學系,,28.62,186.0
112,嘉大,水生生物科學系,生命科學,24.67,185.0
112,嘉大,生物資源學系,,32.46,211.0
112,嘉大,生化科技學系,,30.77,200.0
112,嘉大,微生物免疫與生物藥學系,藥學,34.42,206.5
112,嘉大,獸醫學系,獸醫,47.39,272.5
113,嘉大,教育學系,,31.77,206.5
113,嘉大,輔導與諮商學系,,34.73,191.0
113,嘉大,體育與健康休閒學系,,25.17,151.0
113,嘉大,特殊教育學系,,34.14,239.0
113,嘉大,幼兒教育學系,,29.08,174.5
113,嘉大,數位學習設計與管理學系(社會組),,30.3,151.5
113,嘉大,數位學習設計與管理學系(自然組),,35.1,175.5
113,嘉大,中國文學系,中文,37.33,168.0
113,嘉大,視覺藝術學系,,29.67,178.0
113,嘉大,應用歷史學系,歷史,38.19,152.75
113,嘉大,外國語言學系英語教學組,外文,28.06,119.25
113,嘉大,外國語言學系應用外語組,,29.78,134.0
113,嘉大,音樂學系,,0.0,0.0
113,嘉大,企業管理學系,企業管理,33.0,132.0
113,嘉大,應用經濟學系,經濟,32.7,163.5
113,嘉大,科技管理學系,,29.17,175.0
113,嘉大,資訊管理學系(自然組),資訊管理,37.11,167.0
113,嘉大,資訊管理學系(社會組),資訊管理,35.09,193.0
113,嘉大,行銷與觀光管理學系,,29.82,164.0
113,嘉大,財務金融學系,財務金融,36.0,234.0
113,嘉大,農藝學系,,31.5,126.0
113,嘉大,園藝學系,,28.45,156.5
113,嘉大,森林暨自然資源學系,,29.09,160.0
113,嘉大,木質材料與設計學系,材料,25.55,140.5
113,嘉大,動物科學系,,35.31,229.5
113,嘉大,農業生物科技學系,,29.36,161.5
113,嘉大,景觀學系(社會組),,36.17,217.0
113,嘉大,景觀學系(自然組),,33.0,148.5
113,嘉大,植物醫學系,醫學,30.85,200.5
113,嘉大,電子物理學系,物理,34.33,103.0
113,嘉大,應用化學系,化學,36.33,163.5
113,嘉大,應用數學系,數學,30.25,121.0
113,嘉大,資訊工程學系,資訊工程,39.25,157.0
113,嘉大,生物機電工程學系,,34.0,161.5
113,嘉大,土木與水資源工程學系,土木工程,32.5,130.0
113,嘉大,電機工程學系,電機工程,40.0,160.0
113,嘉大,機械與能源工程學系,機械工程,34.8,174.0
113,嘉大,食品科學系,,29.31,190.5
113,嘉大,水生生物科學系,生命科學,27.13,203.5
113,嘉大,生物資源學系,,35.89,161.5
113,嘉大,生化科技學系,,34.82,191.5
113,嘉大,微生物免疫與生物藥學系,藥學,35.92,215.5
113,嘉大,獸醫學系,獸醫,49.35,283.75
114,嘉大,教育學系,,29.92,194.5
114,嘉大,輔導與諮商學系,,35.0,192.5
114,嘉大,體育與健康休閒學系,,30.33,91.0
114,嘉大,特殊教育學系,,37.4,187.0
114,嘉大,幼兒教育學系,,24.9,124.5
114,嘉大,數位學習設計與管理學系(媒體互動設計組),,32.25,129.0
114,嘉大,數位學習設計與管理學系(資訊科技與管理組),,35.13,140.5
114,嘉大,中國文學系,中文,29.44,132.5
114,嘉大,視覺藝術學系,,37.83,227.0
114,嘉大,應用歷史學系,歷史,33.06,132.25
114,嘉大,外國語言學系英語教學組,外文,23.71,100.75
114,嘉大,外國語言學系應用外語組,,30.78,138.5
114,嘉大,音樂學系,,43.66,218.28
114,嘉大,企業管理學系,企業管理,33.67,101.0
114,嘉大,應用經濟學系,經濟,33.1,165.5
114,嘉大,科技管理學系,,30.22,136.0
114,嘉大,資訊管理學系(自然組),資訊管理,36.6,183.0
114,嘉大,資訊管理學系(社會組),資訊管理,35.67,214.0
114,嘉大,行銷與觀光管理學系,,26.5,159.0
114,嘉大,財務金融學系,財務金融,38.0,247.0
114,嘉大,農藝學系,,29.22,131.5
114,嘉大,園藝學系,,28.89,130.0
114,嘉大,森林暨自然資源學系,,29.56,133.0
114,嘉大,木質材料與設計學系,材料,26.1,130.5
114,嘉大,動物科學系,,35.15,228.5
114,嘉大,農業生物科技學系,,28.73,158.0
114,嘉大,景觀學系(社會組),,32.57,114.0
114,嘉大,景觀學系(自然組),,30.71,107.5
114,嘉大,植物醫學系,醫學,30.0,165.0
114,嘉大,電子物理學系,物理,36.33,109.0
114,嘉大,應用化學系,化學,36.89,166.0
114,嘉大,應用數學系,數學,29.5,118.0
114,嘉大,資訊工程學系,資訊工程,38.75,155.0
114,嘉大,生物機電工程學系,,34.05,161.75
114,嘉大,土木與水資源工程學系,土木工程,31.0,124.0
114,嘉大,電機工程學系,電機工程,39.5,158.0
114,嘉大,機械與能源工程學系,機械工程,35.2,176.0
114,嘉大,食品科學系,,30.18,166.0
114,嘉大,水生生物科學系,生命科學,28.08,182.5
114,嘉大,生物資源學系,,34.22,154.0
114,嘉大,生化科技學系,,33.91,186.5
114,嘉大,微生物免疫與生物藥學系,藥學,35.17,211.0
114,嘉大,獸醫學系,獸醫,49.7,285.75
115,嘉大,教育學系,,30.38,197.5
115,嘉大,輔導與諮商學系,,33.64,185.0
115,嘉大,體育與健康休閒學系,,29.0,87.0
115,嘉大,特殊教育學系,,37.2,186.0
115,嘉大,幼兒教育學系,,25.9,129.5
115,嘉大,數位學習設計與管理學系(媒體互動設計組),,30.88,123.5
115,嘉大,數位學習設計與管理學系(資訊科技與管理組),,28.88,115.5
115,嘉大,中國文學系,中文,37.89,170.5
115,嘉大,視覺藝術學系,,27.17,163.0
115,嘉大,應用歷史學系,歷史,38.38,153.5
115,嘉大,外國語言學系英語教學組,外文,26.0,110.5
115,嘉大,外國語言學系應用外語組,,29.0,130.5
115,嘉大,音樂學系,,41.12,205.58
115,嘉大,企業管理學系,企業管理,27.4,137.0
115,嘉大,應用經濟學系,經濟,27.92,181.5
115,嘉大,科技管理學系,,26.58,159.5
115,嘉大,資訊管理學系(自然組),資訊管理,32.2,161.0
115,嘉大,資訊管理學系(社會組),資訊管理,33.4,167.0
115,嘉大,行銷與觀光管理學系,,27.5,165.0
115,嘉大,財務金融學系,財務金融,34.0,221.0
115,嘉大,農藝學系,,26.11,117.5
115,嘉大,園藝學系,,25.67,115.5
115,嘉大,森林暨自然資源學系,,25.56,115.0
115,嘉大,木質材料與設計學系,材料,24.6,123.0
115,嘉大,動物科學系,,34.77,226.0
115,嘉大,農業生物科技學系,,26.36,145.0
115,嘉大,景觀學系(社會組),,34.43,120.5
115,嘉大,景觀學系(自然組),,26.86,94.0
115,嘉大,植物醫學系,醫學,28.55,157.0
115,嘉大,電子物理學系,物理,35.67,107.0
115,嘉大,應用化學系,化學,35.0,157.5
115,嘉大,應用數學系,數學,27.25,109.0
115,嘉大,資訊工程學系,資訊工程,37.75,151.0
115,嘉大,生物機電工程學系,,33.89,161.0
115,嘉大,土木與水資源工程學系,土木工程,32.67,98.0
115,嘉大,電機工程學系,電機工程,39.25,157.0
115,嘉大,機械與能源工程學系,機械工程,35.0,175.0
115,嘉大,食品科學系,,28.36,156.0
115,嘉大,水生生物科學系,生命科學,24.62,160.0
115,嘉大,生物資源學系,,30.67,138.0
115,嘉大,生化科技學系,,31.55,173.5
115,嘉大,微生物免疫與生物藥學系,藥學,31.79,190.75
115,嘉大,獸醫學系,獸醫,50.53,240.0
101,高雄大,西洋語文學系,,73.12,475.25
101,高雄大,運動健康與休閒學系,,70.42,387.3
101,高雄大,創意設計與建築學系,建築,53.75,268.75
101,高雄大,東亞語文學系日語組,日文,70.8,424.8
101,高雄大,東亞語文學系韓語組,,70.87,425.2
101,高雄大,東亞語文學系越語組,,68.97,413.8
101,高雄大,法律學系,法律,73.62,404.9
101,高雄大,政治法律學系,法律,73.13,420.48
101,高雄大,財經法律學系,法律,74.67,429.33
101,高雄大,應用經濟學系,經濟,77.12,424.15
101,高雄大,金融管理學系,財務金融,74.58,447.45
101,高雄大,資訊管理學系,資訊管理,75.81,303.25
101,高雄大,應用數學系,數學,66.62,299.8
101,高雄大,應用化學系,化學,69.6,382.8
101,高雄大,應用物理學系,物理,68.89,464.98
101,高雄大,電機工程學系,電機工程,70.17,456.1
101,高雄大,土木與環境工程學系,土木工程,67.76,474.35
101,高雄大,化學工程及材料工程學系,化學工程,70.56,423.38
101,高雄大,資訊工程學系,資訊工程,70.44,317.0
101,高雄大,生命科學系,生命科學,65.8,411.28
101,高雄大,亞太工商管理學系企業管理組,企業管理,73.13,402.2
101,高雄大,亞太工商管理學系工業管理組,企業管理,64.31,353.73
102,高雄大,西洋語文學系,,73.0,474.5
102,高雄大,運動健康與休閒學系,,66.85,367.7
102,高雄大,創意設計與建築學系,建築,56.04,280.2
102,高雄大,東亞語文學系日語組,日文,73.27,439.6
102,高雄大,東亞語文學系韓語組,,73.13,438.8
102,高雄大,東亞語文學系越語組,,70.87,425.2
102,高雄大,法律學系,法律,74.34,408.88
102,高雄大,政治法律學系,法律,73.47,422.48
102,高雄大,財經法律學系,法律,75.51,434.18
102,高雄大,應用經濟學系,經濟,75.15,413.35
102,高雄大,金融管理學系,財務金融,74.18,445.05
102,高雄大,資訊管理學系,資訊管理,74.24,296.95
102,高雄大,應用數學系,數學,59.84,269.3
102,高雄大,應用化學系,化學,61.89,340.4
102,高雄大,應用物理學系,物理,59.97,359.8
102,高雄大,電機工程學系,電機工程,63.21,410.85
102,高雄大,土木與環境工程學系,土木工程,59.39,415.7
102,高雄大,化學工程及材料工程學系,化學工程,64.2,385.2
102,高雄大,資訊工程學系,資訊工程,63.78,287.0
102,高雄大,生命科學系,生命科學,60.54,378.4
102,高雄大,亞太工商管理學系企業管理組,企業管理,73.28,384.73
102,高雄大,亞太工商管理學系工業管理組,企業管理,56.98,299.15
103,高雄大,法律學系,法律,75.13,413.23
103,高雄大,政治法律學系,法律,74.38,427.68
103,高雄大,財經法律學系,法律,76.3,457.8
103,高雄大,西洋語文學系,,73.4,477.1
103,高雄大,運動健康與休閒學系,,65.85,362.2
103,高雄大,東亞語文學系日語組,日文,73.07,438.4
103,高雄大,東亞語文學系韓語組,,72.27,433.6
103,高雄大,東亞語文學系越語組,,71.4,428.4
103,高雄大,創意設計與建築學系,建築,52.68,263.4
103,高雄大,應用數學系,數學,54.98,247.4
103,高雄大,應用化學系,化學,61.97,340.85
103,高雄大,應用物理學系,物理,57.43,373.3
103,高雄大,生命科學系,生命科學,55.75,348.43
103,高雄大,電機工程學系,電機工程,61.56,400.15
103,高雄大,土木與環境工程學系,土木工程,58.03,406.2
103,高雄大,化學工程及材料工程學系,化學工程,63.25,379.48
103,高雄大,資訊工程學系,資訊工程,60.2,270.9
103,高雄大,應用經濟學系,經濟,76.75,422.1
103,高雄大,資訊管理學系,資訊管理,74.89,299.55
103,高雄大,金融管理學系,財務金融,75.67,454.0
103,高雄大,亞太工商管理學系企業管理組,企業管理,74.38,390.5
103,高雄大,亞太工商管理學系工業管理組,企業管理,54.92,288.33
104,高雄大,法律學系,法律,67.8,372.88
104,高雄大,政治法律學系,法律,66.67,383.33
104,高雄大,財經法律學系,法律,68.13,408.78
104,高雄大,西洋語文學系,,67.66,439.8
104,高雄大,運動健康與休閒學系,,52.97,291.35
104,高雄大,東亞語文學系日語組,日文,68.75,412.5
104,高雄大,東亞語文學系韓語組,,67.67,406.0
104,高雄大,東亞語文學系越語組,,67.8,406.8
104,高雄大,創意設計與建築學系,建築,50.67,253.35
104,高雄大,應用數學系,數學,48.16,216.7
104,高雄大,應用化學系,化學,56.62,311.4
104,高雄大,應用物理學系,物理,53.25,346.1
104,高雄大,生命科學系,生命科學,49.94,312.15
104,高雄大,電機工程學系,電機工程,57.07,370.95
104,高雄大,土木與環境工程學系,土木工程,52.91,370.35
104,高雄大,化學工程及材料工程學系,化學工程,59.07,354.4
104,高雄大,資訊工程學系,資訊工程,55.67,250.5
104,高雄大,應用經濟學系,經濟,62.74,345.05
104,高雄大,資訊管理學系,資訊管理,61.63,246.5
104,高雄大,金融管理學系,財務金融,66.79,400.75
104,高雄大,亞太工商管理學系企業管理組,企業管理,67.16,352.58
104,高雄大,亞太工商管理學系工業管理組,企業管理,49.45,259.63
105,高雄大,西洋語文學系,,61.75,401.35
105,高雄大,運動健康與休閒學系,,57.64,317.0
105,高雄大,東亞語文學系日語組,日文,66.48,398.9
105,高雄大,東亞語文學系韓語組,,66.95,401.7
105,高雄大,東亞語文學系越語組,,65.42,392.5
105,高雄大,法律學系,法律,69.21,380.68
105,高雄大,政治法律學系,法律,67.94,390.65
105,高雄大,財經法律學系,法律,69.97,419.83
105,高雄大,應用經濟學系,經濟,68.86,378.75
105,高雄大,亞太工商管理學系企業管理組,企業管理,67.84,356.18
105,高雄大,亞太工商管理學系工業管理組,企業管理,49.47,259.7
105,高雄大,資訊管理學系,資訊管理,68.16,272.65
105,高雄大,金融管理學系,財務金融,68.88,413.3
105,高雄大,應用數學系,數學,49.27,221.7
105,高雄大,應用化學系,化學,57.0,313.5
105,高雄大,應用物理學系,物理,53.75,349.4
105,高雄大,生命科學系,生命科學,49.79,311.2
105,高雄大,電機工程學系,電機工程,57.87,376.15
105,高雄大,土木與環境工程學系,土木工程,53.51,374.55
105,高雄大,化學工程及材料工程學系,化學工程,59.42,356.5
105,高雄大,資訊工程學系,資訊工程,57.13,342.8
105,高雄大,創意設計與建築學系創意設計組,建築,41.82,209.1
105,高雄大,創意設計與建築學系建築組,建築,54.42,258.5
106,高雄大,西洋語文學系,,63.45,412.4
106,高雄大,運動健康與休閒學系,,56.35,309.95
106,高雄大,創意設計與建築學系創意設計組,建築,63.35,348.45
106,高雄大,創意設計與建築學系建築組,建築,52.39,379.85
106,高雄大,東亞語文學系日語組,日文,68.42,410.5
106,高雄大,東亞語文學系韓語組,,69.17,415.0
106,高雄大,東亞語文學系越語組,,68.15,408.9
106,高雄大,法律學系,法律,72.27,397.5
106,高雄大,政治法律學系,法律,70.39,404.75
106,高雄大,財經法律學系,法律,73.59,404.73
106,高雄大,應用經濟學系,經濟,69.53,382.4
106,高雄大,亞太工商管理學系企業管理組,企業管理,70.24,368.75
106,高雄大,亞太工商管理學系工業管理組,企業管理,48.59,255.08
106,高雄大,資訊管理學系,資訊管理,70.65,282.6
106,高雄大,金融管理學系,財務金融,72.24,433.45
106,高雄大,應用數學系,數學,51.02,280.6
106,高雄大,應用化學系,化學,57.62,259.3
106,高雄大,應用物理學系,物理,55.43,360.3
106,高雄大,生命科學系,生命科學,48.45,302.83
106,高雄大,電機工程學系,電機工程,59.48,386.6
106,高雄大,土木與環境工程學系,土木工程,54.17,379.2
106,高雄大,化學工程及材料工程學系,化學工程,60.95,365.7
106,高雄大,資訊工程學系,資訊工程,58.82,323.5
107,高雄大,西洋語文學系,,65.89,313.0
107,高雄大,運動健康與休閒學系,,57.53,316.4
107,高雄大,東亞語文學系日語組,日文,70.18,421.1
107,高雄大,東亞語文學系韓語組,,70.15,420.9
107,高雄大,東亞語文學系越語組,,69.26,415.54
107,高雄大,工藝與創意設計學系,,64.17,352.95
107,高雄大,建築學系,建築,56.19,407.4
107,高雄大,法律學系,法律,71.26,391.93
107,高雄大,政治法律學系,法律,70.1,403.05
107,高雄大,財經法律學系,法律,72.94,401.19
107,高雄大,應用經濟學系,經濟,71.07,390.9
107,高雄大,亞太工商管理學系企業管理組,企業管理,70.0,367.5
107,高雄大,亞太工商管理學系工業管理組,企業管理,51.37,269.68
107,高雄大,資訊管理學系,資訊管理,72.44,289.75
107,高雄大,金融管理學系,財務金融,71.38,428.25
107,高雄大,應用數學系,數學,58.35,320.95
107,高雄大,應用化學系,化學,60.08,270.35
107,高雄大,應用物理學系,物理,59.12,384.3
107,高雄大,生命科學系,生命科學,45.78,286.14
107,高雄大,電機工程學系,電機工程,62.97,409.33
107,高雄大,土木與環境工程學系,土木工程,57.81,404.65
107,高雄大,化學工程及材料工程學系,化學工程,62.41,374.46
107,高雄大,資訊工程學系,資訊工程,63.88,351.35
108,高雄大,西洋語文學系,,74.09,351.95
108,高雄大,運動健康與休閒學系,,68.18,375.0
108,高雄大,東亞語文學系日語組,日文,76.27,457.6
108,高雄大,東亞語文學系韓語組,,76.03,456.2
108,高雄大,東亞語文學系越語組,,74.42,446.5
108,高雄大,工藝與創意設計學系,,70.02,385.1
108,高雄大,建築學系,建築,61.46,445.6
108,高雄大,法律學系,法律,75.49,415.21
108,高雄大,政治法律學系,法律,74.55,428.68
108,高雄大,財經法律學系,法律,77.28,425.06
108,高雄大,應用經濟學系,經濟,76.84,422.6
108,高雄大,亞太工商管理學系企業管理組,企業管理,72.98,383.14
108,高雄大,亞太工商管理學系工業管理組,企業管理,56.98,299.14
108,高雄大,資訊管理學系,資訊管理,77.31,309.23
108,高雄大,金融管理學系,財務金融,74.47,446.83
108,高雄大,應用數學系,數學,59.22,325.7
108,高雄大,應用化學系,化學,61.7,277.65
108,高雄大,應用物理學系,物理,61.2,397.8
108,高雄大,生命科學系,生命科學,58.05,362.79
108,高雄大,電機工程學系,電機工程,64.18,417.18
108,高雄大,土木與環境工程學系,土木工程,59.53,416.7
108,高雄大,化學工程及材料工程學系,化學工程,65.73,394.4
108,高雄大,資訊工程學系,資訊工程,65.48,360.15
109,高雄大,西洋語文學系,,67.5,320.63
109,高雄大,運動健康與休閒學系,,55.53,305.4
109,高雄大,東亞語文學系日語組,日文,71.92,431.54
109,高雄大,東亞語文學系韓語組,,71.8,430.8
109,高雄大,東亞語文學系越語組,,69.13,414.8
109,高雄大,工藝與創意設計學系,,65.33,359.33
109,高雄大,建築學系,建築,55.5,402.34
109,高雄大,法律學系,法律,69.92,384.56
109,高雄大,政治法律學系,法律,74.51,353.9
109,高雄大,財經法律學系,法律,71.21,391.66
109,高雄大,應用經濟學系,經濟,68.6,377.3
109,高雄大,亞太工商管理學系企業管理組,企業管理,67.61,354.96
109,高雄大,亞太工商管理學系工業管理組,企業管理,52.88,277.64
109,高雄大,資訊管理學系,資訊管理,69.55,278.2
109,高雄大,金融管理學系,財務金融,68.41,410.48
109,高雄大,應用數學系,數學,51.44,282.9
109,高雄大,應用化學系,化學,59.14,266.15
109,高雄大,應用物理學系,物理,54.76,355.95
109,高雄大,生命科學系,生命科學,48.89,305.59
109,高雄大,電機工程學系,電機工程,59.47,386.53
109,高雄大,土木與環境工程學系,土木工程,53.24,372.7
109,高雄大,化學工程及材料工程學系,化學工程,62.29,373.76
109,高雄大,資訊工程學系,資訊工程,59.8,328.9
110,高雄大,西洋語文學系,,60.27,331.5
110,高雄大,運動健康與休閒學系,,51.55,283.5
110,高雄大,東亞語文學系日語組,日文,70.57,423.4
110,高雄大,東亞語文學系韓語組,,70.55,423.3
110,高雄大,東亞語文學系越語組,,67.65,405.9
110,高雄大,工藝與創意設計學系,,64.94,357.18
110,高雄大,建築學系,建築,48.5,351.6
110,高雄大,法律學系,法律,71.24,391.8
110,高雄大,政治法律學系,法律,73.8,350.55
110,高雄大,財經法律學系,法律,72.47,398.59
110,高雄大,應用經濟學系,經濟,69.09,380.0
110,高雄大,亞太工商管理學系企業管理組,企業管理,70.47,369.95
110,高雄大,亞太工商管理學系工業管理組,企業管理,40.87,214.55
110,高雄大,資訊管理學系,資訊管理,69.06,276.23
110,高雄大,金融管理學系,財務金融,71.39,428.33
110,高雄大,應用數學系,數學,40.11,220.6
110,高雄大,應用化學系,化學,49.76,223.9
110,高雄大,應用物理學系,物理,45.45,295.45
110,高雄大,生命科學系,生命科學,42.96,268.53
110,高雄大,電機工程學系,電機工程,54.25,352.63
110,高雄大,土木與環境工程學系,土木工程,43.98,307.85
110,高雄大,化學工程及材料工程學系,化學工程,55.07,330.43
110,高雄大,資訊工程學系,資訊工程,56.87,341.2
111,高雄大,西洋語文學系,,35.09,193.0
111,高雄大,運動健康與休閒學系,,17.91,98.5
111,高雄大,東亞語文學系日語組,日文,38.5,231.0
111,高雄大,東亞語文學系韓語組,,42.67,256.0
111,高雄大,東亞語文學系越語組,,38.0,228.0
111,高雄大,工藝與創意設計學系,,36.18,199.0
111,高雄大,建築學系,建築,38.0,171.0
111,高雄大,法律學系,法律,43.0,193.5
111,高雄大,政治法律學系,法律,41.1,215.75
111,高雄大,財經法律學系,法律,42.29,148.0
111,高雄大,應用經濟學系,經濟,37.08,241.0
111,高雄大,亞太工商管理學系企業管理組,企業管理,36.0,180.0
111,高雄大,亞太工商管理學系工業管理組,企業管理,20.4,102.0
111,高雄大,資訊管理學系,資訊管理,37.0,185.0
111,高雄大,金融管理學系,財務金融,40.36,222.0
111,高雄大,應用數學系,數學,14.73,81.0
111,高雄大,應用化學系,化學,27.11,122.0
111,高雄大,應用物理學系,物理,24.62,160.0
111,高雄大,生命科學系,生命科學,19.36,121.0
111,高雄大,電機工程學系,電機工程,32.23,209.5
111,高雄大,土木與環境工程學系,土木工程,21.29,149.0
111,高雄大,化學工程及材料工程學系,化學工程,32.42,194.5
111,高雄大,資訊工程學系,資訊工程,34.5,207.0
112,高雄大,西洋語文學系,,39.0,156.0
112,高雄大,運動健康與休閒學系,,34.63,138.5
112,高雄大,東亞語文學系日語組,日文,43.33,260.0
112,高雄大,東亞語文學系韓語組,,43.17,259.0
112,高雄大,東亞語文學系越語組,,42.67,256.0
112,高雄大,工藝與創意設計學系,,39.64,218.0
112,高雄大,建築學系,建築,39.85,259.0
112,高雄大,法律學系,法律,45.78,206.0
112,高雄大,政治法律學系,法律,45.29,237.75
112,高雄大,財經法律學系,法律,45.5,159.25
112,高雄大,應用經濟學系,經濟,39.54,257.0
112,高雄大,亞太工商管理學系企業管理組,企業管理,38.29,134.0
112,高雄大,亞太工商管理學系工業管理組,企業管理,31.07,108.75
112,高雄大,資訊管理學系,資訊管理,39.7,198.5
112,高雄大,金融管理學系,財務金融,41.91,230.5
112,高雄大,應用數學系,數學,34.35,197.5
112,高雄大,應用化學系,化學,34.25,137.0
112,高雄大,應用物理學系,物理,35.82,197.0
112,高雄大,生命科學系,生命科學,29.52,155.0
112,高雄大,電機工程學系,電機工程,37.92,246.5
112,高雄大,土木與環境工程學系,土木工程,32.0,224.0
112,高雄大,化學工程及材料工程學系,化學工程,38.46,230.75
112,高雄大,資訊工程學系,資訊工程,42.5,255.0
113,高雄大,西洋語文學系,,39.25,157.0
113,高雄大,運動健康與休閒學系,,32.75,131.0
113,高雄大,東亞語文學系日語組,日文,43.33,260.0
113,高雄大,東亞語文學系韓語組,,45.0,270.0
113,高雄大,東亞語文學系越語組,,42.67,256.0
113,高雄大,工藝與創意設計學系,,40.82,224.5
113,高雄大,建築學系,建築,42.6,213.0
113,高雄大,法律學系,法律,45.94,206.75
113,高雄大,政治法律學系,法律,45.33,238.0
113,高雄大,財經法律學系,法律,44.93,157.25
113,高雄大,應用經濟學系,經濟,38.08,247.5
113,高雄大,亞太工商管理學系企業管理組,企業管理,37.79,132.25
113,高雄大,亞太工商管理學系工業管理組,企業管理,34.57,121.0
113,高雄大,資訊管理學系,資訊管理,38.7,193.5
113,高雄大,財務金融學系,財務金融,40.73,224.0
113,高雄大,應用數學系,數學,36.43,209.5
113,高雄大,應用化學系,化學,39.75,159.0
113,高雄大,應用物理學系,物理,37.18,204.5
113,高雄大,生命科學系,生命科學,32.67,171.5
113,高雄大,電機工程學系,電機工程,39.77,258.5
113,高雄大,土木與環境工程學系,土木工程,34.57,242.0
113,高雄大,化學工程及材料工程學系,化學工程,40.04,240.25
113,高雄大,資訊工程學系,資訊工程,41.0,246.0
114,高雄大,西洋語文學系,,37.5,150.0
114,高雄大,運動健康與休閒學系,,34.0,136.0
114,高雄大,東亞語文學系日語組,日文,42.67,256.0
114,高雄大,東亞語文學系韓語組,,42.67,256.0
114,高雄大,東亞語文學系越語組,,33.0,198.0
114,高雄大,工藝與創意設計學系,,38.09,209.5
114,高雄大,建築學系,建築,39.15,254.5
114,高雄大,法律學系,法律,45.06,202.75
114,高雄大,政治法律學系,法律,44.63,212.0
114,高雄大,財經法律學系,法律,44.57,156.0
114,高雄大,應用經濟學系,經濟,41.46,269.5
114,高雄大,亞太工商管理學系企業管理組,企業管理,36.86,129.0
114,高雄大,亞太工商管理學系工業管理組,企業管理,33.14,116.0
114,高雄大,資訊管理學系,資訊管理,42.0,168.0
114,高雄大,財務金融學系,財務金融,43.2,216.0
114,高雄大,應用數學系,數學,37.11,167.0
114,高雄大,應用化學系,化學,41.0,164.0
114,高雄大,應用物理學系,物理,38.91,214.0
114,高雄大,生命科學系,生命科學,34.06,144.75
114,高雄大,電機工程學系,電機工程,41.08,267.0
114,高雄大,土木與環境工程學系,土木工程,35.43,248.0
114,高雄大,化學工程及材料工程學系,化學工程,42.13,252.75
114,高雄大,資訊工程學系,資訊工程,41.83,251.0
115,高雄大,西洋語文學系,,39.75,159.0
115,高雄大,運動健康與休閒學系,,35.0,140.0
115,高雄大,東亞語文學系日語組,日文,42.17,253.0
115,高雄大,東亞語文學系韓語組,,41.83,251.0
115,高雄大,東亞語文學系越語組,,39.33,236.0
115,高雄大,工藝與創意設計學系,,39.64,218.0
115,高雄大,建築學系,建築,35.92,233.5
115,高雄大,法律學系,法律,45.94,206.75
115,高雄大,政治法律學系,法律,44.63,212.0
115,高雄大,財經法律學系,法律,44.5,155.75
115,高雄大,應用經濟學系,經濟,38.36,211.0
115,高雄大,亞太工商管理學系企業管理組,企業管理,34.57,121.0
115,高雄大,亞太工商管理學系工業管理組,企業管理,34.86,122.0
115,高雄大,資訊管理學系,資訊管理,37.25,149.0
115,高雄大,財務金融學系,財務金融,41.4,207.0
115,高雄大,應用數學系,數學,35.44,159.5
115,高雄大,應用化學系,化學,40.0,160.0
115,高雄大,應用物理學系,物理,38.05,199.75
115,高雄大,生命科學系,生命科學,32.29,137.25
115,高雄大,電機工程學系,電機工程,39.46,256.5
115,高雄大,土木與環境工程學系,土木工程,33.43,234.0
115,高雄大,化學工程及材料工程學系,化學工程,41.67,250.0
115,高雄大,資訊工程學系,資訊工程,39.17,235.0
101,北醫,醫學系,醫學,87.63,525.8
101,北醫,牙醫學系,牙醫,86.45,518.7
101,北醫,藥學系,藥學,82.02,410.1
101,北醫,醫學檢驗暨生物技術學系,醫檢,78.66,511.3
101,北醫,護理學系,護理,73.2,457.48
101,北醫,保健營養學系,,75.81,606.5
101,北醫,公共衛生學系,公共衛生,73.57,478.2
101,北醫,醫務管理學系,,78.02,331.6
101,北醫,呼吸治療學系,,77.67,446.6
101,北醫,老人護理暨管理學系,護理,71.16,444.73
101,北醫,牙體技術學系,,77.28,386.4
101,北醫,口腔衛生學系,,72.01,396.08
102,北醫,醫學系,醫學,87.67,526.0
102,北醫,牙醫學系,牙醫,86.02,516.1
102,北醫,藥學系藥學組,藥學,82.88,414.4
102,北醫,藥學系臨床藥學組,藥學,84.4,422.0
102,北醫,醫學檢驗暨生物技術學系,醫檢,79.51,516.8
102,北醫,護理學系,護理,72.72,454.5
102,北醫,保健營養學系,,76.33,610.6
102,北醫,公共衛生學系,公共衛生,73.92,480.45
102,北醫,醫務管理學系,,77.91,331.1
102,北醫,呼吸治療學系,,76.01,437.08
102,北醫,高齡健康管理學系,,71.04,444.0
102,北醫,牙體技術學系,,77.8,389.0
102,北醫,口腔衛生學系,,72.12,396.68
103,北醫,醫學系,醫學,85.92,515.5
103,北醫,牙醫學系,牙醫,84.15,504.9
103,北醫,藥學系藥學組,藥學,80.66,403.3
103,北醫,藥學系臨床藥學組,藥學,82.58,412.9
103,北醫,醫學檢驗暨生物技術學系,醫檢,77.35,502.75
103,北醫,護理學系,護理,72.84,455.25
103,北醫,保健營養學系,,74.59,596.7
103,北醫,公共衛生學系,公共衛生,72.38,470.45
103,北醫,醫務管理學系,,78.31,332.8
103,北醫,呼吸治療學系,,73.68,423.65
103,北醫,高齡健康管理學系,,68.85,430.3
103,北醫,牙體技術學系,,77.66,388.3
103,北醫,口腔衛生學系,,70.45,387.45
104,北醫,醫學系,醫學,87.56,437.8
104,北醫,牙醫學系,牙醫,85.34,426.7
104,北醫,藥學系藥學組,藥學,77.62,388.1
104,北醫,藥學系臨床藥學組,藥學,79.42,397.1
104,北醫,醫學檢驗暨生物技術學系,醫檢,72.92,473.95
104,北醫,護理學系,護理,67.41,421.33
104,北醫,保健營養學系,,71.5,572.0
104,北醫,公共衛生學系,公共衛生,67.82,440.85
104,北醫,醫務管理學系,,67.19,285.55
104,北醫,呼吸治療學系,,69.33,398.65
104,北醫,高齡健康管理學系,,64.88,405.5
104,北醫,牙體技術學系,,73.36,366.8
104,北醫,口腔衛生學系,,65.54,360.45
105,北醫,醫學系,醫學,89.3,446.5
105,北醫,牙醫學系,牙醫,86.68,433.4
105,北醫,藥學系藥學組,藥學,79.8,458.83
105,北醫,藥學系臨床藥學組,藥學,81.38,467.95
105,北醫,醫學檢驗暨生物技術學系,醫檢,74.18,482.15
105,北醫,護理學系,護理,69.42,433.9
105,北醫,保健營養學系,,71.65,573.2
105,北醫,公共衛生學系,公共衛生,68.08,442.5
105,北醫,醫務管理學系,,72.19,306.8
105,北醫,呼吸治療學系,,70.78,406.98
105,北醫,高齡健康管理學系,,65.95,412.2
105,北醫,牙體技術學系,,73.92,443.5
105,北醫,口腔衛生學系,,67.03,368.65
105,北醫,生物醫學工程學系,生醫工程,77.68,427.25
106,北醫,醫學系,醫學,88.04,440.2
106,北醫,牙醫學系,牙醫,85.16,425.8
106,北醫,藥學系藥學組,藥學,77.6,446.2
106,北醫,藥學系臨床藥學組,藥學,79.3,455.98
106,北醫,醫學檢驗暨生物技術學系,醫檢,71.6,465.4
106,北醫,護理學系,護理,68.11,425.7
106,北醫,保健營養學系,,70.49,563.9
106,北醫,公共衛生學系,公共衛生,67.67,439.85
106,北醫,醫務管理學系,,72.73,309.1
106,北醫,呼吸治療學系,,70.72,406.65
106,北醫,高齡健康管理學系,,64.9,405.65
106,北醫,牙體技術學系,,72.67,436.03
106,北醫,口腔衛生學系,,66.21,364.18
106,北醫,生物醫學工程學系,生醫工程,77.46,426.05
106,北醫,食品安全學系,,69.17,518.75
107,北醫,醫學系(自費),醫學,88.02,440.1
107,北醫,醫學系(公費),醫學,85.16,425.8
107,北醫,牙醫學系,牙醫,85.66,428.3
107,北醫,藥學系藥學組,藥學,81.27,446.98
107,北醫,藥學系臨床藥學組,藥學,82.9,455.93
107,北醫,醫學檢驗暨生物技術學系,醫檢,72.9,473.88
107,北醫,護理學系,護理,68.39,427.43
107,北醫,保健營養學系,,71.11,568.9
107,北醫,公共衛生學系,公共衛生,66.83,434.38
107,北醫,醫務管理學系,,75.29,282.35
107,北醫,呼吸治療學系,,67.81,389.89
107,北醫,高齡健康管理學系,,65.36,408.5
107,北醫,牙體技術學系,,71.28,427.68
107,北醫,口腔衛生學系,,67.47,371.06
107,北醫,生物醫學工程學系,生醫工程,74.28,408.55
107,北醫,食品安全學系,,67.99,509.93
108,北醫,醫學系(自費),醫學,86.99,434.95
108,北醫,醫學系(公費),醫學,85.01,425.05
108,北醫,牙醫學系,牙醫,85.13,425.65
108,北醫,藥學系藥學組,藥學,81.66,449.15
108,北醫,藥學系臨床藥學組,藥學,82.55,454.05
108,北醫,醫學檢驗暨生物技術學系,醫檢,77.29,502.4
108,北醫,護理學系,護理,73.21,457.55
108,北醫,保健營養學系,,74.84,561.3
108,北醫,公共衛生學系,公共衛生,72.83,473.4
108,北醫,醫務管理學系,,80.75,323.0
108,北醫,呼吸治療學系,,69.84,401.6
108,北醫,高齡健康管理學系,,70.33,439.58
108,北醫,牙體技術學系,,76.31,457.88
108,北醫,口腔衛生學系,,72.33,397.8
108,北醫,生物醫學工程學系,生醫工程,77.48,426.15
108,北醫,食品安全學系,,72.1,468.68
109,北醫,醫學系(自費),醫學,86.21,431.05
109,北醫,醫學系(公費),醫學,83.07,415.35
109,北醫,牙醫學系,牙醫,84.0,420.0
109,北醫,藥學系藥學組,藥學,79.38,456.43
109,北醫,藥學系臨床藥學組,藥學,80.58,463.31
109,北醫,醫學檢驗暨生物技術學系,醫檢,77.83,428.08
109,北醫,護理學系,護理,66.5,415.63
109,北醫,保健營養學系,,71.58,536.85
109,北醫,公共衛生學系,公共衛生,70.44,457.85
109,北醫,醫務管理學系,,73.35,293.38
109,北醫,呼吸治療學系,,67.81,389.89
109,北醫,高齡健康管理學系,,64.43,402.7
109,北醫,牙體技術學系,,73.86,443.13
109,北醫,口腔衛生學系,,67.56,371.59
109,北醫,生物醫學工程學系,生醫工程,76.9,422.95
109,北醫,食品安全學系,,67.08,436.0
110,北醫,醫學系(自費),醫學,87.1,435.5
110,北醫,醫學系(公費),醫學,81.98,409.9
110,北醫,牙醫學系,牙醫,83.54,417.7
110,北醫,藥學系藥學組,藥學,80.89,485.34
110,北醫,藥學系臨床藥學組,藥學,81.57,489.43
110,北醫,醫學檢驗暨生物技術學系,醫檢,77.15,424.33
110,北醫,護理學系,護理,68.1,425.65
110,北醫,保健營養學系,,68.6,514.5
110,北醫,公共衛生學系,公共衛生,68.71,446.63
110,北醫,醫務管理學系,,72.88,291.5
110,北醫,呼吸治療學系,,69.12,328.31
110,北醫,高齡健康管理學系,,63.48,380.88
110,北醫,牙體技術學系,,69.22,415.3
110,北醫,口腔衛生學系,,65.26,358.91
110,北醫,生物醫學工程學系,生醫工程,70.37,387.05
110,北醫,食品安全學系,,64.95,422.18
111,北醫,醫學系(自費),醫學,54.6,273.0
111,北醫,醫學系(公費),醫學,52.6,263.0
111,北醫,牙醫學系,牙醫,52.2,261.0
111,北醫,藥學系藥學組,藥學,50.32,314.5
111,北醫,藥學系臨床藥學組,藥學,51.64,322.75
111,北醫,醫學檢驗暨生物技術學系,醫檢,45.73,251.5
111,北醫,護理學系,護理,34.76,217.25
111,北醫,保健營養學系,,36.13,271.0
111,北醫,公共衛生學系,公共衛生,36.46,237.0
111,北醫,醫務管理學系,,39.35,196.75
111,北醫,呼吸治療學系,,36.1,180.5
111,北醫,高齡健康暨長期照護學系,,25.83,155.0
111,北醫,牙體技術學系,,38.96,233.75
111,北醫,口腔衛生學系,,36.33,163.5
111,北醫,生物醫學工程學系,生醫工程,37.64,263.5
111,北醫,食品安全學系,,32.77,213.0
112,北醫,醫學系(自費),醫學,55.8,279.0
112,北醫,醫學系(公費),醫學,55.0,275.0
112,北醫,牙醫學系,牙醫,53.4,267.0
112,北醫,藥學系藥學組,藥學,50.48,315.5
112,北醫,藥學系臨床藥學組,藥學,50.92,318.25
112,北醫,醫學檢驗暨生物技術學系,醫檢,47.36,260.5
112,北醫,護理學系,護理,42.4,212.0
112,北醫,保健營養學系,,38.77,252.0
112,北醫,公共衛生學系,公共衛生,38.36,211.0
112,北醫,醫務管理學系,,41.2,206.0
112,北醫,呼吸治療學系,,44.5,178.0
112,北醫,高齡健康暨長期照護學系,,38.8,194.0
112,北醫,牙體技術學系,,46.25,231.25
112,北醫,口腔衛生學系,,44.86,157.0
112,北醫,生物醫學工程學系,生醫工程,43.36,238.5
112,北醫,食品安全學系,,39.42,236.5
113,北醫,醫學系(自費),醫學,54.8,274.0
113,北醫,醫學系(公費),醫學,52.2,261.0
113,北醫,牙醫學系,牙醫,54.8,274.0
113,北醫,藥學系藥學組,藥學,52.86,370.0
113,北醫,藥學系臨床藥學組,藥學,53.39,373.75
113,北醫,醫學檢驗暨生物技術學系,醫檢,49.18,270.5
113,北醫,護理學系,護理,43.8,219.0
113,北醫,保健營養學系,,43.31,281.5
113,北醫,公共衛生學系,公共衛生,41.36,227.5
113,北醫,醫務管理學系,,40.05,200.25
113,北醫,呼吸治療學系,,46.19,184.75
113,北醫,高齡健康暨長期照護學系,,39.25,157.0
113,北醫,牙體技術學系,,48.7,243.5
113,北醫,口腔衛生學系,,47.29,165.5
113,北醫,生物醫學工程學系,生醫工程,48.25,193.0
113,北醫,食品安全學系,,42.62,277.0
114,北醫,醫學系(自費),醫學,55.6,278.0
114,北醫,醫學系(公費),醫學,53.2,266.0
114,北醫,牙醫學系,牙醫,55.2,276.0
114,北醫,藥學系藥學組,藥學,52.79,369.5
114,北醫,藥學系臨床藥學組,藥學,53.11,371.75
114,北醫,醫學檢驗暨生物技術學系,醫檢,49.64,273.0
114,北醫,護理學系,護理,43.9,219.5
114,北醫,保健營養學系,,42.77,278.0
114,北醫,公共衛生學系,公共衛生,40.59,172.5
114,北醫,醫務管理學系,,39.85,199.25
114,北醫,呼吸治療學系,,46.88,187.5
114,北醫,高齡健康暨長期照護學系,,43.33,130.0
114,北醫,牙體技術學系,,49.8,249.0
114,北醫,口腔衛生學系,,46.33,139.0
114,北醫,生物醫學工程學系,生醫工程,46.75,187.0
114,北醫,食品安全學系,,42.23,274.5
115,北醫,醫學系,醫學,54.2,271.0
115,北醫,牙醫學系,牙醫,54.6,273.0
115,北醫,藥學系藥學組,藥學,52.07,364.5
115,北醫,藥學系臨床藥學組,藥學,52.71,369.0
115,北醫,醫學檢驗暨生物技術學系,醫檢,48.09,264.5
115,北醫,護理學系,護理,46.75,187.0
115,北醫,保健營養學系,,42.23,274.5
115,北醫,公共衛生學系,公共衛生,41.53,176.5
115,北醫,醫務管理學系,,40.15,200.75
115,北醫,呼吸治療學系,,45.5,182.0
115,北醫,高齡健康暨長期照護學系,,44.0,132.0
115,北醫,牙體技術學系,,48.3,241.5
115,北醫,口腔衛生學系,,46.33,139.0
115,北醫,生物醫學工程學系,生醫工程,47.5,190.0
115,北醫,食品安全學系,,41.0,266.5
101,宜蘭大,外國語文學系,外文,63.86,351.25
101,宜蘭大,應用經濟與管理系應用經濟組,經濟,64.59,355.25
101,宜蘭大,應用經濟與管理學系管理組,經濟,64.31,353.7
101,宜蘭大,土木工程學系,土木工程,49.11,343.75
101,宜蘭大,機械與機電工程學系,機械工程,50.81,381.05
101,宜蘭大,化學工程與材料工程學系,化學工程,52.86,343.6
101,宜蘭大,環境工程學系,,51.27,333.25
101,宜蘭大,生物機電工程學系,,52.03,312.15
101,宜蘭大,食品科學系,,55.61,444.9
101,宜蘭大,生物技術與動物科學系,,56.8,397.6
101,宜蘭大,森林暨自然資源學系,,53.65,375.55
101,宜蘭大,園藝學系,,57.08,285.4
101,宜蘭大,電機工程學系,電機工程,58.02,348.1
101,宜蘭大,電子工程學系,電子工程,52.74,263.7
101,宜蘭大,電資學院學士班,,56.45,225.8
101,宜蘭大,休閒產業與健康促進學系,,59.43,386.3
102,宜蘭大,外國語文學系,外文,66.27,364.5
102,宜蘭大,應用經濟與管理學系應用經濟組,經濟,64.58,371.35
102,宜蘭大,應用經濟與管理學系管理組,經濟,63.62,365.8
102,宜蘭大,休閒產業與健康促進學系,,59.5,357.0
102,宜蘭大,土木工程學系,土木工程,47.48,237.4
102,宜蘭大,機械與機電工程學系,機械工程,46.12,345.9
102,宜蘭大,化學工程與材料工程學系,化學工程,44.38,288.45
102,宜蘭大,環境工程學系,,48.04,264.2
102,宜蘭大,生物機電工程學系,,45.83,297.9
102,宜蘭大,食品科學系,,55.0,440.0
102,宜蘭大,生物技術與動物科學系,,57.99,405.9
102,宜蘭大,森林暨自然資源學系,,51.73,336.25
102,宜蘭大,園藝學系,,56.84,284.2
102,宜蘭大,電機工程學系,電機工程,51.52,309.1
102,宜蘭大,電子工程學系,電子工程,48.28,241.4
102,宜蘭大,資訊工程學系,資訊工程,52.5,210.0
103,宜蘭大,外國語文學系,外文,66.89,367.9
103,宜蘭大,應用經濟與管理學系,經濟,64.98,324.9
103,宜蘭大,休閒產業與健康促進學系,,59.53,327.4
103,宜蘭大,土木工程學系,土木工程,46.18,230.9
103,宜蘭大,機械與機電工程學系,機械工程,45.17,338.75
103,宜蘭大,化學工程與材料工程學系,化學工程,45.88,298.2
103,宜蘭大,環境工程學系,,47.06,258.85
103,宜蘭大,生物機電工程學系,,43.78,175.1
103,宜蘭大,食品科學系,,53.06,424.5
103,宜蘭大,生物技術與動物科學系,,53.2,319.2
103,宜蘭大,森林暨自然資源學系,,46.15,300.0
103,宜蘭大,園藝學系,,53.0,265.0
103,宜蘭大,電機工程學系,電機工程,51.48,205.9
103,宜蘭大,電子工程學系,電子工程,45.31,226.55
103,宜蘭大,資訊工程學系,資訊工程,50.6,202.4
104,宜蘭大,外國語文學系,外文,61.81,339.95
104,宜蘭大,應用經濟與管理學系,經濟,59.14,295.7
104,宜蘭大,休閒產業與健康促進學系,,56.0,308.0
104,宜蘭大,土木工程學系,土木工程,44.0,220.0
104,宜蘭大,機械與機電工程學系,機械工程,40.71,305.35
104,宜蘭大,化學工程與材料工程學系,化學工程,42.8,278.2
104,宜蘭大,環境工程學系,,43.44,238.9
104,宜蘭大,生物機電工程學系,,43.19,194.35
104,宜蘭大,食品科學系,,48.85,341.95
104,宜蘭大,生物技術與動物科學系,,48.5,266.75
104,宜蘭大,森林暨自然資源學系,,43.59,283.35
104,宜蘭大,園藝學系,,51.48,257.4
104,宜蘭大,電機工程學系,電機工程,46.85,187.4
104,宜蘭大,電子工程學系,電子工程,42.52,212.6
104,宜蘭大,資訊工程學系,資訊工程,44.38,221.9
105,宜蘭大,外國語文學系,外文,57.59,316.75
105,宜蘭大,應用經濟與管理學系,經濟,56.72,283.6
105,宜蘭大,休閒產業與健康促進學系,,53.18,345.65
105,宜蘭大,土木工程學系,土木工程,47.44,237.2
105,宜蘭大,機械與機電工程學系,機械工程,39.09,293.15
105,宜蘭大,化學工程與材料工程學系,化學工程,41.38,269.0
105,宜蘭大,環境工程學系,,40.97,225.35
105,宜蘭大,生物機電工程學系,,41.8,229.9
105,宜蘭大,食品科學系,,47.79,334.5
105,宜蘭大,生物技術與動物科學系,,50.54,252.7
105,宜蘭大,森林暨自然資源學系,,41.22,267.9
105,宜蘭大,園藝學系,,46.74,233.7
105,宜蘭大,電機工程學系,電機工程,46.23,184.9
105,宜蘭大,電子工程學系,電子工程,41.91,209.55
105,宜蘭大,資訊工程學系,資訊工程,46.34,231.7
106,宜蘭大,外國語文學系,外文,60.25,331.4
106,宜蘭大,應用經濟與管理學系,經濟,60.36,301.8
106,宜蘭大,休閒產業與健康促進學系,,56.34,366.2
106,宜蘭大,土木工程學系,土木工程,44.4,222.0
106,宜蘭大,機械與機電工程學系,機械工程,38.06,190.3
106,宜蘭大,化學工程與材料工程學系,化學工程,40.78,265.1
106,宜蘭大,環境工程學系,,39.93,219.6
106,宜蘭大,生物機電工程學系,,40.43,262.8
106,宜蘭大,食品科學系,,47.21,330.5
106,宜蘭大,生物技術與動物科學系,,49.18,245.9
106,宜蘭大,森林暨自然資源學系,,40.6,263.9
106,宜蘭大,園藝學系,,46.6,233.0
106,宜蘭大,電機工程學系,電機工程,47.0,188.0
106,宜蘭大,電子工程學系,電子工程,43.81,219.05
106,宜蘭大,資訊工程學系,資訊工程,47.98,239.9
107,宜蘭大,外國語文學系,外文,62.55,344.0
107,宜蘭大,應用經濟與管理學系,經濟,58.46,233.85
107,宜蘭大,休閒產業與健康促進學系,,58.37,379.43
107,宜蘭大,土木工程學系,土木工程,52.52,262.6
107,宜蘭大,機械與機電工程學系,機械工程,46.28,231.4
107,宜蘭大,化學工程與材料工程學系,化學工程,45.22,293.95
107,宜蘭大,環境工程學系,,46.53,255.9
107,宜蘭大,生物機電工程學系,,48.5,315.25
107,宜蘭大,食品科學系,,48.29,289.75
107,宜蘭大,生物技術與動物科學系,,50.98,254.9
107,宜蘭大,森林暨自然資源學系,,42.48,276.15
107,宜蘭大,園藝學系,,49.79,248.95
107,宜蘭大,電機工程學系,電機工程,57.14,228.55
107,宜蘭大,電子工程學系,電子工程,51.79,258.93
107,宜蘭大,資訊工程學系,資訊工程,55.66,278.3
108,宜蘭大,外國語文學系,外文,68.64,377.5
108,宜蘭大,應用經濟與管理學系,經濟,65.95,263.8
108,宜蘭大,休閒產業與健康促進學系,,61.76,401.43
108,宜蘭大,土木工程學系,土木工程,61.86,309.3
108,宜蘭大,機械與機電工程學系,機械工程,54.15,270.75
108,宜蘭大,化學工程與材料工程學系,化學工程,53.48,347.65
108,宜蘭大,環境工程學系,,55.92,307.55
108,宜蘭大,生物機電工程學系,,56.51,367.3
108,宜蘭大,食品科學系,,58.64,351.85
108,宜蘭大,生物技術與動物科學系,,62.75,313.75
108,宜蘭大,森林暨自然資源學系,,54.92,302.05
108,宜蘭大,園藝學系,,58.32,291.6
108,宜蘭大,電機工程學系,電機工程,61.1,244.4
108,宜蘭大,電子工程學系,電子工程,57.57,287.83
108,宜蘭大,資訊工程學系,資訊工程,60.82,304.1
109,宜蘭大,外國語文學系,外文,63.82,351.0
109,宜蘭大,應用經濟與管理學系,經濟,54.98,219.9
109,宜蘭大,休閒產業與健康促進學系,,53.82,349.85
109,宜蘭大,土木工程學系,土木工程,49.42,247.1
109,宜蘭大,機械與機電工程學系,機械工程,45.81,229.05
109,宜蘭大,化學工程與材料工程學系,化學工程,43.92,285.5
109,宜蘭大,環境工程學系,,48.3,265.65
109,宜蘭大,生物機電工程學系,,46.55,302.55
109,宜蘭大,食品科學系,,50.78,304.65
109,宜蘭大,生物技術與動物科學系,,54.55,272.75
109,宜蘭大,森林暨自然資源學系,,47.07,258.9
109,宜蘭大,園藝學系,,48.18,240.88
109,宜蘭大,電機工程學系,電機工程,51.54,206.15
109,宜蘭大,電子工程學系,電子工程,49.03,245.13
109,宜蘭大,資訊工程學系,資訊工程,54.7,273.5
110,宜蘭大,外國語文學系,外文,60.07,330.4
110,宜蘭大,應用經濟與管理學系,經濟,53.23,292.78
110,宜蘭大,休閒產業與健康促進學系,,50.64,278.5
110,宜蘭大,土木工程學系,土木工程,38.16,190.8
110,宜蘭大,機械與機電工程學系,機械工程,36.35,145.4
110,宜蘭大,化學工程與材料工程學系,化學工程,28.33,155.8
110,宜蘭大,環境工程學系,,37.34,205.35
110,宜蘭大,生物機電工程學系,,33.63,218.6
110,宜蘭大,食品科學系,,37.75,226.5
110,宜蘭大,生物技術與動物科學系,,48.49,242.45
110,宜蘭大,森林暨自然資源學系,,34.89,191.88
110,宜蘭大,園藝學系,,44.98,224.9
110,宜蘭大,電機工程學系,電機工程,44.78,212.7
110,宜蘭大,電子工程學系,電子工程,41.97,209.85
110,宜蘭大,資訊工程學系,資訊工程,50.14,250.7
111,宜蘭大,外國語文學系,外文,33.27,183.0
111,宜蘭大,應用經濟與管理學系,經濟,27.4,137.0
111,宜蘭大,休閒產業與健康促進學系,,25.36,139.5
111,宜蘭大,土木工程學系,土木工程,11.17,67.0
111,宜蘭大,機械與機電工程學系,機械工程,19.25,77.0
111,宜蘭大,化學工程與材料工程學系,化學工程,9.36,51.5
111,宜蘭大,環境工程學系,,12.45,68.5
111,宜蘭大,生物機電工程學系,,16.25,65.0
111,宜蘭大,食品科學系,,16.17,97.0
111,宜蘭大,生物技術與動物科學系,,19.2,96.0
111,宜蘭大,森林暨自然資源學系,,17.45,96.0
111,宜蘭大,園藝學系,,19.4,97.0
111,宜蘭大,電機工程學系,電機工程,26.8,134.0
111,宜蘭大,電子工程學系,電子工程,23.7,118.5
111,宜蘭大,資訊工程學系,資訊工程,28.8,144.0
112,宜蘭大,外國語文學系,外文,39.22,176.5
112,宜蘭大,應用經濟與管理學系,經濟,31.6,158.0
112,宜蘭大,休閒產業與健康促進學系,,28.36,156.0
112,宜蘭大,土木工程學系,土木工程,29.33,132.0
112,宜蘭大,機械與機電工程學系,機械工程,28.5,114.0
112,宜蘭大,化學工程與材料工程學系,化學工程,22.82,125.5
112,宜蘭大,環境工程學系,,25.74,148.0
112,宜蘭大,生物機電工程學系,,26.25,105.0
112,宜蘭大,食品科學系,,26.0,156.0
112,宜蘭大,生物技術與動物科學系,,27.0,108.0
112,宜蘭大,森林暨自然資源學系,,28.1,140.5
112,宜蘭大,園藝學系,,28.0,84.0
112,宜蘭大,電機工程學系,電機工程,33.6,168.0
112,宜蘭大,電子工程學系,電子工程,32.0,176.0
112,宜蘭大,資訊工程學系,資訊工程,35.2,176.0
113,宜蘭大,外國語文學系,外文,30.89,139.0
113,宜蘭大,應用經濟與管理學系,經濟,28.3,141.5
113,宜蘭大,休閒產業與健康促進學系,,31.67,142.5
113,宜蘭大,土木工程學系,土木工程,29.67,133.5
113,宜蘭大,機械與機電工程學系,機械工程,31.0,124.0
113,宜蘭大,化學工程與材料工程學系,化學工程,26.45,145.5
113,宜蘭大,環境工程學系,,31.0,186.0
113,宜蘭大,生物機電工程學系,,30.25,121.0
113,宜蘭大,食品科學系,,29.67,178.0
113,宜蘭大,生物技術與動物科學系,,30.0,120.0
113,宜蘭大,森林暨自然資源學系,,29.0,145.0
113,宜蘭大,園藝學系,,31.0,93.0
113,宜蘭大,電機工程學系,電機工程,35.0,175.0
113,宜蘭大,電子工程學系,電子工程,32.82,180.5
113,宜蘭大,資訊工程學系,資訊工程,36.0,162.0
114,宜蘭大,外國語文學系,外文,28.0,126.0
114,宜蘭大,應用經濟與管理學系,經濟,26.2,131.0
114,宜蘭大,休閒產業與健康促進學系,,28.44,128.0
114,宜蘭大,土木工程學系,土木工程,30.11,135.5
114,宜蘭大,機械與機電工程學系,機械工程,31.78,143.0
114,宜蘭大,化學工程與材料工程學系,化學工程,29.36,161.5
114,宜蘭大,環境工程學系,,30.83,185.0
114,宜蘭大,生物機電工程學系,,31.5,126.0
114,宜蘭大,食品科學系,,30.67,184.0
114,宜蘭大,生物技術與動物科學系,,29.2,146.0
114,宜蘭大,森林暨自然資源學系,,31.75,127.0
114,宜蘭大,園藝學系,,28.5,114.0
114,宜蘭大,電機工程學系,電機工程,34.6,173.0
114,宜蘭大,電子工程學系,電子工程,33.2,166.0
114,宜蘭大,資訊工程學系,資訊工程,35.89,161.5
115,宜蘭大,外國語文學系,外文,31.11,140.0
115,宜蘭大,應用經濟與管理學系,經濟,33.0,132.0
115,宜蘭大,休閒產業與健康促進學系,,29.44,132.5
115,宜蘭大,土木工程學系,土木工程,29.1,145.5
115,宜蘭大,機械與機電工程學系,機械工程,31.22,140.5
115,宜蘭大,化學工程與材料工程學系,化學工程,29.18,160.5
115,宜蘭大,環境工程學系,,31.33,188.0
115,宜蘭大,生物機電工程學系,,30.5,122.0
115,宜蘭大,食品科學系,,30.5,183.0
115,宜蘭大,生物技術與動物科學系,,28.0,140.0
115,宜蘭大,森林暨自然資源學系,,28.0,112.0
115,宜蘭大,園藝學系,,27.5,110.0
115,宜蘭大,電機工程學系,電機工程,33.2,166.0
115,宜蘭大,電子工程學系,電子工程,31.6,158.0
115,宜蘭大,資訊工程學系,資訊工程,33.56,151.0
101,聯合大,機械工程學系,機械工程,51.54,360.8
101,聯合大,化學工程學系,化學工程,50.19,401.5
101,聯合大,材料科學工程學系,材料,55.45,443.6
101,聯合大,環境與安全衛生工程系(甲組),,53.08,265.4
101,聯合大,環境與安全衛生工程系(乙組),,55.5,277.5
101,聯合大,土木與防災工程學系,土木工程,50.9,394.45
101,聯合大,建築學系,建築,54.91,315.75
101,聯合大,工業設計學系(自然組),,58.48,321.65
101,聯合大,工業設計學系(社會組),,64.22,353.2
101,聯合大,能源工程學系,,51.4,411.2
101,聯合大,電機工程學系,電機工程,54.33,407.5
101,聯合大,電子工程學系,電子工程,50.54,404.3
101,聯合大,光電工程學系,光電,57.91,318.5
101,聯合大,資訊工程學系,資訊工程,56.0,336.0
101,聯合大,經營管理學系,,64.9,324.5
101,聯合大,財務金融學系,財務金融,66.01,330.05
101,聯合大,資訊管理學系,資訊管理,65.61,377.25
101,聯合大,台灣語文與傳播學系,新聞傳播,57.43,402.0
101,聯合大,華語文學系,,56.52,367.4
102,聯合大,機械工程學系,機械工程,44.19,353.5
102,聯合大,化學工程學系,化學工程,41.39,331.1
102,聯合大,材料科學工程學系,材料,46.0,368.0
102,聯合大,環境與安全衛生工程學系(甲組),,45.36,226.8
102,聯合大,環境與安全衛生工程學系(乙組),,57.24,286.2
102,聯合大,土木與防災工程學系,土木工程,44.21,342.65
102,聯合大,建築學系,建築,55.65,319.98
102,聯合大,工業設計學系,,62.18,342.0
102,聯合大,能源工程學系,,40.9,327.2
102,聯合大,電機工程學系,電機工程,45.99,321.9
102,聯合大,電子工程學系(甲組),電子工程,46.25,185.0
102,聯合大,電子工程學系(乙組),電子工程,45.43,181.7
102,聯合大,光電工程學系,光電,49.03,269.65
102,聯合大,資訊工程學系,資訊工程,50.42,302.5
102,聯合大,經營管理學系,,61.7,308.5
102,聯合大,財務金融學系,財務金融,62.17,310.85
102,聯合大,資訊管理學系,資訊管理,62.6,359.93
102,聯合大,台灣語文與傳播學系,新聞傳播,59.4,415.8
102,聯合大,華語文學系,,56.46,395.2
102,聯合大,文化觀光產業學系,,59.61,417.3
103,聯合大,機械工程學系,機械工程,42.16,337.3
103,聯合大,化學工程學系,化學工程,42.5,297.5
103,聯合大,材料科學工程學系,材料,44.78,358.2
103,聯合大,環境與安全衛生工程學系(甲組),,45.34,226.7
103,聯合大,環境與安全衛生工程學系(乙組),,47.88,239.4
103,聯合大,土木與防災工程學系,土木工程,41.7,323.15
103,聯合大,建築學系,建築,54.21,311.68
103,聯合大,工業設計學系,,61.64,339.0
103,聯合大,能源工程學系,,41.18,329.4
103,聯合大,電機工程學系,電機工程,46.36,347.7
103,聯合大,電子工程學系,電子工程,0.0,177.2
103,聯合大,電子工程學系,電子工程,0.0,181.6
103,聯合大,光電工程學系,光電,45.84,252.1
103,聯合大,資訊工程學系,資訊工程,46.72,280.3
103,聯合大,經營管理學系,,59.58,297.9
103,聯合大,財務金融學系,財務金融,62.29,311.45
103,聯合大,資訊管理學系,資訊管理,60.06,345.35
103,聯合大,台灣語文與傳播學系,新聞傳播,59.31,415.2
103,聯合大,華語文學系,,56.8,397.6
103,聯合大,文化觀光產業學系,,59.27,414.9
104,聯合大,機械工程學系,機械工程,37.89,303.1
104,聯合大,化學工程學系,化學工程,41.14,288.0
104,聯合大,材料科學工程學系,材料,38.79,310.3
104,聯合大,環境與安全衛生工程學系(甲組),,41.8,229.9
104,聯合大,環境與安全衛生工程學系(乙組),,45.56,250.6
104,聯合大,土木與防災工程學系,土木工程,37.28,288.95
104,聯合大,能源工程學系,,37.31,298.5
104,聯合大,建築學系,建築,47.79,274.8
104,聯合大,工業設計學系,,49.93,274.6
104,聯合大,電機工程學系,電機工程,39.2,294.0
104,聯合大,電子工程學系(甲組),電子工程,39.51,276.6
104,聯合大,電子工程學系(乙組),電子工程,40.2,281.4
104,聯合大,光電工程學系,光電,40.73,224.0
104,聯合大,資訊工程學系,資訊工程,39.6,237.6
104,聯合大,經營管理學系,,48.1,240.5
104,聯合大,財務金融學系,財務金融,53.59,267.95
104,聯合大,資訊管理學系,資訊管理,50.17,288.45
104,聯合大,台灣語文與傳播學系,新聞傳播,56.77,397.4
104,聯合大,華語文學系,,55.6,389.2
104,聯合大,文化觀光產業學系,,53.06,371.4
104,聯合大,文化創意與數位行銷學系,,45.68,228.4
105,聯合大,機械工程學系,機械工程,34.73,277.8
105,聯合大,化學工程學系,化學工程,39.11,273.8
105,聯合大,材料科學工程學系,材料,37.44,299.5
105,聯合大,環境與安全衛生工程學系(甲組),,39.26,215.95
105,聯合大,環境與安全衛生工程學系(乙組),,44.52,244.85
105,聯合大,土木與防災工程學系,土木工程,35.3,211.8
105,聯合大,能源工程學系,,33.09,264.7
105,聯合大,建築學系,建築,44.79,257.55
105,聯合大,工業設計學系,,49.53,272.4
105,聯合大,電機工程學系,電機工程,36.35,272.6
105,聯合大,電子工程學系(甲組),電子工程,35.11,245.8
105,聯合大,電子工程學系(乙組),電子工程,35.29,247.0
105,聯合大,光電工程學系,光電,34.51,189.8
105,聯合大,資訊工程學系,資訊工程,39.55,237.3
105,聯合大,經營管理學系,,48.68,243.4
105,聯合大,財務金融學系,財務金融,53.46,267.3
105,聯合大,資訊管理學系,資訊管理,51.18,294.3
105,聯合大,臺灣語文與傳播學系,新聞傳播,49.71,348.0
105,聯合大,華語文學系,,49.69,347.8
105,聯合大,文化觀光產業學系,,49.47,346.3
105,聯合大,文化創意與數位行銷學系,,56.58,452.6
106,聯合大,機械工程學系,機械工程,34.05,272.4
106,聯合大,化學工程學系,化學工程,38.09,266.6
106,聯合大,材料科學工程學系,材料,36.89,239.8
106,聯合大,環境與安全衛生工程學系(甲組),,36.97,203.35
106,聯合大,環境與安全衛生工程學系(乙組),,41.6,228.8
106,聯合大,土木與防災工程學系,土木工程,35.8,214.8
106,聯合大,能源工程學系,,31.61,252.9
106,聯合大,建築學系,建築,43.8,251.85
106,聯合大,工業設計學系(自然組),,37.65,207.1
106,聯合大,工業設計學系(社會組),,53.53,294.4
106,聯合大,電機工程學系,電機工程,37.86,132.5
106,聯合大,電子工程學系(甲組),電子工程,37.14,260.0
106,聯合大,電子工程學系(乙組),電子工程,35.54,248.8
106,聯合大,光電工程學系,光電,34.91,209.45
106,聯合大,資訊工程學系(A組),資訊工程,41.78,240.23
106,聯合大,資訊工程學系(B組),資訊工程,51.17,294.23
106,聯合大,經營管理學系,,47.8,239.0
106,聯合大,財務金融學系,財務金融,54.67,273.35
106,聯合大,資訊管理學系,資訊管理,50.53,290.53
106,聯合大,臺灣語文與傳播學系,新聞傳播,54.8,383.6
106,聯合大,華語文學系,,50.69,354.8
106,聯合大,文化觀光產業學系,,51.89,363.2
106,聯合大,文化創意與數位行銷學系,,58.31,466.5
107,聯合大,機械工程學系,機械工程,41.97,314.8
107,聯合大,化學工程學系,化學工程,42.2,295.4
107,聯合大,材料科學工程學系,材料,42.94,214.7
107,聯合大,環境與安全衛生工程學系(甲組),,42.26,232.45
107,聯合大,環境與安全衛生工程學系(乙組),,49.83,274.05
107,聯合大,土木與防災工程學系,土木工程,42.14,252.85
107,聯合大,能源工程學系,,42.71,341.7
107,聯合大,建築學系,建築,49.72,285.9
107,聯合大,工業設計學系(自然組),,46.47,255.6
107,聯合大,工業設計學系(社會組),,53.53,294.4
107,聯合大,電機工程學系,電機工程,47.54,166.38
107,聯合大,電子工程學系(甲組),電子工程,47.49,332.45
107,聯合大,電子工程學系(乙組),電子工程,43.42,303.95
107,聯合大,光電工程學系,光電,43.75,262.5
107,聯合大,資訊工程學系(A組),資訊工程,52.96,304.5
107,聯合大,資訊工程學系(B組),資訊工程,55.62,319.8
107,聯合大,經營管理學系,,52.76,263.8
107,聯合大,財務金融學系,財務金融,55.79,278.93
107,聯合大,資訊管理學系,資訊管理,53.52,307.75
107,聯合大,臺灣語文與傳播學系,新聞傳播,52.84,369.9
107,聯合大,華語文學系,,47.87,335.1
107,聯合大,文化觀光產業學系,,50.17,351.2
107,聯合大,文化創意與數位行銷學系,,57.22,457.75
108,聯合大,機械工程學系,機械工程,53.49,401.2
108,聯合大,化學工程學系,化學工程,52.69,368.8
108,聯合大,材料科學工程學系,材料,54.07,270.35
108,聯合大,環境與安全衛生工程學系(甲組),,53.53,294.4
108,聯合大,環境與安全衛生工程學系(乙組),,59.93,329.6
108,聯合大,土木與防災工程學系,土木工程,53.54,374.8
108,聯合大,能源工程學系,,48.45,387.6
108,聯合大,建築學系,建築,58.77,337.9
108,聯合大,工業設計學系(自然組),,57.49,316.2
108,聯合大,工業設計學系(社會組),,63.05,346.8
108,聯合大,電機工程學系,電機工程,53.82,188.38
108,聯合大,電子工程學系(甲組)(男),電子工程,56.83,397.8
108,聯合大,電子工程學系(甲組)(女),電子工程,54.28,379.95
108,聯合大,電子工程學系(乙組)(男),電子工程,56.74,397.15
108,聯合大,電子工程學系(乙組)(女),電子工程,57.08,399.55
108,聯合大,光電工程學系,光電,56.1,336.6
108,聯合大,資訊工程學系(A組),資訊工程,60.61,348.5
108,聯合大,資訊工程學系(B組),資訊工程,67.37,387.4
108,聯合大,經營管理學系,,59.9,299.5
108,聯合大,財務金融學系,財務金融,62.08,310.4
108,聯合大,資訊管理學系,資訊管理,65.96,379.25
108,聯合大,臺灣語文與傳播學系,新聞傳播,60.26,421.8
108,聯合大,華語文學系,,59.58,327.7
108,聯合大,文化觀光產業學系,,58.3,349.8
108,聯合大,文化創意與數位行銷學系,,67.94,543.5
109,聯合大,機械工程學系,機械工程,46.65,256.6
109,聯合大,化學工程學系,化學工程,46.6,326.2
109,聯合大,材料科學工程學系,材料,47.09,235.45
109,聯合大,環境與安全衛生工程學系,,45.33,249.3
109,聯合大,土木與防災工程學系,土木工程,40.39,282.7
109,聯合大,能源工程學系,,45.03,360.2
109,聯合大,建築學系,建築,49.43,284.2
109,聯合大,工業設計學系(自然組),,52.2,287.1
109,聯合大,工業設計學系(社會組),,55.87,307.3
109,聯合大,電機工程學系,電機工程,45.18,158.13
109,聯合大,電子工程學系(甲組),電子工程,46.33,277.95
109,聯合大,電子工程學系(乙組),電子工程,46.7,280.2
109,聯合大,光電工程學系,光電,44.33,266.0
109,聯合大,資訊工程學系(A組),資訊工程,51.13,294.0
109,聯合大,資訊工程學系(B組),資訊工程,60.85,349.9
109,聯合大,經營管理學系,,48.7,243.5
109,聯合大,財務金融學系,財務金融,51.89,259.45
109,聯合大,資訊管理學系,資訊管理,56.39,324.26
109,聯合大,臺灣語文與傳播學系,新聞傳播,55.33,387.3
109,聯合大,華語文學系,,53.85,296.15
109,聯合大,文化觀光產業學系,,53.63,321.8
109,聯合大,文化創意與數位行銷學系,,64.96,519.65
110,聯合大,機械工程學系,機械工程,35.53,195.4
110,聯合大,化學工程學系,化學工程,31.59,221.15
110,聯合大,材料科學工程學系,材料,32.12,160.6
110,聯合大,環境與安全衛生工程學系,,37.47,206.1
110,聯合大,土木與防災工程學系,土木工程,35.15,228.45
110,聯合大,能源工程學系,,29.86,238.85
110,聯合大,建築學系,建築,39.67,228.1
110,聯合大,工業設計學系(自然組),,39.73,218.5
110,聯合大,工業設計學系(社會組),,50.2,276.1
110,聯合大,電機工程學系,電機工程,35.85,143.4
110,聯合大,電子工程學系(甲組),電子工程,39.45,236.7
110,聯合大,電子工程學系(乙組),電子工程,38.93,233.6
110,聯合大,光電工程學系,光電,34.31,205.85
110,聯合大,資訊工程學系(A組),資訊工程,47.11,270.9
110,聯合大,資訊工程學系(B組),資訊工程,58.35,335.5
110,聯合大,經營管理學系,,47.97,239.86
110,聯合大,財務金融學系,財務金融,52.68,263.38
110,聯合大,資訊管理學系,資訊管理,52.53,302.03
110,聯合大,臺灣語文與傳播學系,新聞傳播,54.33,380.3
110,聯合大,華語文學系,,49.95,274.7
110,聯合大,文化觀光產業學系,,50.1,250.5
110,聯合大,文化創意與數位行銷學系,,63.48,507.8
111,聯合大,機械工程學系,機械工程,16.82,92.5
111,聯合大,化學工程學系,化學工程,14.5,116.0
111,聯合大,材料科學工程學系,材料,11.5,46.0
111,聯合大,環境與安全衛生工程學系,,15.55,85.5
111,聯合大,土木與防災工程學系,土木工程,17.31,112.5
111,聯合大,能源工程學系,,11.38,91.0
111,聯合大,建築學系,建築,24.05,114.25
111,聯合大,工業設計學系(自然組),,15.77,102.5
111,聯合大,工業設計學系(社會組),,28.77,187.0
111,聯合大,電機工程學系,電機工程,19.13,76.5
111,聯合大,電子工程學系(甲組),電子工程,19.83,119.0
111,聯合大,電子工程學系(乙組),電子工程,17.75,106.5
111,聯合大,光電工程學系,光電,15.0,90.0
111,聯合大,資訊工程學系(A組),資訊工程,25.33,171.0
111,聯合大,資訊工程學系(B組),資訊工程,24.43,140.5
111,聯合大,經營管理學系,,21.2,106.0
111,聯合大,財務金融學系,財務金融,28.4,142.0
111,聯合大,資訊管理學系,資訊管理,26.89,181.5
111,聯合大,臺灣語文與傳播學系,新聞傳播,29.09,160.0
111,聯合大,華語文學系,,23.55,129.5
111,聯合大,文化觀光產業學系,,22.2,111.0
111,聯合大,文化創意與數位行銷學系,,28.2,141.0
112,聯合大,工業設計學系(自然組),,30.0,150.0
112,聯合大,機械工程學系,機械工程,28.2,141.0
112,聯合大,化學工程學系,化學工程,27.43,192.0
112,聯合大,材料科學工程學系,材料,24.25,97.0
112,聯合大,環境與安全衛生工程學系,,24.0,84.0
112,聯合大,土木與防災工程學系,土木工程,28.38,113.5
112,聯合大,能源工程學系,,22.33,67.0
112,聯合大,建築學系,建築,26.96,155.0
112,聯合大,工業設計學系(社會組),,29.67,178.0
112,聯合大,電機工程學系,電機工程,29.63,118.5
112,聯合大,電子工程學系(甲組),電子工程,30.83,185.0
112,聯合大,電子工程學系(乙組),電子工程,29.42,176.5
112,聯合大,光電工程學系,光電,25.42,152.5
112,聯合大,資訊工程學系(A組),資訊工程,30.85,208.25
112,聯合大,資訊工程學系(B組),資訊工程,31.3,180.0
112,聯合大,經營管理學系,,25.2,126.0
112,聯合大,財務金融學系,財務金融,30.1,150.5
112,聯合大,資訊管理學系,資訊管理,29.74,200.75
112,聯合大,臺灣語文與傳播學系,新聞傳播,27.55,151.5
112,聯合大,華語文學系,,33.5,134.0
112,聯合大,文化觀光產業學系,,28.0,140.0
112,聯合大,文化創意與數位行銷學系,,34.4,172.0
113,聯合大,機械工程學系,機械工程,30.0,120.0
113,聯合大,化學工程學系,化學工程,29.86,209.0
113,聯合大,材料科學工程學系,材料,29.4,147.0
113,聯合大,環境與安全衛生工程學系,,28.71,100.5
113,聯合大,土木與防災工程學系,土木工程,28.13,112.5
113,聯合大,能源工程學系,,25.0,75.0
113,聯合大,建築學系,建築,31.1,155.5
113,聯合大,工業設計學系(自然組),,34.8,174.0
113,聯合大,工業設計學系(社會組),,28.33,170.0
113,聯合大,電機工程學系,電機工程,30.5,122.0
113,聯合大,電子工程學系(甲組),電子工程,32.33,194.0
113,聯合大,電子工程學系(乙組),電子工程,31.83,191.0
113,聯合大,光電工程學系,光電,29.92,179.5
113,聯合大,資訊工程學系(A組),資訊工程,33.0,222.75
113,聯合大,資訊工程學系(B組),資訊工程,34.0,195.5
113,聯合大,經營管理學系,,22.8,114.0
113,聯合大,財務金融學系,財務金融,26.8,134.0
113,聯合大,資訊管理學系,資訊管理,28.37,191.5
113,聯合大,臺灣語文與傳播學系,新聞傳播,18.09,99.5
113,聯合大,華語文學系,,19.0,76.0
113,聯合大,文化觀光產業學系,,18.2,91.0
113,聯合大,文化創意與數位行銷學系,,29.0,145.0
114,聯合大,機械工程學系,機械工程,28.8,144.0
114,聯合大,化學工程學系,化學工程,29.71,208.0
114,聯合大,材料科學工程學系,材料,30.6,153.0
114,聯合大,環境與安全衛生工程學系,,28.43,99.5
114,聯合大,土木與防災工程學系,土木工程,27.75,111.0
114,聯合大,能源工程學系,,26.33,79.0
114,聯合大,建築學系,建築,31.22,140.5
114,聯合大,工業設計學系,,24.0,144.0
114,聯合大,電機工程學系,電機工程,29.5,118.0
114,聯合大,電子工程學系(甲組),電子工程,31.92,191.5
114,聯合大,電子工程學系(乙組),電子工程,31.42,188.5
114,聯合大,光電工程學系,光電,27.83,167.0
114,聯合大,資訊工程學系,資訊工程,32.43,186.5
114,聯合大,經營管理學系,,22.8,114.0
114,聯合大,財務金融學系,財務金融,25.1,125.5
114,聯合大,資訊管理學系,資訊管理,30.3,174.25
114,聯合大,臺灣語文與傳播學系,新聞傳播,19.91,109.5
114,聯合大,華語文學系,,23.0,92.0
114,聯合大,文化觀光產業學系,,23.8,119.0
114,聯合大,文化創意與數位行銷學系,,30.0,150.0
115,聯合大,機械工程學系,機械工程,31.2,156.0
115,聯合大,化學工程學系,化學工程,30.43,213.0
115,聯合大,材料科學工程學系,材料,31.8,159.0
115,聯合大,環境與安全衛生工程學系,,28.86,101.0
115,聯合大,土木與防災工程學系,土木工程,31.0,124.0
115,聯合大,能源工程學系,,27.0,81.0
115,聯合大,建築學系,建築,31.56,142.0
115,聯合大,工業設計學系,,24.83,149.0
115,聯合大,電機工程學系,電機工程,30.9,154.5
115,聯合大,電子工程學系(甲組),電子工程,32.33,194.0
115,聯合大,電子工程學系(乙組),電子工程,31.92,191.5
115,聯合大,光電工程學系A組(光電半導體組),光電,26.09,143.5
115,聯合大,光電工程學系B組(智慧光電應用組),光電,27.36,150.5
115,聯合大,資訊工程學系,資訊工程,30.7,176.5
115,聯合大,經營管理學系,,22.8,114.0
115,聯合大,財務金融學系,財務金融,24.2,121.0
115,聯合大,資訊管理學系,資訊管理,23.39,134.5
115,聯合大,臺灣語文與傳播學系,新聞傳播,24.82,136.5
115,聯合大,華語文學系,,28.25,113.0
115,聯合大,文化觀光產業學系,,25.4,127.0
115,聯合大,文化創意與數位行銷學系,,32.4,162.0
101,金門大,應用英語學系,外文,54.51,381.6
101,金門大,運動與休閒學系,,55.78,348.65
101,金門大,企業管理學系,企業管理,58.27,451.63
101,金門大,電子工程學系,電子工程,44.73,313.1
101,金門大,食品科學系,,51.31,333.5
101,金門大,土木與工程管理學系,土木工程,43.15,280.5
101,金門大,觀光管理學系,,55.87,419.0
101,金門大,資訊工程學系,資訊工程,44.05,264.3
101,金門大,建築學系,建築,46.2,311.85
101,金門大,國際暨大陸事務學系,,55.42,360.25
101,金門大,華語文學系,,53.06,344.9
101,金門大,海洋與邊境管理學系,,59.91,389.4
101,金門大,工業工程與管理學系,工業工程,42.4,286.18
102,金門大,應用英語學系,外文,58.14,407.0
102,金門大,運動與休閒學系,,56.18,351.13
102,金門大,企業管理學系,企業管理,56.77,440.0
102,金門大,電子工程學系,電子工程,38.73,271.1
102,金門大,食品科學系,,51.61,335.45
102,金門大,土木與工程管理學系,土木工程,41.58,280.65
102,金門大,觀光管理學系,,55.97,419.8
102,金門大,資訊工程學系,資訊工程,41.02,246.1
102,金門大,建築學系,建築,46.84,316.15
102,金門大,國際暨大陸事務學系,,59.02,383.6
102,金門大,華語文學系,,54.74,355.8
102,金門大,海洋與邊境管理學系,,60.98,472.63
102,金門大,工業工程與管理學系,工業工程,52.28,300.63
102,金門大,都市計畫與景觀學系,,39.08,254.0
102,金門大,社會工作學系,社會工作,57.56,316.6
102,金門大,長期照護學系,,56.96,284.8
102,金門大,護理學系,護理,48.9,366.75
103,金門大,應用英語學系,外文,59.47,327.1
103,金門大,運動與休閒學系,,57.35,358.45
103,金門大,企業管理學系,企業管理,55.95,433.6
103,金門大,電子工程學系,電子工程,37.39,261.7
103,金門大,食品科學系,,47.08,306.05
103,金門大,土木與工程管理學系,土木工程,37.2,251.1
103,金門大,觀光管理學系,,56.03,420.2
103,金門大,資訊工程學系,資訊工程,41.88,198.93
103,金門大,建築學系,建築,47.53,320.8
103,金門大,國際暨大陸事務學系,,60.74,394.8
103,金門大,華語文學系,,55.61,305.85
103,金門大,海洋與邊境管理學系,,63.4,491.33
103,金門大,工業工程與管理學系,工業工程,50.77,291.93
103,金門大,都市計畫與景觀學系,,51.96,272.8
103,金門大,社會工作學系,社會工作,53.78,295.8
103,金門大,長期照護學系,,51.69,348.9
103,金門大,護理學系,護理,48.61,364.55
104,金門大,應用英語學系,外文,34.59,190.25
104,金門大,運動與休閒學系,,43.02,225.83
104,金門大,企業管理學系,企業管理,49.62,384.53
104,金門大,電子工程學系,電子工程,32.44,186.53
104,金門大,食品科學系,,41.85,272.0
104,金門大,土木與工程管理學系,土木工程,31.95,215.65
104,金門大,觀光管理學系,,50.85,381.4
104,金門大,資訊工程學系,資訊工程,33.7,269.6
104,金門大,建築學系,建築,40.19,311.5
104,金門大,國際暨大陸事務學系,,56.94,370.1
104,金門大,華語文學系,,52.7,395.25
104,金門大,海洋與邊境管理學系,,60.89,471.93
104,金門大,工業工程與管理學系,工業工程,42.78,246.0
104,金門大,都市計畫與景觀學系,,43.39,227.8
104,金門大,社會工作學系,社會工作,44.0,242.0
104,金門大,長期照護學系,,44.1,297.7
104,金門大,護理學系,護理,38.64,231.85
105,金門大,應用英語學系,外文,48.49,266.7
105,金門大,運動與休閒學系,,40.56,212.95
105,金門大,企業管理學系,企業管理,48.99,379.65
105,金門大,電子工程學系,電子工程,32.16,160.8
105,金門大,食品科學系,,40.77,265.0
105,金門大,土木與工程管理學系,土木工程,29.94,202.1
105,金門大,觀光管理學系,,46.83,351.2
105,金門大,資訊工程學系,資訊工程,33.26,266.1
105,金門大,建築學系,建築,38.44,297.9
105,金門大,國際暨大陸事務學系,,52.83,343.4
105,金門大,華語文學系,,48.9,366.75
105,金門大,海洋與邊境管理學系,,57.56,446.1
105,金門大,工業工程與管理學系,工業工程,43.06,247.6
105,金門大,都市計畫與景觀學系,,41.37,217.2
105,金門大,社會工作學系,社會工作,46.49,302.2
105,金門大,長期照護學系,,43.69,294.9
105,金門大,護理學系,護理,40.14,240.85
106,金門大,應用英語學系,外文,48.93,232.4
106,金門大,運動與休閒學系,,39.21,186.25
106,金門大,企業管理學系,企業管理,47.15,365.4
106,金門大,電子工程學系,電子工程,30.12,150.6
106,金門大,食品科學系,,40.65,264.2
106,金門大,土木與工程管理學系,土木工程,29.32,197.88
106,金門大,觀光管理學系,,45.6,342.0
106,金門大,資訊工程學系,資訊工程,36.13,144.5
106,金門大,建築學系,建築,38.18,257.7
106,金門大,國際暨大陸事務學系,,51.97,337.8
106,金門大,華語文學系,,53.91,296.5
106,金門大,海洋與邊境管理學系,,63.88,463.15
106,金門大,工業工程與管理學系,工業工程,40.72,203.6
106,金門大,都市計畫與景觀學系,,41.96,167.85
106,金門大,社會工作學系,社會工作,44.28,287.8
106,金門大,長期照護學系,,53.41,427.3
106,金門大,護理學系,護理,42.53,255.15
107,金門大,應用英語學系,外文,51.31,243.7
107,金門大,運動與休閒學系,,43.45,228.09
107,金門大,企業管理學系,企業管理,51.39,398.3
107,金門大,電子工程學系,電子工程,41.31,289.2
107,金門大,食品科學系,,46.89,281.35
107,金門大,土木與工程管理學系,土木工程,39.12,264.06
107,金門大,觀光管理學系,,47.69,357.7
107,金門大,資訊工程學系,資訊工程,45.6,228.0
107,金門大,建築學系,建築,42.55,287.2
107,金門大,國際暨大陸事務學系,,52.3,261.5
107,金門大,華語文學系,,58.08,319.45
107,金門大,海洋與邊境管理學系,,64.13,448.93
107,金門大,工業工程與管理學系,工業工程,48.37,278.1
107,金門大,都市計畫與景觀學系,,49.28,221.75
107,金門大,社會工作學系,社會工作,49.27,320.25
107,金門大,長期照護學系,,53.7,429.6
107,金門大,護理學系,護理,49.83,224.25
108,金門大,應用英語學系,外文,62.86,314.3
108,金門大,運動與休閒學系,,65.52,327.6
108,金門大,企業管理學系,企業管理,60.46,302.3
108,金門大,電子工程學系,電子工程,54.51,381.6
108,金門大,食品科學系,,65.32,326.6
108,金門大,土木與工程管理學系,土木工程,55.37,276.85
108,金門大,觀光管理學系,,61.51,353.71
108,金門大,資訊工程學系,資訊工程,64.01,256.05
108,金門大,建築學系,建築,59.08,384.0
108,金門大,國際暨大陸事務學系,,67.3,336.5
108,金門大,華語文學系,,64.15,256.6
108,金門大,海洋與邊境管理學系,,72.54,362.7
108,金門大,工業工程與管理學系,工業工程,63.93,255.7
108,金門大,都市計畫與景觀學系,,63.09,283.9
108,金門大,社會工作學系,社會工作,63.6,413.38
108,金門大,長期照護學系,,64.12,320.6
108,金門大,護理學系,護理,55.09,385.6
109,金門大,應用英語學系,外文,52.7,263.5
109,金門大,運動與休閒學系,,60.84,304.2
109,金門大,企業管理學系,企業管理,51.55,244.85
109,金門大,電子工程學系,電子工程,48.25,241.25
109,金門大,食品科學系,,46.88,234.4
109,金門大,土木與工程管理學系,土木工程,40.87,204.35
109,金門大,觀光管理學系,,54.5,286.13
109,金門大,資訊工程學系,資訊工程,50.01,200.05
109,金門大,建築學系,建築,50.41,226.83
109,金門大,國際暨大陸事務學系,,62.36,311.8
109,金門大,華語文學系,,55.41,221.65
109,金門大,海洋與邊境管理學系,,55.96,279.8
109,金門大,工業工程與管理學系,工業工程,50.25,201.0
109,金門大,都市計畫與景觀學系,,56.09,252.4
109,金門大,社會工作學系,社會工作,49.89,224.5
109,金門大,長期照護學系,,56.2,281.0
109,金門大,護理學系,護理,45.08,247.95
110,金門大,應用英語學系,外文,41.24,206.2
110,金門大,運動與休閒學系,,58.22,378.4
110,金門大,企業管理學系,企業管理,50.43,290.0
110,金門大,電子工程學系,電子工程,37.83,189.15
110,金門大,食品科學系,,45.44,227.2
110,金門大,土木與工程管理學系,土木工程,33.74,168.7
110,金門大,觀光管理學系,,48.89,281.09
110,金門大,資訊工程學系,資訊工程,42.71,170.85
110,金門大,建築學系,建築,36.89,156.79
110,金門大,國際暨大陸事務學系,,63.72,318.6
110,金門大,華語文學系,,48.16,228.75
110,金門大,海洋與邊境管理學系,,47.88,239.4
110,金門大,工業工程與管理學系,工業工程,45.73,182.9
110,金門大,都市計畫與景觀學系,,52.4,235.8
110,金門大,社會工作學系,社會工作,43.24,259.45
110,金門大,長期照護學系,,47.02,235.1
110,金門大,護理學系,護理,44.11,220.55
111,金門大,應用英語學系,外文,22.0,110.0
111,金門大,運動與休閒學系,,22.85,148.5
111,金門大,企業管理學系,企業管理,27.44,123.5
111,金門大,電子工程學系,電子工程,16.17,97.0
111,金門大,食品科學系,,20.8,104.0
111,金門大,土木與工程管理學系,土木工程,17.0,76.5
111,金門大,觀光管理學系,,23.13,133.0
111,金門大,資訊工程學系,資訊工程,15.25,61.0
111,金門大,建築學系,建築,31.84,151.25
111,金門大,國際暨大陸事務學系,,28.8,144.0
111,金門大,海洋與邊境管理學系,,32.2,161.0
111,金門大,工業工程與管理學系,工業工程,31.0,124.0
111,金門大,都市計畫與景觀學系,,22.89,103.0
111,金門大,社會工作學系,社會工作,23.44,105.5
111,金門大,長期照護學系,,23.6,118.0
111,金門大,護理學系,護理,21.8,109.0
112,金門大,應用英語學系,外文,18.2,91.0
112,金門大,運動與休閒學系,,24.18,133.0
112,金門大,企業管理學系,企業管理,27.56,124.0
112,金門大,電機工程學系,電機工程,28.8,144.0
112,金門大,食品科學系(A組),,28.0,140.0
112,金門大,食品科學系(B組),,26.4,132.0
112,金門大,土木與工程管理學系,土木工程,25.67,77.0
112,金門大,觀光管理學系,,21.0,99.75
112,金門大,資訊工程學系,資訊工程,29.77,163.75
112,金門大,建築學系,建築,31.63,150.25
112,金門大,國際暨大陸事務學系,,32.0,160.0
112,金門大,華語文學系,,22.25,89.0
112,金門大,海洋與邊境管理學系,,24.2,121.0
112,金門大,工業工程與管理學系(管理科學組),工業工程,23.0,92.0
112,金門大,工業工程與管理學系(電子化應用組),工業工程,28.25,113.0
112,金門大,都市計畫與景觀學系,,26.44,119.0
112,金門大,社會工作學系,社會工作,33.36,183.5
112,金門大,長期照護學系,,24.18,133.0
112,金門大,護理學系,護理,29.56,133.0
113,金門大,應用英語學系,外文,18.6,93.0
113,金門大,運動與休閒學系,,22.0,121.0
113,金門大,企業管理學系,企業管理,17.78,80.0
113,金門大,電機工程學系,電機工程,31.0,155.0
113,金門大,食品科學系(A組),,30.8,154.0
113,金門大,食品科學系(B組),,31.2,156.0
113,金門大,土木與工程管理學系,土木工程,28.8,144.0
113,金門大,觀光管理學系,,19.21,91.25
113,金門大,資訊工程學系,資訊工程,28.4,142.0
113,金門大,建築學系,建築,20.65,118.75
113,金門大,國際暨大陸事務學系,,20.6,103.0
113,金門大,華語文學系,,24.8,124.0
113,金門大,海洋與邊境管理學系,,28.2,141.0
113,金門大,工業工程與管理學系(管理科學組),工業工程,27.75,111.0
113,金門大,工業工程與管理學系(電子化應用組),工業工程,30.25,121.0
113,金門大,都市計畫與景觀學系,,21.0,94.5
113,金門大,社會工作學系,社會工作,22.12,94.0
113,金門大,長期照護學系,,19.22,86.5
113,金門大,護理學系(A組),護理,31.22,140.5
113,金門大,護理學系(B組),護理,23.67,106.5
114,金門大,應用英語學系,外文,23.2,116.0
114,金門大,運動與休閒學系,,21.36,117.5
114,金門大,企業管理學系,企業管理,17.89,80.5
114,金門大,電機工程學系,電機工程,29.8,149.0
114,金門大,食品科學系(A組),,29.2,146.0
114,金門大,食品科學系(B組),,21.5,86.0
114,金門大,土木與工程管理學系,土木工程,27.2,136.0
114,金門大,觀光管理學系,,17.95,85.25
114,金門大,資訊工程學系,資訊工程,28.6,143.0
114,金門大,建築學系,建築,23.17,133.25
114,金門大,國際暨大陸事務學系,,19.6,98.0
114,金門大,華語文學系,,32.25,129.0
114,金門大,海洋與邊境管理學系,,20.6,103.0
114,金門大,工業工程與管理學系(管理科學組),工業工程,19.75,79.0
114,金門大,工業工程與管理學系(智慧製造組),工業工程,17.0,68.0
114,金門大,都市計畫與景觀學系,,24.0,84.0
114,金門大,社會工作學系,社會工作,22.82,97.0
114,金門大,長期照護學系,,22.29,117.0
114,金門大,護理學系(A組),護理,26.22,118.0
114,金門大,護理學系(B組),護理,25.11,113.0
115,金門大,應用英語學系,外文,27.6,138.0
115,金門大,運動與休閒學系,,24.0,132.0
115,金門大,企業管理學系,企業管理,20.78,93.5
115,金門大,電機工程學系,電機工程,28.8,144.0
115,金門大,食品科學系(A組),,20.0,80.0
115,金門大,食品科學系(B組),,25.75,103.0
115,金門大,土木與工程管理學系,土木工程,25.8,129.0
115,金門大,觀光管理學系,,23.0,80.5
115,金門大,資訊工程學系,資訊工程,24.4,122.0
115,金門大,建築學系,建築,22.39,128.75
115,金門大,國際暨大陸事務學系,,23.2,116.0
115,金門大,華語文學系,,20.75,83.0
115,金門大,海洋與邊境管理學系,,20.0,100.0
115,金門大,工業工程與管理學系(管理科學組),工業工程,28.5,114.0
115,金門大,工業工程與管理學系(智慧製造組),工業工程,28.0,112.0
115,金門大,都市計畫與景觀學系,,22.14,77.5
115,金門大,社會工作學系,社會工作,27.11,122.0
115,金門大,長期照護學系,,23.62,124.0
115,金門大,護理學系(A組),護理,20.89,94.0
115,金門大,護理學系(B組),護理,18.67,84.0
